Nro.;Codigo;Turno_ID;Descripcion;Hora_Inicio;Hora_Termino;Descanso1;Descanso2;Total_Horas;Refrigerio;H.Efectivas;Inicio_Refrigerio;Fin_Refrigerio;Avail
1 ;2440 ;2014;De 09:30 a 13:30 ht 4 ;09:30 ;13:30 ;0 ;0 ;04:00 ;0 ;4:00;;;0
2 ;2441 ;C0001;De 10:30 a 16:00 ht 5 ;10:30 ;16:00 ;0 ;0 ;05:30 ;30 ;5:00;;;1
3 ;2442 ;C0002;De 10:30 a 16:00 ht 5.5 ;10:30 ;16:00 ;30 ;0 ;05:30 ;0 ;5:30;;;0
4 ;2443 ;C0003;De 07:30 a 17:30 ht 9 ;07:30 ;17:30 ;0 ;0 ;10:00 ;60 ;9:00;11:30 ;12:30 ;0
5 ;2444 ;C0004;De 07:00 a 10:00 ht 3 ;07:00 ;10:00 ;0 ;0 ;03:00 ;0 ;3:00;;;0
6 ;2445 ;C0005;De 08:45 a 19:00 ht 9.25 ;08:45 ;19:00 ;0 ;0 ;10:15 ;60 ;9:15;;;0
7 ;2450 ;C0006;De 06:00 a 09:00 ht 3 ;06:00 ;09:00 ;0 ;0 ;03:00 ;0 ;3:00;;;0
8 ;2304 ;FID1;De 12:00 a 18:30 ht 6.5 ;12:00 ;18:30 ;0 ;0 ;06:30 ;0 ;6:30;;;0
9 ;2305 ;fide02;De 12:00 a 21:00 ht 9 ;12:00 ;21:00 ;30 ;0 ;09:00 ;0 ;9:00;;;1
10 ;2306 ;fide03;De 11:30 a 17:30 ht 6 ;11:30 ;17:30 ;15 ;0 ;06:00 ;0 ;6:00;;;0
11 ;2307 ;Fide04;De 13:00 a 23:00 ht 10 ;13:00 ;23:00 ;30 ;0 ;10:00 ;0 ;10:00;;;0
12 ;2314 ;Fide05;De 12:00 a 15:00 ht 3 ;12:00 ;15:00 ;0 ;0 ;03:00 ;0 ;3:00;;;0
13 ;2318 ;Fide06;De 10:00 a 13:00 ht 3 ;10:00 ;13:00 ;0 ;0 ;03:00 ;0 ;3:00;;;0
14 ;2320 ;Fide07;De 15:30 a 23:00 ht 7.5 ;15:30 ;23:00 ;30 ;0 ;07:30 ;0 ;7:30;;;1
15 ;2338 ;Fide08;De 08:00 a 17:30 ht 9.5 ;08:00 ;17:30 ;30 ;0 ;09:30 ;0 ;9:30;;;1
16 ;2340 ;Fide09;De 11:30 a 20:30 ht 8 ;11:30 ;20:30 ;30 ;0 ;09:00 ;60 ;8:00;03:00 ;04:00 ;1
17 ;2359 ;Fide10_1;De 13:30 a 19:30 ht 6 ;13:30 ;19:30 ;15 ;0 ;06:00 ;0 ;6:00;;;0
18 ;2365 ;Fide10_2;De 09:30 a 12:30 ht 3 ;09:30 ;12:30 ;0 ;0 ;03:00 ;0 ;3:00;;;0
19 ;2366 ;fide11;De 07:00 a 17:30 ht 10.5 ;07:00 ;17:30 ;0 ;0 ;10:30 ;0 ;10:30;;;0
20 ;2500 ;GENERIC_WF;De 08:00 a 17:00 ht 9 ;08:00 ;17:00 ;15 ;15 ;09:00 ;60 ;8:00;12:00 ;13:00 ;1
21 ;4540 ;IMPORT4540;De 01:30 a 09:30 R0 ;01:30 ;09:30 ;30 ;0 ;08:00 ;0 ;8:00;;;1
22 ;4541 ;IMPORT4541;De 02:30 a 10:30 R0 ;02:30 ;10:30 ;30 ;0 ;08:00 ;0 ;8:00;;;1
23 ;4542 ;IMPORT4542;De 03:30 a 11:30 R0 ;03:30 ;11:30 ;30 ;0 ;08:00 ;0 ;8:00;;;1
24 ;4543 ;IMPORT4543;De 17:30 a 01:30 R0 ;17:30 ;01:30 ;30 ;0 ;08:00 ;0 ;8:00;;;1
25 ;4544 ;IMPORT4544;De 21:30 a 05:30 R0 ;21:30 ;05:30 ;30 ;0 ;08:00 ;0 ;8:00;;;1
26 ;4545 ;IMPORT4545;De 23:30 a 07:30 R0 ;23:30 ;07:30 ;30 ;0 ;08:00 ;0 ;8:00;;;1
27 ;4546 ;IMPORT4546;De 07:00 a 15:30 R0 ;07:00 ;15:30 ;15 ;15 ;08:30 ;0 ;8:30;;;1
28 ;4547 ;IMPORT4547;De 07:00 a 16:00 R60 ;07:00 ;16:00 ;15 ;15 ;09:00 ;60 ;8:00;11:30 ;12:30 ;1
29 ;4548 ;IMPORT4548;De 07:00 a 16:00 R60 ;07:00 ;16:00 ;15 ;15 ;09:00 ;60 ;8:00;12:15 ;13:15 ;1
30 ;4549 ;IMPORT4549;De 07:00 a 16:30 R60 ;07:00 ;16:30 ;15 ;15 ;09:30 ;60 ;8:30;10:45 ;11:45 ;1
31 ;4550 ;IMPORT4550;De 07:00 a 16:30 R60 ;07:00 ;16:30 ;15 ;15 ;09:30 ;60 ;8:30;11:30 ;12:30 ;1
32 ;4551 ;IMPORT4551;De 07:00 a 16:30 R60 ;07:00 ;16:30 ;15 ;15 ;09:30 ;60 ;8:30;11:45 ;12:45 ;1
33 ;4552 ;IMPORT4552;De 07:30 a 16:00 R0 ;07:30 ;16:00 ;15 ;15 ;08:30 ;0 ;8:30;;;1
34 ;4553 ;IMPORT4553;De 08:00 a 17:00 R60 ;08:00 ;17:00 ;15 ;15 ;09:00 ;60 ;8:00;12:05 ;13:05 ;1
35 ;4554 ;IMPORT4554;De 08:00 a 17:00 R60 ;08:00 ;17:00 ;15 ;15 ;09:00 ;60 ;8:00;12:30 ;13:30 ;1
36 ;4555 ;IMPORT4555;De 08:00 a 17:00 R60 ;08:00 ;17:00 ;15 ;15 ;09:00 ;60 ;8:00;13:00 ;14:00 ;1
37 ;4556 ;IMPORT4556;De 08:00 a 19:00 R60 ;08:00 ;19:00 ;15 ;15 ;11:00 ;60 ;10:00;13:05 ;14:05 ;0
38 ;4557 ;IMPORT4557;De 08:00 a 19:00 R60 ;08:00 ;19:00 ;15 ;15 ;11:00 ;60 ;10:00;13:55 ;14:55 ;0
39 ;4558 ;IMPORT4558;De 08:30 a 17:30 R60 ;08:30 ;17:30 ;15 ;15 ;09:00 ;60 ;8:00;13:30 ;14:30 ;1
40 ;4559 ;IMPORT4559;De 08:30 a 18:00 R60 ;08:30 ;18:00 ;15 ;15 ;09:30 ;60 ;8:30;11:30 ;12:30 ;1
41 ;4560 ;IMPORT4560;De 08:30 a 18:00 R60 ;08:30 ;18:00 ;15 ;15 ;09:30 ;60 ;8:30;12:45 ;13:45 ;1
42 ;4561 ;IMPORT4561;De 08:30 a 19:30 R60 ;08:30 ;19:30 ;15 ;15 ;11:00 ;60 ;10:00;14:00 ;15:00 ;0
43 ;4562 ;IMPORT4562;De 08:30 a 19:30 R60 ;08:30 ;19:30 ;15 ;15 ;11:00 ;60 ;10:00;14:05 ;15:05 ;0
44 ;4563 ;IMPORT4563;De 08:30 a 19:30 R60 ;08:30 ;19:30 ;15 ;15 ;11:00 ;60 ;10:00;15:30 ;16:30 ;0
45 ;4564 ;IMPORT4564;De 09:00 a 18:30 R60 ;09:00 ;18:30 ;15 ;15 ;09:30 ;60 ;8:30;12:00 ;13:00 ;1
46 ;4565 ;IMPORT4565;De 09:00 a 18:30 R60 ;09:00 ;18:30 ;15 ;15 ;09:30 ;60 ;8:30;12:25 ;13:25 ;1
47 ;4566 ;IMPORT4566;De 09:00 a 18:30 R60 ;09:00 ;18:30 ;15 ;15 ;09:30 ;60 ;8:30;13:30 ;14:30 ;1
48 ;4567 ;IMPORT4567;De 09:00 a 20:00 R60 ;09:00 ;20:00 ;15 ;15 ;11:00 ;60 ;10:00;14:00 ;15:00 ;0
49 ;4568 ;IMPORT4568;De 09:00 a 20:00 R60 ;09:00 ;20:00 ;15 ;15 ;11:00 ;60 ;10:00;14:25 ;15:25 ;0
50 ;4569 ;IMPORT4569;De 09:00 a 20:00 R60 ;09:00 ;20:00 ;15 ;15 ;11:00 ;60 ;10:00;14:30 ;15:30 ;0
51 ;4570 ;IMPORT4570;De 09:00 a 20:00 R60 ;09:00 ;20:00 ;15 ;15 ;11:00 ;60 ;10:00;15:00 ;16:00 ;0
52 ;4571 ;IMPORT4571;De 09:30 a 18:30 R60 ;09:30 ;18:30 ;15 ;15 ;09:00 ;60 ;8:00;15:00 ;16:00 ;1
53 ;4572 ;IMPORT4572;De 09:30 a 19:00 R60 ;09:30 ;19:00 ;15 ;15 ;09:30 ;60 ;8:30;12:30 ;13:30 ;1
54 ;4573 ;IMPORT4573;De 09:30 a 19:00 R60 ;09:30 ;19:00 ;15 ;15 ;09:30 ;60 ;8:30;13:00 ;14:00 ;1
55 ;4574 ;IMPORT4574;De 09:30 a 19:00 R60 ;09:30 ;19:00 ;15 ;15 ;09:30 ;60 ;8:30;13:25 ;14:25 ;1
56 ;4575 ;IMPORT4575;De 09:30 a 19:00 R60 ;09:30 ;19:00 ;15 ;15 ;09:30 ;60 ;8:30;13:30 ;14:30 ;1
57 ;4576 ;IMPORT4576;De 10:00 a 21:00 R60 ;10:00 ;21:00 ;15 ;15 ;11:00 ;60 ;10:00;15:00 ;16:00 ;0
58 ;4577 ;IMPORT4577;De 10:00 a 21:00 R60 ;10:00 ;21:00 ;15 ;15 ;11:00 ;60 ;10:00;16:00 ;17:00 ;0
59 ;4578 ;IMPORT4578;De 10:00 a 21:00 R60 ;10:00 ;21:00 ;15 ;15 ;11:00 ;60 ;10:00;17:15 ;18:15 ;0
60 ;4579 ;IMPORT4579;De 10:30 a 19:30 R60 ;10:30 ;19:30 ;15 ;15 ;09:00 ;60 ;8:00;15:00 ;16:00 ;1
61 ;4580 ;IMPORT4580;De 11:00 a 20:00 R60 ;11:00 ;20:00 ;15 ;15 ;09:00 ;60 ;8:00;15:00 ;16:00 ;1
62 ;4581 ;IMPORT4581;De 11:00 a 20:00 R60 ;11:00 ;20:00 ;15 ;15 ;09:00 ;60 ;8:00;15:30 ;16:30 ;1
63 ;4582 ;IMPORT4582;De 08:00 a 19:00 R60 ;08:00 ;19:00 ;15 ;15 ;11:00 ;60 ;10:00;13:00 ;14:00 ;0
64 ;4583 ;IMPORT4583;De 09:00 a 18:00 R60 ;09:00 ;18:00 ;15 ;15 ;09:00 ;60 ;8:00;13:20 ;14:20 ;1
65 ;4584 ;IMPORT4584;De 10:00 a 21:00 R60 ;10:00 ;21:00 ;15 ;15 ;11:00 ;60 ;10:00;15:05 ;16:05 ;0
66 ;4585 ;IMPORT4585;De 10:00 a 21:00 R60 ;10:00 ;21:00 ;15 ;15 ;11:00 ;60 ;10:00;16:40 ;17:40 ;0
67 ;4586 ;IMPORT4586;De 11:00 a 20:00 R60 ;11:00 ;20:00 ;15 ;15 ;09:00 ;60 ;8:00;15:10 ;16:10 ;1
68 ;4587 ;IMPORT4587;De 07:30 a 16:30 R60 ;07:30 ;16:30 ;30 ;0 ;09:00 ;60 ;8:00;13:00 ;14:00 ;1
69 ;4588 ;IMPORT4588;De 08:30 a 17:30 R60 ;08:30 ;17:30 ;30 ;0 ;09:00 ;60 ;8:00;14:00 ;15:00 ;1
70 ;4589 ;IMPORT4589;De 09:00 a 18:00 R60 ;09:00 ;18:00 ;30 ;0 ;09:00 ;60 ;8:00;14:30 ;15:30 ;1
71 ;4590 ;IMPORT4590;De 06:00 a 15:00 R60 ;06:00 ;15:00 ;30 ;0 ;09:00 ;60 ;8:00;11:30 ;12:30 ;1
72 ;4591 ;IMPORT4591;De 07:00 a 16:00 R60 ;07:00 ;16:00 ;15 ;15 ;09:00 ;60 ;8:00;11:15 ;12:15 ;1
73 ;4592 ;IMPORT4592;De 07:00 a 16:00 R60 ;07:00 ;16:00 ;15 ;15 ;09:00 ;60 ;8:00;12:25 ;13:25 ;1
74 ;4593 ;IMPORT4593;De 07:00 a 16:00 R60 ;07:00 ;16:00 ;15 ;15 ;09:00 ;60 ;8:00;12:30 ;13:30 ;1
75 ;4594 ;IMPORT4594;De 07:00 a 16:30 R60 ;07:00 ;16:30 ;15 ;15 ;09:30 ;60 ;8:30;10:00 ;11:00 ;1
76 ;4595 ;IMPORT4595;De 07:00 a 16:30 R60 ;07:00 ;16:30 ;15 ;15 ;09:30 ;60 ;8:30;11:15 ;12:15 ;1
77 ;4596 ;IMPORT4596;De 07:30 a 16:30 R60 ;07:30 ;16:30 ;30 ;0 ;09:00 ;60 ;8:00;14:00 ;15:00 ;1
78 ;4597 ;IMPORT4597;De 08:00 a 17:00 R60 ;08:00 ;17:00 ;15 ;15 ;09:00 ;60 ;8:00;12:45 ;13:45 ;1
79 ;4598 ;IMPORT4598;De 08:00 a 17:00 R60 ;08:00 ;17:00 ;30 ;0 ;09:00 ;60 ;8:00;14:00 ;15:00 ;1
80 ;4599 ;IMPORT4599;De 08:30 a 17:30 R60 ;08:30 ;17:30 ;15 ;15 ;09:00 ;60 ;8:00;13:00 ;14:00 ;1
81 ;4600 ;IMPORT4600;De 08:30 a 18:00 R60 ;08:30 ;18:00 ;15 ;15 ;09:30 ;60 ;8:30;11:40 ;12:40 ;1
82 ;4601 ;IMPORT4601;De 08:30 a 18:00 R60 ;08:30 ;18:00 ;15 ;15 ;09:30 ;60 ;8:30;11:45 ;12:45 ;1
83 ;4602 ;IMPORT4602;De 08:30 a 18:00 R60 ;08:30 ;18:00 ;15 ;15 ;09:30 ;60 ;8:30;13:30 ;14:30 ;1
84 ;4603 ;IMPORT4603;De 09:00 a 20:00 R60 ;09:00 ;20:00 ;15 ;15 ;11:00 ;60 ;10:00;14:05 ;15:05 ;0
85 ;4604 ;IMPORT4604;De 09:00 a 20:00 R60 ;09:00 ;20:00 ;15 ;15 ;11:00 ;60 ;10:00;14:45 ;15:45 ;0
86 ;4605 ;IMPORT4605;De 09:00 a 20:00 R60 ;09:00 ;20:00 ;15 ;15 ;11:00 ;60 ;10:00;16:00 ;17:00 ;0
87 ;4606 ;IMPORT4606;De 09:30 a 18:30 R60 ;09:30 ;18:30 ;30 ;0 ;09:00 ;60 ;8:00;14:00 ;15:00 ;1
88 ;4607 ;IMPORT4607;De 09:30 a 19:00 R60 ;09:30 ;19:00 ;15 ;15 ;09:30 ;60 ;8:30;15:45 ;16:45 ;1
89 ;4608 ;IMPORT4608;De 10:00 a 19:00 R60 ;10:00 ;19:00 ;15 ;15 ;09:00 ;60 ;8:00;15:00 ;16:00 ;1
90 ;4609 ;IMPORT4609;De 10:00 a 19:00 R60 ;10:00 ;19:00 ;15 ;15 ;09:00 ;60 ;8:00;15:30 ;16:30 ;1
91 ;4610 ;IMPORT4610;De 10:00 a 19:00 R60 ;10:00 ;19:00 ;30 ;0 ;09:00 ;60 ;8:00;12:00 ;13:00 ;1
92 ;4611 ;IMPORT4611;De 10:00 a 19:00 R60 ;10:00 ;19:00 ;30 ;0 ;09:00 ;60 ;8:00;14:30 ;15:30 ;1
93 ;4612 ;IMPORT4612;De 10:00 a 21:00 R60 ;10:00 ;21:00 ;15 ;15 ;11:00 ;60 ;10:00;15:30 ;16:30 ;0
94 ;4613 ;IMPORT4613;De 10:00 a 21:00 R60 ;10:00 ;21:00 ;15 ;15 ;11:00 ;60 ;10:00;16:15 ;17:15 ;0
95 ;4614 ;IMPORT4614;De 10:00 a 21:00 R60 ;10:00 ;21:00 ;15 ;15 ;11:00 ;60 ;10:00;17:30 ;18:30 ;0
96 ;4615 ;IMPORT4615;De 11:00 a 20:00 R60 ;11:00 ;20:00 ;15 ;15 ;09:00 ;60 ;8:00;15:15 ;16:15 ;1
97 ;4616 ;IMPORT4616;De 11:00 a 20:00 R60 ;11:00 ;20:00 ;15 ;15 ;09:00 ;60 ;8:00;16:00 ;17:00 ;1
98 ;4617 ;IMPORT4617;De 11:00 a 20:00 R60 ;11:00 ;20:00 ;30 ;0 ;09:00 ;60 ;8:00;14:00 ;15:00 ;1
99 ;4618 ;IMPORT4618;De 12:00 a 21:00 R60 ;12:00 ;21:00 ;30 ;0 ;09:00 ;60 ;8:00;14:30 ;15:30 ;1
100 ;4619 ;IMPORT4619;De 06:00 a 15:00 R60 ;06:00 ;15:00 ;30 ;0 ;09:00 ;60 ;8:00;11:00 ;12:00 ;1
101 ;4620 ;IMPORT4620;De 06:00 a 15:00 R60 ;06:00 ;15:00 ;30 ;0 ;09:00 ;60 ;8:00;12:00 ;13:00 ;1
102 ;4621 ;IMPORT4621;De 07:00 a 16:00 R60 ;07:00 ;16:00 ;30 ;0 ;09:00 ;60 ;8:00;12:00 ;13:00 ;1
103 ;4622 ;IMPORT4622;De 07:30 a 16:30 R60 ;07:30 ;16:30 ;30 ;0 ;09:00 ;60 ;8:00;13:15 ;14:15 ;1
104 ;4623 ;IMPORT4623;De 08:00 a 17:00 R60 ;08:00 ;17:00 ;30 ;0 ;09:00 ;60 ;8:00;11:00 ;12:00 ;1
105 ;4624 ;IMPORT4624;De 08:00 a 17:00 R60 ;08:00 ;17:00 ;30 ;0 ;09:00 ;60 ;8:00;11:30 ;12:30 ;1
106 ;4625 ;IMPORT4625;De 08:00 a 17:00 R60 ;08:00 ;17:00 ;30 ;0 ;09:00 ;60 ;8:00;13:30 ;14:30 ;1
107 ;4626 ;IMPORT4626;De 08:00 a 17:00 R60 ;08:00 ;17:00 ;30 ;0 ;09:00 ;60 ;8:00;14:30 ;15:30 ;1
108 ;4627 ;IMPORT4627;De 09:00 a 18:00 R60 ;09:00 ;18:00 ;30 ;0 ;09:00 ;60 ;8:00;12:30 ;13:30 ;1
109 ;4628 ;IMPORT4628;De 09:00 a 18:00 R60 ;09:00 ;18:00 ;30 ;0 ;09:00 ;60 ;8:00;13:00 ;14:00 ;1
110 ;4629 ;IMPORT4629;De 09:00 a 18:00 R60 ;09:00 ;18:00 ;30 ;0 ;09:00 ;60 ;8:00;15:30 ;16:30 ;1
111 ;4630 ;IMPORT4630;De 10:00 a 19:00 R60 ;10:00 ;19:00 ;30 ;0 ;09:00 ;60 ;8:00;12:30 ;13:30 ;1
112 ;4631 ;IMPORT4631;De 10:00 a 19:00 R60 ;10:00 ;19:00 ;30 ;0 ;09:00 ;60 ;8:00;13:00 ;14:00 ;1
113 ;4632 ;IMPORT4632;De 10:00 a 19:00 R60 ;10:00 ;19:00 ;30 ;0 ;09:00 ;60 ;8:00;14:00 ;15:00 ;1
114 ;4633 ;IMPORT4633;De 10:00 a 19:00 R60 ;10:00 ;19:00 ;30 ;0 ;09:00 ;60 ;8:00;16:00 ;17:00 ;1
115 ;4634 ;IMPORT4634;De 10:30 a 19:30 R60 ;10:30 ;19:30 ;30 ;0 ;09:00 ;60 ;8:00;13:30 ;14:30 ;1
116 ;4635 ;IMPORT4635;De 11:00 a 20:00 R60 ;11:00 ;20:00 ;30 ;0 ;09:00 ;60 ;8:00;14:30 ;15:30 ;1
117 ;4636 ;IMPORT4636;De 11:00 a 20:00 R60 ;11:00 ;20:00 ;30 ;0 ;09:00 ;60 ;8:00;16:30 ;17:30 ;1
118 ;4637 ;IMPORT4637;De 11:30 a 20:30 R60 ;11:30 ;20:30 ;30 ;0 ;09:00 ;60 ;8:00;14:30 ;15:30 ;1
119 ;4638 ;IMPORT4638;De 11:30 a 20:30 R60 ;11:30 ;20:30 ;30 ;0 ;09:00 ;60 ;8:00;15:30 ;16:30 ;1
120 ;4639 ;IMPORT4639;De 12:00 a 21:00 R60 ;12:00 ;21:00 ;30 ;0 ;09:00 ;60 ;8:00;14:00 ;15:00 ;1
121 ;4640 ;IMPORT4640;De 12:00 a 21:00 R60 ;12:00 ;21:00 ;30 ;0 ;09:00 ;60 ;8:00;14:45 ;15:45 ;1
122 ;4641 ;IMPORT4641;De 12:00 a 21:00 R60 ;12:00 ;21:00 ;30 ;0 ;09:00 ;60 ;8:00;15:00 ;16:00 ;1
123 ;4642 ;IMPORT4642;De 12:00 a 21:00 R60 ;12:00 ;21:00 ;30 ;0 ;09:00 ;60 ;8:00;16:00 ;17:00 ;1
124 ;4643 ;IMPORT4643;De 12:00 a 21:00 R60 ;12:00 ;21:00 ;30 ;0 ;09:00 ;60 ;8:00;18:00 ;19:00 ;1
125 ;4644 ;IMPORT4644;De 15:00 a 00:00 R60 ;15:00 ;00:00 ;30 ;0 ;09:00 ;60 ;8:00;17:15 ;18:15 ;1
126 ;4645 ;IMPORT4645;De 15:00 a 00:00 R60 ;15:00 ;00:00 ;30 ;0 ;09:00 ;60 ;8:00;18:30 ;19:30 ;1
127 ;4646 ;IMPORT4646;De 06:00 a 15:00 R60 ;06:00 ;15:00 ;30 ;0 ;09:00 ;60 ;8:00;12:30 ;13:30 ;1
128 ;4647 ;IMPORT4647;De 07:00 a 16:00 R60 ;07:00 ;16:00 ;30 ;0 ;09:00 ;60 ;8:00;13:30 ;14:30 ;1
129 ;4648 ;IMPORT4648;De 07:30 a 16:30 R60 ;07:30 ;16:30 ;30 ;0 ;09:00 ;60 ;8:00;12:00 ;13:00 ;1
130 ;4649 ;IMPORT4649;De 08:00 a 17:00 R60 ;08:00 ;17:00 ;30 ;0 ;09:00 ;60 ;8:00;13:45 ;14:45 ;1
131 ;4650 ;IMPORT4650;De 08:00 a 17:00 R60 ;08:00 ;17:00 ;30 ;0 ;09:00 ;60 ;8:00;14:15 ;15:15 ;1
132 ;4651 ;IMPORT4651;De 09:00 a 18:00 R60 ;09:00 ;18:00 ;30 ;0 ;09:00 ;60 ;8:00;14:00 ;15:00 ;1
133 ;4652 ;IMPORT4652;De 09:00 a 18:00 R60 ;09:00 ;18:00 ;30 ;0 ;09:00 ;60 ;8:00;15:00 ;16:00 ;1
134 ;4653 ;IMPORT4653;De 10:00 a 19:00 R60 ;10:00 ;19:00 ;30 ;0 ;09:00 ;60 ;8:00;13:15 ;14:15 ;1
135 ;4654 ;IMPORT4654;De 10:00 a 19:00 R60 ;10:00 ;19:00 ;30 ;0 ;09:00 ;60 ;8:00;13:30 ;14:30 ;1
136 ;4655 ;IMPORT4655;De 10:00 a 19:00 R60 ;10:00 ;19:00 ;30 ;0 ;09:00 ;60 ;8:00;16:30 ;17:30 ;1
137 ;4656 ;IMPORT4656;De 10:30 a 19:30 R60 ;10:30 ;19:30 ;30 ;0 ;09:00 ;60 ;8:00;14:00 ;15:00 ;1
138 ;4657 ;IMPORT4657;De 10:30 a 19:30 R60 ;10:30 ;19:30 ;30 ;0 ;09:00 ;60 ;8:00;14:30 ;15:30 ;1
139 ;4658 ;IMPORT4658;De 10:30 a 19:30 R60 ;10:30 ;19:30 ;30 ;0 ;09:00 ;60 ;8:00;16:30 ;17:30 ;1
140 ;4659 ;IMPORT4659;De 12:30 a 21:30 R60 ;12:30 ;21:30 ;30 ;0 ;09:00 ;60 ;8:00;15:30 ;16:30 ;1
141 ;4660 ;IMPORT4660;De 13:00 a 22:00 R60 ;13:00 ;22:00 ;30 ;0 ;09:00 ;60 ;8:00;16:00 ;17:00 ;1
142 ;4661 ;IMPORT4661;De 13:00 a 22:00 R60 ;13:00 ;22:00 ;30 ;0 ;09:00 ;60 ;8:00;17:30 ;18:30 ;1
143 ;4662 ;IMPORT4662;De 07:00 a 16:00 R60 ;07:00 ;16:00 ;15 ;15 ;09:00 ;60 ;8:00;11:45 ;12:45 ;1
144 ;4663 ;IMPORT4663;De 07:00 a 16:30 R60 ;07:00 ;16:30 ;15 ;15 ;09:30 ;60 ;8:30;13:00 ;14:00 ;1
145 ;4664 ;IMPORT4664;De 07:30 a 16:30 R60 ;07:30 ;16:30 ;15 ;15 ;09:00 ;60 ;8:00;12:30 ;13:30 ;1
146 ;4665 ;IMPORT4665;De 08:00 a 19:00 R60 ;08:00 ;19:00 ;15 ;15 ;11:00 ;60 ;10:00;13:30 ;14:30 ;0
147 ;4666 ;IMPORT4666;De 08:30 a 17:00 R0 ;08:30 ;17:00 ;15 ;15 ;08:30 ;0 ;8:30;;;1
148 ;4667 ;IMPORT4667;De 08:30 a 18:00 R60 ;08:30 ;18:00 ;15 ;15 ;09:30 ;60 ;8:30;11:55 ;12:55 ;1
149 ;4668 ;IMPORT4668;De 08:30 a 18:00 R60 ;08:30 ;18:00 ;15 ;15 ;09:30 ;60 ;8:30;12:15 ;13:15 ;1
150 ;4669 ;IMPORT4669;De 08:30 a 18:00 R60 ;08:30 ;18:00 ;15 ;15 ;09:30 ;60 ;8:30;13:00 ;14:00 ;1
151 ;4670 ;IMPORT4670;De 09:00 a 18:00 R60 ;09:00 ;18:00 ;15 ;15 ;09:00 ;60 ;8:00;13:15 ;14:15 ;1
152 ;4671 ;IMPORT4671;De 09:00 a 18:00 R60 ;09:00 ;18:00 ;30 ;0 ;09:00 ;60 ;8:00;13:30 ;14:30 ;1
153 ;4672 ;IMPORT4672;De 09:00 a 20:00 R60 ;09:00 ;20:00 ;15 ;15 ;11:00 ;60 ;10:00;14:15 ;15:15 ;0
154 ;4673 ;IMPORT4673;De 09:30 a 18:30 R60 ;09:30 ;18:30 ;30 ;0 ;09:00 ;60 ;8:00;15:30 ;16:30 ;1
155 ;4674 ;IMPORT4674;De 09:30 a 19:00 R60 ;09:30 ;19:00 ;15 ;15 ;09:30 ;60 ;8:30;12:45 ;13:45 ;1
156 ;4675 ;IMPORT4675;De 10:00 a 19:00 R60 ;10:00 ;19:00 ;15 ;15 ;09:00 ;60 ;8:00;14:45 ;15:45 ;1
157 ;4676 ;IMPORT4676;De 10:00 a 19:00 R60 ;10:00 ;19:00 ;15 ;15 ;09:00 ;60 ;8:00;15:10 ;16:10 ;1
158 ;4677 ;IMPORT4677;De 10:00 a 21:00 R60 ;10:00 ;21:00 ;15 ;15 ;11:00 ;60 ;10:00;15:25 ;16:25 ;0
159 ;4678 ;IMPORT4678;De 10:00 a 21:00 R60 ;10:00 ;21:00 ;15 ;15 ;11:00 ;60 ;10:00;16:10 ;17:10 ;0
160 ;4679 ;IMPORT4679;De 10:30 a 19:30 R60 ;10:30 ;19:30 ;15 ;15 ;09:00 ;60 ;8:00;16:00 ;17:00 ;1
161 ;4680 ;IMPORT4680;De 10:30 a 19:30 R60 ;10:30 ;19:30 ;30 ;0 ;09:00 ;60 ;8:00;15:30 ;16:30 ;1
162 ;4681 ;IMPORT4681;De 07:30 a 16:30 R60 ;07:30 ;16:30 ;30 ;0 ;09:00 ;60 ;8:00;13:30 ;14:30 ;1
163 ;4682 ;IMPORT4682;De 09:30 a 18:30 R60 ;09:30 ;18:30 ;30 ;0 ;09:00 ;60 ;8:00;13:00 ;14:00 ;1
164 ;4683 ;IMPORT4683;De 09:30 a 18:30 R60 ;09:30 ;18:30 ;30 ;0 ;09:00 ;60 ;8:00;14:30 ;15:30 ;1
165 ;4684 ;IMPORT4684;De 10:30 a 19:30 R60 ;10:30 ;19:30 ;30 ;0 ;09:00 ;60 ;8:00;13:00 ;14:00 ;1
166 ;4685 ;IMPORT4685;De 11:00 a 20:00 R60 ;11:00 ;20:00 ;30 ;0 ;09:00 ;60 ;8:00;13:30 ;14:30 ;1
167 ;4686 ;IMPORT4686;De 11:30 a 20:30 R60 ;11:30 ;20:30 ;30 ;0 ;09:00 ;60 ;8:00;16:00 ;17:00 ;1
168 ;4687 ;IMPORT4687;De 07:00 a 16:00 R60 ;07:00 ;16:00 ;15 ;15 ;09:00 ;60 ;8:00;11:05 ;12:05 ;1
169 ;4688 ;IMPORT4688;De 07:00 a 16:30 R60 ;07:00 ;16:30 ;15 ;15 ;09:30 ;60 ;8:30;10:15 ;11:15 ;1
170 ;4689 ;IMPORT4689;De 07:30 a 17:00 R60 ;07:30 ;17:00 ;15 ;15 ;09:30 ;60 ;8:30;10:45 ;11:45 ;1
171 ;4690 ;IMPORT4690;De 07:30 a 17:00 R60 ;07:30 ;17:00 ;15 ;15 ;09:30 ;60 ;8:30;13:00 ;14:00 ;1
172 ;4691 ;IMPORT4691;De 08:00 a 17:30 R60 ;08:00 ;17:30 ;15 ;15 ;09:30 ;60 ;8:30;11:00 ;12:00 ;1
173 ;4692 ;IMPORT4692;De 08:00 a 17:30 R60 ;08:00 ;17:30 ;15 ;15 ;09:30 ;60 ;8:30;13:15 ;14:15 ;1
174 ;4693 ;IMPORT4693;De 08:00 a 18:30 R60 ;08:00 ;18:30 ;15 ;15 ;10:30 ;60 ;9:30;11:00 ;12:00 ;0
175 ;4694 ;IMPORT4694;De 08:00 a 18:30 R60 ;08:00 ;18:30 ;15 ;15 ;10:30 ;60 ;9:30;11:45 ;12:45 ;0
176 ;4695 ;IMPORT4695;De 08:00 a 19:00 R60 ;08:00 ;19:00 ;15 ;15 ;11:00 ;60 ;10:00;14:15 ;15:15 ;0
177 ;4696 ;IMPORT4696;De 08:00 a 19:00 R60 ;08:00 ;19:00 ;15 ;15 ;11:00 ;60 ;10:00;14:30 ;15:30 ;0
178 ;4697 ;IMPORT4697;De 08:30 a 18:00 R60 ;08:30 ;18:00 ;15 ;15 ;09:30 ;60 ;8:30;12:00 ;13:00 ;1
179 ;4698 ;IMPORT4698;De 08:30 a 19:00 R60 ;08:30 ;19:00 ;15 ;15 ;10:30 ;60 ;9:30;11:30 ;12:30 ;0
180 ;4699 ;IMPORT4699;De 08:30 a 19:00 R60 ;08:30 ;19:00 ;15 ;15 ;10:30 ;60 ;9:30;12:00 ;13:00 ;0
181 ;4700 ;IMPORT4700;De 08:30 a 19:00 R60 ;08:30 ;19:00 ;15 ;15 ;10:30 ;60 ;9:30;12:05 ;13:05 ;0
182 ;4701 ;IMPORT4701;De 08:30 a 19:00 R60 ;08:30 ;19:00 ;15 ;15 ;10:30 ;60 ;9:30;14:00 ;15:00 ;0
183 ;4702 ;IMPORT4702;De 09:00 a 20:00 R60 ;09:00 ;20:00 ;15 ;15 ;11:00 ;60 ;10:00;16:30 ;17:30 ;0
184 ;4703 ;IMPORT4703;De 12:30 a 21:00 R0 ;12:30 ;21:00 ;15 ;15 ;08:30 ;0 ;8:30;;;1
185 ;4704 ;IMPORT4704;De 13:30 a 22:00 R0 ;13:30 ;22:00 ;15 ;15 ;08:30 ;0 ;8:30;;;1
186 ;4705 ;IMPORT4705;De 07:00 a 18:00 R60 ;07:00 ;18:00 ;15 ;15 ;11:00 ;60 ;10:00;12:15 ;13:15 ;0
187 ;4706 ;IMPORT4706;De 07:00 a 18:00 R60 ;07:00 ;18:00 ;15 ;15 ;11:00 ;60 ;10:00;12:30 ;13:30 ;0
188 ;4707 ;IMPORT4707;De 07:00 a 18:00 R60 ;07:00 ;18:00 ;15 ;15 ;11:00 ;60 ;10:00;13:00 ;14:00 ;0
189 ;4708 ;IMPORT4708;De 07:30 a 16:30 R60 ;07:30 ;16:30 ;15 ;15 ;09:00 ;60 ;8:00;11:45 ;12:45 ;1
190 ;4709 ;IMPORT4709;De 08:00 a 17:00 R60 ;08:00 ;17:00 ;15 ;15 ;09:00 ;60 ;8:00;12:40 ;13:40 ;1
191 ;4710 ;IMPORT4710;De 08:00 a 17:30 R60 ;08:00 ;17:30 ;15 ;15 ;09:30 ;60 ;8:30;11:15 ;12:15 ;1
192 ;4711 ;IMPORT4711;De 08:00 a 19:00 R60 ;08:00 ;19:00 ;15 ;15 ;11:00 ;60 ;10:00;13:15 ;14:15 ;0
193 ;4712 ;IMPORT4712;De 08:00 a 19:00 R60 ;08:00 ;19:00 ;15 ;15 ;11:00 ;60 ;10:00;15:00 ;16:00 ;0
194 ;4713 ;IMPORT4713;De 08:30 a 18:00 R60 ;08:30 ;18:00 ;15 ;15 ;09:30 ;60 ;8:30;14:00 ;15:00 ;1
195 ;4714 ;IMPORT4714;De 08:30 a 19:00 R60 ;08:30 ;19:00 ;15 ;15 ;10:30 ;60 ;9:30;11:45 ;12:45 ;0
196 ;4715 ;IMPORT4715;De 08:30 a 19:30 R60 ;08:30 ;19:30 ;15 ;15 ;11:00 ;60 ;10:00;13:45 ;14:45 ;0
197 ;4716 ;IMPORT4716;De 09:00 a 18:30 R60 ;09:00 ;18:30 ;15 ;15 ;09:30 ;60 ;8:30;12:15 ;13:15 ;1
198 ;4717 ;IMPORT4717;De 09:00 a 18:30 R60 ;09:00 ;18:30 ;15 ;15 ;09:30 ;60 ;8:30;13:00 ;14:00 ;1
199 ;4718 ;IMPORT4718;De 10:00 a 21:00 R60 ;10:00 ;21:00 ;15 ;15 ;11:00 ;60 ;10:00;15:45 ;16:45 ;0
200 ;4719 ;IMPORT4719;De 11:00 a 20:00 R60 ;11:00 ;20:00 ;15 ;15 ;09:00 ;60 ;8:00;16:15 ;17:15 ;1
201 ;4720 ;IMPORT4720;De 06:30 a 15:00 R0 ;06:30 ;15:00 ;15 ;15 ;08:30 ;0 ;8:30;;;1
202 ;4721 ;IMPORT4721;De 07:30 a 16:30 R60 ;07:30 ;16:30 ;15 ;15 ;09:00 ;60 ;8:00;12:15 ;13:15 ;1
203 ;4722 ;IMPORT4722;De 08:00 a 17:00 R60 ;08:00 ;17:00 ;15 ;15 ;09:00 ;60 ;8:00;12:15 ;13:15 ;1
204 ;4723 ;IMPORT4723;De 08:00 a 17:00 R60 ;08:00 ;17:00 ;15 ;15 ;09:00 ;60 ;8:00;13:15 ;14:15 ;1
205 ;4724 ;IMPORT4724;De 08:00 a 19:00 R60 ;08:00 ;19:00 ;15 ;15 ;11:00 ;60 ;10:00;14:00 ;15:00 ;0
206 ;4725 ;IMPORT4725;De 09:00 a 18:00 R60 ;09:00 ;18:00 ;15 ;15 ;09:00 ;60 ;8:00;13:45 ;14:45 ;1
207 ;4726 ;IMPORT4726;De 09:00 a 20:00 R60 ;09:00 ;20:00 ;15 ;15 ;11:00 ;60 ;10:00;15:15 ;16:15 ;0
208 ;4727 ;IMPORT4727;De 09:00 a 20:00 R60 ;09:00 ;20:00 ;15 ;15 ;11:00 ;60 ;10:00;16:15 ;17:15 ;0
209 ;4728 ;IMPORT4728;De 09:30 a 19:00 R60 ;09:30 ;19:00 ;15 ;15 ;09:30 ;60 ;8:30;14:45 ;15:45 ;1
210 ;4729 ;IMPORT4729;De 09:30 a 20:00 R60 ;09:30 ;20:00 ;15 ;15 ;10:30 ;60 ;9:30;12:30 ;13:30 ;0
211 ;4730 ;IMPORT4730;De 09:30 a 20:00 R60 ;09:30 ;20:00 ;15 ;15 ;10:30 ;60 ;9:30;12:45 ;13:45 ;0
212 ;4731 ;IMPORT4731;De 10:00 a 19:00 R60 ;10:00 ;19:00 ;15 ;15 ;09:00 ;60 ;8:00;14:15 ;15:15 ;1
213 ;4732 ;IMPORT4732;De 13:00 a 22:00 R60 ;13:00 ;22:00 ;15 ;15 ;09:00 ;60 ;8:00;17:00 ;18:00 ;1
214 ;4733 ;IMPORT4733;De 13:00 a 22:00 R60 ;13:00 ;22:00 ;15 ;15 ;09:00 ;60 ;8:00;17:15 ;18:15 ;1
215 ;4734 ;IMPORT4734;De 15:00 a 00:00 R60 ;15:00 ;00:00 ;15 ;15 ;09:00 ;60 ;8:00;19:45 ;20:45 ;1
216 ;4735 ;IMPORT4735;De 07:30 a 16:30 R60 ;07:30 ;16:30 ;15 ;15 ;09:00 ;60 ;8:00;11:35 ;12:35 ;1
217 ;4736 ;IMPORT4736;De 08:00 a 17:30 R60 ;08:00 ;17:30 ;15 ;15 ;09:30 ;60 ;8:30;12:15 ;13:15 ;1
218 ;4737 ;IMPORT4737;De 08:00 a 18:30 R60 ;08:00 ;18:30 ;15 ;15 ;10:30 ;60 ;9:30;11:25 ;12:25 ;0
219 ;4738 ;IMPORT4738;De 08:00 a 18:30 R60 ;08:00 ;18:30 ;15 ;15 ;10:30 ;60 ;9:30;12:30 ;13:30 ;0
220 ;4739 ;IMPORT4739;De 08:00 a 18:30 R60 ;08:00 ;18:30 ;15 ;15 ;10:30 ;60 ;9:30;13:30 ;14:30 ;0
221 ;4740 ;IMPORT4740;De 08:00 a 18:30 R60 ;08:00 ;18:30 ;15 ;15 ;10:30 ;60 ;9:30;13:45 ;14:45 ;0
222 ;4741 ;IMPORT4741;De 08:00 a 19:00 R60 ;08:00 ;19:00 ;15 ;15 ;11:00 ;60 ;10:00;13:45 ;14:45 ;0
223 ;4742 ;IMPORT4742;De 08:30 a 17:30 R60 ;08:30 ;17:30 ;15 ;15 ;09:00 ;60 ;8:00;12:45 ;13:45 ;1
224 ;4743 ;IMPORT4743;De 08:30 a 19:30 R60 ;08:30 ;19:30 ;15 ;15 ;11:00 ;60 ;10:00;13:30 ;14:30 ;0
225 ;4744 ;IMPORT4744;De 08:30 a 19:30 R60 ;08:30 ;19:30 ;15 ;15 ;11:00 ;60 ;10:00;14:15 ;15:15 ;0
226 ;4745 ;IMPORT4745;De 09:30 a 18:30 R60 ;09:30 ;18:30 ;15 ;15 ;09:00 ;60 ;8:00;13:45 ;14:45 ;1
227 ;4746 ;IMPORT4746;De 09:30 a 19:00 R60 ;09:30 ;19:00 ;15 ;15 ;09:30 ;60 ;8:30;13:15 ;14:15 ;1
228 ;4747 ;IMPORT4747;De 09:30 a 19:00 R60 ;09:30 ;19:00 ;15 ;15 ;09:30 ;60 ;8:30;14:15 ;15:15 ;1
229 ;4748 ;IMPORT4748;De 10:30 a 20:00 R60 ;10:30 ;20:00 ;15 ;15 ;09:30 ;60 ;8:30;15:00 ;16:00 ;1
230 ;4749 ;IMPORT4749;De 07:00 a 16:00 R60 ;07:00 ;16:00 ;15 ;15 ;09:00 ;60 ;8:00;11:10 ;12:10 ;1
231 ;4750 ;IMPORT4750;De 07:00 a 16:00 R60 ;07:00 ;16:00 ;15 ;15 ;09:00 ;60 ;8:00;12:05 ;13:05 ;1
232 ;4751 ;IMPORT4751;De 07:00 a 18:00 R60 ;07:00 ;18:00 ;15 ;15 ;11:00 ;60 ;10:00;13:30 ;14:30 ;0
233 ;4752 ;IMPORT4752;De 07:00 a 18:00 R60 ;07:00 ;18:00 ;15 ;15 ;11:00 ;60 ;10:00;14:00 ;15:00 ;0
234 ;4753 ;IMPORT4753;De 07:00 a 18:00 R60 ;07:00 ;18:00 ;15 ;15 ;11:00 ;60 ;10:00;14:10 ;15:10 ;0
235 ;4754 ;IMPORT4754;De 07:30 a 16:30 R60 ;07:30 ;16:30 ;15 ;15 ;09:00 ;60 ;8:00;11:40 ;12:40 ;1
236 ;4755 ;IMPORT4755;De 07:30 a 17:00 R60 ;07:30 ;17:00 ;15 ;15 ;09:30 ;60 ;8:30;11:15 ;12:15 ;1
237 ;4756 ;IMPORT4756;De 08:30 a 19:00 R60 ;08:30 ;19:00 ;15 ;15 ;10:30 ;60 ;9:30;13:15 ;14:15 ;0
238 ;4757 ;IMPORT4757;De 09:00 a 17:30 R0 ;09:00 ;17:30 ;15 ;15 ;08:30 ;0 ;8:30;;;1
239 ;4758 ;IMPORT4758;De 09:30 a 18:30 R60 ;09:30 ;18:30 ;15 ;15 ;09:00 ;60 ;8:00;13:30 ;14:30 ;1
240 ;4759 ;IMPORT4759;De 10:00 a 19:30 R60 ;10:00 ;19:30 ;15 ;15 ;09:30 ;60 ;8:30;14:30 ;15:30 ;1
241 ;4760 ;IMPORT4760;De 09:30 a 20:00 R60 ;09:30 ;20:00 ;15 ;15 ;10:30 ;60 ;9:30;13:30 ;14:30 ;0
242 ;4761 ;IMPORT4761;De 09:30 a 20:00 R60 ;09:30 ;20:00 ;15 ;15 ;10:30 ;60 ;9:30;14:15 ;15:15 ;0
243 ;4762 ;IMPORT4762;De 07:00 a 16:00 R60 ;07:00 ;16:00 ;15 ;15 ;09:00 ;60 ;8:00;11:25 ;12:25 ;1
244 ;4763 ;IMPORT4763;De 07:00 a 16:00 R60 ;07:00 ;16:00 ;15 ;15 ;09:00 ;60 ;8:00;11:55 ;12:55 ;1
245 ;4764 ;IMPORT4764;De 07:00 a 16:00 R60 ;07:00 ;16:00 ;15 ;15 ;09:00 ;60 ;8:00;12:20 ;13:20 ;1
246 ;4765 ;IMPORT4765;De 07:00 a 16:30 R60 ;07:00 ;16:30 ;15 ;15 ;09:30 ;60 ;8:30;13:15 ;14:15 ;1
247 ;4766 ;IMPORT4766;De 08:00 a 17:00 R60 ;08:00 ;17:00 ;15 ;15 ;09:00 ;60 ;8:00;13:10 ;14:10 ;1
248 ;4767 ;IMPORT4767;De 08:00 a 17:30 R60 ;08:00 ;17:30 ;15 ;15 ;09:30 ;60 ;8:30;11:45 ;12:45 ;1
249 ;4768 ;IMPORT4768;De 08:00 a 17:30 R60 ;08:00 ;17:30 ;15 ;15 ;09:30 ;60 ;8:30;14:00 ;15:00 ;1
250 ;4769 ;IMPORT4769;De 09:30 a 19:00 R60 ;09:30 ;19:00 ;15 ;15 ;09:30 ;60 ;8:30;12:40 ;13:40 ;1
251 ;4770 ;IMPORT4770;De 09:30 a 20:00 R60 ;09:30 ;20:00 ;15 ;15 ;10:30 ;60 ;9:30;13:00 ;14:00 ;0
252 ;4771 ;IMPORT4771;De 09:30 a 20:00 R60 ;09:30 ;20:00 ;15 ;15 ;10:30 ;60 ;9:30;14:00 ;15:00 ;0
253 ;4772 ;IMPORT4772;De 10:30 a 20:00 R60 ;10:30 ;20:00 ;15 ;15 ;09:30 ;60 ;8:30;13:30 ;14:30 ;1
254 ;4773 ;IMPORT4773;De 07:00 a 16:00 R60 ;07:00 ;16:00 ;15 ;15 ;09:00 ;60 ;8:00;11:40 ;12:40 ;1
255 ;4774 ;IMPORT4774;De 07:00 a 16:30 R60 ;07:00 ;16:30 ;15 ;15 ;09:30 ;60 ;8:30;12:45 ;13:45 ;1
256 ;4775 ;IMPORT4775;De 08:00 a 17:30 R60 ;08:00 ;17:30 ;15 ;15 ;09:30 ;60 ;8:30;13:30 ;14:30 ;1
257 ;4776 ;IMPORT4776;De 08:30 a 17:30 R60 ;08:30 ;17:30 ;15 ;15 ;09:00 ;60 ;8:00;12:35 ;13:35 ;1
258 ;4777 ;IMPORT4777;De 09:00 a 20:00 R60 ;09:00 ;20:00 ;15 ;15 ;11:00 ;60 ;10:00;14:35 ;15:35 ;0
259 ;4778 ;IMPORT4778;De 09:00 a 20:00 R60 ;09:00 ;20:00 ;15 ;15 ;11:00 ;60 ;10:00;14:55 ;15:55 ;0
260 ;4779 ;IMPORT4779;De 09:30 a 18:30 R60 ;09:30 ;18:30 ;15 ;15 ;09:00 ;60 ;8:00;13:35 ;14:35 ;1
261 ;4780 ;IMPORT4780;De 10:00 a 19:00 R60 ;10:00 ;19:00 ;15 ;15 ;09:00 ;60 ;8:00;14:10 ;15:10 ;1
262 ;4781 ;IMPORT4781;De 10:00 a 21:00 R60 ;10:00 ;21:00 ;15 ;15 ;11:00 ;60 ;10:00;15:15 ;16:15 ;0
263 ;4782 ;IMPORT4782;De 10:30 a 19:00 R0 ;10:30 ;19:00 ;15 ;15 ;08:30 ;0 ;8:30;;;1
264 ;4783 ;IMPORT4783;De 08:00 a 17:00 R60 ;08:00 ;17:00 ;15 ;15 ;09:00 ;60 ;8:00;12:10 ;13:10 ;1
265 ;4784 ;IMPORT4784;De 08:00 a 17:30 R60 ;08:00 ;17:30 ;15 ;15 ;09:30 ;60 ;8:30;12:40 ;13:40 ;1
266 ;4785 ;IMPORT4785;De 08:00 a 17:30 R60 ;08:00 ;17:30 ;15 ;15 ;09:30 ;60 ;8:30;12:45 ;13:45 ;1
267 ;4786 ;IMPORT4786;De 08:00 a 17:30 R60 ;08:00 ;17:30 ;15 ;15 ;09:30 ;60 ;8:30;13:35 ;14:35 ;1
268 ;4787 ;IMPORT4787;De 08:00 a 17:30 R60 ;08:00 ;17:30 ;15 ;15 ;09:30 ;60 ;8:30;13:45 ;14:45 ;1
269 ;4788 ;IMPORT4788;De 08:30 a 17:30 R60 ;08:30 ;17:30 ;15 ;15 ;09:00 ;60 ;8:00;13:15 ;14:15 ;1
270 ;4789 ;IMPORT4789;De 09:30 a 19:00 R60 ;09:30 ;19:00 ;15 ;15 ;09:30 ;60 ;8:30;14:00 ;15:00 ;1
271 ;4790 ;IMPORT4790;De 08:00 a 18:30 R60 ;08:00 ;18:30 ;15 ;15 ;10:30 ;60 ;9:30;12:45 ;13:45 ;0
272 ;4791 ;IMPORT4791;De 06:00 a 15:00 R60 ;06:00 ;15:00 ;30 ;0 ;09:00 ;60 ;8:00;09:00 ;10:00 ;1
273 ;4792 ;IMPORT4792;De 06:00 a 15:00 R60 ;06:00 ;15:00 ;30 ;0 ;09:00 ;60 ;8:00;09:30 ;10:30 ;1
274 ;4793 ;IMPORT4793;De 06:30 a 15:30 R60 ;06:30 ;15:30 ;30 ;0 ;09:00 ;60 ;8:00;12:00 ;13:00 ;1
275 ;4794 ;IMPORT4794;De 07:00 a 16:00 R60 ;07:00 ;16:00 ;30 ;0 ;09:00 ;60 ;8:00;13:00 ;14:00 ;1
276 ;4795 ;IMPORT4795;De 09:30 a 18:30 R60 ;09:30 ;18:30 ;30 ;0 ;09:00 ;60 ;8:00;16:00 ;17:00 ;1
277 ;4796 ;IMPORT4796;De 12:00 a 21:00 R60 ;12:00 ;21:00 ;30 ;0 ;09:00 ;60 ;8:00;17:00 ;18:00 ;1
278 ;4797 ;IMPORT4797;De 13:00 a 22:00 R60 ;13:00 ;22:00 ;30 ;0 ;09:00 ;60 ;8:00;16:30 ;17:30 ;1
279 ;4798 ;IMPORT4798;De 15:00 a 00:00 R60 ;15:00 ;00:00 ;30 ;0 ;09:00 ;60 ;8:00;18:00 ;19:00 ;1
280 ;4799 ;IMPORT4799;De 10:30 a 19:30 R60 ;10:30 ;19:30 ;30 ;0 ;09:00 ;60 ;8:00;16:15 ;17:15 ;1
281 ;4800 ;IMPORT4800;De 10:00 a 19:00 R60 ;10:00 ;19:00 ;30 ;0 ;09:00 ;60 ;8:00;15:15 ;16:15 ;1
282 ;4801 ;IMPORT4801;De 09:30 a 18:30 R60 ;09:30 ;18:30 ;30 ;0 ;09:00 ;60 ;8:00;12:00 ;13:00 ;1
283 ;4802 ;IMPORT4802;De 15:00 a 00:00 R60 ;15:00 ;00:00 ;30 ;0 ;09:00 ;60 ;8:00;17:00 ;18:00 ;1
284 ;4803 ;IMPORT4803;De 15:00 a 00:00 R60 ;15:00 ;00:00 ;30 ;0 ;09:00 ;60 ;8:00;17:30 ;18:30 ;1
285 ;4804 ;IMPORT4804;De 11:30 a 20:30 R60 ;11:30 ;20:30 ;30 ;0 ;09:00 ;60 ;8:00;15:00 ;16:00 ;1
286 ;4805 ;IMPORT4805;De 11:00 a 20:00 R60 ;11:00 ;20:00 ;30 ;0 ;09:00 ;60 ;8:00;13:00 ;14:00 ;1
287 ;4806 ;IMPORT4806;De 09:00 a 18:00 R60 ;09:00 ;18:00 ;30 ;0 ;09:00 ;60 ;8:00;12:00 ;13:00 ;1
288 ;4807 ;IMPORT4807;De 08:30 a 17:30 R60 ;08:30 ;17:30 ;30 ;0 ;09:00 ;60 ;8:00;14:30 ;15:30 ;1
289 ;4808 ;IMPORT4808;De 08:30 a 17:30 R60 ;08:30 ;17:30 ;30 ;0 ;09:00 ;60 ;8:00;15:00 ;16:00 ;1
290 ;4809 ;IMPORT4809;De 09:00 a 19:00 R0 ;09:00 ;19:00 ;30 ;0 ;10:00 ;0 ;10:00;;;0
291 ;4810 ;IMPORT4810;De 09:00 a 20:00 R60 ;09:00 ;20:00 ;30 ;0 ;11:00 ;60 ;10:00;15:30 ;16:30 ;0
292 ;4811 ;IMPORT4811;De 09:30 a 20:30 R60 ;09:30 ;20:30 ;30 ;0 ;11:00 ;60 ;10:00;17:30 ;18:30 ;0
293 ;4812 ;IMPORT4812;De 11:00 a 20:00 R60 ;11:00 ;20:00 ;30 ;0 ;09:00 ;60 ;8:00;17:30 ;18:30 ;1
294 ;4813 ;IMPORT4813;De 11:00 a 21:00 R0 ;11:00 ;21:00 ;30 ;0 ;10:00 ;0 ;10:00;;;0
295 ;4814 ;IMPORT4814;De 09:30 a 19:30 R0 ;09:30 ;19:30 ;30 ;0 ;10:00 ;0 ;10:00;;;0
296 ;4815 ;IMPORT4815;De 09:30 a 20:30 R60 ;09:30 ;20:30 ;30 ;0 ;11:00 ;60 ;10:00;14:30 ;15:30 ;0
297 ;4816 ;IMPORT4816;De 13:00 a 22:00 R60 ;13:00 ;22:00 ;30 ;0 ;09:00 ;60 ;8:00;18:00 ;19:00 ;1
298 ;4817 ;IMPORT4817;De 13:00 a 22:00 R60 ;13:00 ;22:00 ;30 ;0 ;09:00 ;60 ;8:00;18:30 ;19:30 ;1
299 ;4818 ;IMPORT4818;De 13:00 a 22:00 R60 ;13:00 ;22:00 ;30 ;0 ;09:00 ;60 ;8:00;19:00 ;20:00 ;1
300 ;4819 ;IMPORT4819;De 09:00 a 20:00 R60 ;09:00 ;20:00 ;30 ;0 ;11:00 ;60 ;10:00;15:50 ;16:50 ;0
301 ;4820 ;IMPORT4820;De 09:30 a 20:30 R60 ;09:30 ;20:30 ;30 ;0 ;11:00 ;60 ;10:00;16:00 ;17:00 ;0
302 ;4821 ;IMPORT4821;De 06:30 a 15:30 R60 ;06:30 ;15:30 ;30 ;0 ;09:00 ;60 ;8:00;12:30 ;13:30 ;1
303 ;4822 ;IMPORT4822;De 06:30 a 15:30 R60 ;06:30 ;15:30 ;30 ;0 ;09:00 ;60 ;8:00;13:00 ;14:00 ;1
304 ;4823 ;IMPORT4823;De 09:30 a 20:30 R60 ;09:30 ;20:30 ;30 ;0 ;11:00 ;60 ;10:00;15:00 ;16:00 ;0
305 ;4826 ;IMPORT4826;De 07:30 a 17:00 R60 ;07:30 ;17:00 ;15 ;15 ;09:30 ;60 ;8:30;10:30 ;11:30 ;1
306 ;4827 ;IMPORT4827;De 07:00 a 18:00 R60 ;07:00 ;18:00 ;15 ;15 ;11:00 ;60 ;10:00;12:00 ;13:00 ;0
307 ;4828 ;IMPORT4828;De 08:00 a 17:30 R60 ;08:00 ;17:30 ;15 ;15 ;09:30 ;60 ;8:30;13:00 ;14:00 ;1
308 ;4829 ;IMPORT4829;De 08:00 a 19:00 R60 ;08:00 ;19:00 ;15 ;15 ;11:00 ;60 ;10:00;13:10 ;14:10 ;0
309 ;4830 ;IMPORT4830;De 08:00 a 19:00 R60 ;08:00 ;19:00 ;15 ;15 ;11:00 ;60 ;10:00;15:15 ;16:15 ;0
310 ;4831 ;IMPORT4831;De 08:30 a 19:30 R60 ;08:30 ;19:30 ;15 ;15 ;11:00 ;60 ;10:00;16:00 ;17:00 ;0
311 ;4832 ;IMPORT4832;De 09:00 a 18:30 R60 ;09:00 ;18:30 ;15 ;15 ;09:30 ;60 ;8:30;14:00 ;15:00 ;1
312 ;4833 ;IMPORT4833;De 10:30 a 20:00 R60 ;10:30 ;20:00 ;15 ;15 ;09:30 ;60 ;8:30;14:30 ;15:30 ;1
313 ;4834 ;IMPORT4834;De 09:30 a 18:00 R0 ;09:30 ;18:00 ;15 ;15 ;08:30 ;0 ;8:30;;;1
314 ;4835 ;IMPORT4835;De 16:00 a 01:00 R60 ;16:00 ;01:00 ;15 ;15 ;09:00 ;60 ;8:00;20:00 ;21:00 ;1
315 ;4836 ;IMPORT4836;De 08:00 a 17:00 R60 ;08:00 ;17:00 ;15 ;15 ;09:00 ;60 ;8:00;12:35 ;13:35 ;1
316 ;4837 ;IMPORT4837;De 08:00 a 19:00 R60 ;08:00 ;19:00 ;15 ;15 ;11:00 ;60 ;10:00;15:30 ;16:30 ;0
317 ;4838 ;IMPORT4838;De 08:30 a 19:30 R60 ;08:30 ;19:30 ;15 ;15 ;11:00 ;60 ;10:00;15:00 ;16:00 ;0
318 ;4839 ;IMPORT4839;De 09:30 a 19:00 R60 ;09:30 ;19:00 ;15 ;15 ;09:30 ;60 ;8:30;13:45 ;14:45 ;1
319 ;4840 ;IMPORT4840;De 07:00 a 18:00 R60 ;07:00 ;18:00 ;15 ;15 ;11:00 ;60 ;10:00;13:15 ;14:15 ;0
320 ;4841 ;IMPORT4841;De 07:00 a 18:00 R60 ;07:00 ;18:00 ;15 ;15 ;11:00 ;60 ;10:00;13:45 ;14:45 ;0
321 ;4842 ;IMPORT4842;De 07:30 a 17:00 R60 ;07:30 ;17:00 ;15 ;15 ;09:30 ;60 ;8:30;12:00 ;13:00 ;1
322 ;4843 ;IMPORT4843;De 10:30 a 19:30 R60 ;10:30 ;19:30 ;15 ;15 ;09:00 ;60 ;8:00;14:40 ;15:40 ;1
323 ;4844 ;IMPORT4844;De 07:00 a 16:00 R60 ;07:00 ;16:00 ;15 ;15 ;09:00 ;60 ;8:00;11:35 ;12:35 ;1
324 ;4845 ;IMPORT4845;De 07:00 a 16:00 R60 ;07:00 ;16:00 ;15 ;15 ;09:00 ;60 ;8:00;11:50 ;12:50 ;1
325 ;4846 ;IMPORT4846;De 07:00 a 16:00 R60 ;07:00 ;16:00 ;15 ;15 ;09:00 ;60 ;8:00;12:10 ;13:10 ;1
326 ;4847 ;IMPORT4847;De 08:30 a 17:30 R60 ;08:30 ;17:30 ;15 ;15 ;09:00 ;60 ;8:00;12:40 ;13:40 ;1
327 ;4848 ;IMPORT4848;De 08:30 a 17:30 R60 ;08:30 ;17:30 ;15 ;15 ;09:00 ;60 ;8:00;13:55 ;14:55 ;1
328 ;4849 ;IMPORT4849;De 08:30 a 18:00 R60 ;08:30 ;18:00 ;15 ;15 ;09:30 ;60 ;8:30;13:10 ;14:10 ;1
329 ;4850 ;IMPORT4850;De 09:00 a 18:00 R60 ;09:00 ;18:00 ;15 ;15 ;09:00 ;60 ;8:00;13:10 ;14:10 ;1
330 ;4851 ;IMPORT4851;De 09:30 a 19:00 R60 ;09:30 ;19:00 ;15 ;15 ;09:30 ;60 ;8:30;13:10 ;14:10 ;1
331 ;4852 ;IMPORT4852;De 08:00 a 17:00 R60 ;08:00 ;17:00 ;15 ;15 ;09:00 ;60 ;8:00;13:20 ;14:20 ;1
332 ;4853 ;IMPORT4853;De 08:00 a 17:30 R60 ;08:00 ;17:30 ;15 ;15 ;09:30 ;60 ;8:30;12:20 ;13:20 ;1
333 ;4854 ;IMPORT4854;De 08:00 a 17:30 R60 ;08:00 ;17:30 ;15 ;15 ;09:30 ;60 ;8:30;12:30 ;13:30 ;1
334 ;4855 ;IMPORT4855;De 08:30 a 19:30 R60 ;08:30 ;19:30 ;15 ;15 ;11:00 ;60 ;10:00;13:50 ;14:50 ;0
335 ;4856 ;IMPORT4856;De 08:30 a 19:30 R60 ;08:30 ;19:30 ;15 ;15 ;11:00 ;60 ;10:00;14:25 ;15:25 ;0
336 ;4857 ;IMPORT4857;De 09:00 a 20:00 R60 ;09:00 ;20:00 ;15 ;15 ;11:00 ;60 ;10:00;14:10 ;15:10 ;0
337 ;4858 ;IMPORT4858;De 09:00 a 20:00 R60 ;09:00 ;20:00 ;15 ;15 ;11:00 ;60 ;10:00;14:40 ;15:40 ;0
338 ;4859 ;IMPORT4859;De 09:30 a 19:00 R60 ;09:30 ;19:00 ;15 ;15 ;09:30 ;60 ;8:30;13:40 ;14:40 ;1
339 ;4860 ;IMPORT4860;De 07:30 a 16:30 R60 ;07:30 ;16:30 ;15 ;15 ;09:00 ;60 ;8:00;12:45 ;13:45 ;1
340 ;4861 ;IMPORT4861;De 09:00 a 20:00 R60 ;09:00 ;20:00 ;30 ;0 ;11:00 ;60 ;10:00;17:00 ;18:00 ;0
341 ;4862 ;IMPORT4862;De 09:30 a 20:30 R60 ;09:30 ;20:30 ;30 ;0 ;11:00 ;60 ;10:00;17:00 ;18:00 ;0
342 ;4863 ;IMPORT4863;De 11:00 a 20:00 R60 ;11:00 ;20:00 ;30 ;0 ;09:00 ;60 ;8:00;17:00 ;18:00 ;1
343 ;4864 ;IMPORT4864;De 12:00 a 21:00 R60 ;12:00 ;21:00 ;30 ;0 ;09:00 ;60 ;8:00;16:30 ;17:30 ;1
344 ;4865 ;IMPORT4865;De 08:30 a 17:30 R60 ;08:30 ;17:30 ;30 ;0 ;09:00 ;60 ;8:00;12:00 ;13:00 ;1
345 ;4866 ;IMPORT4866;De 09:30 a 20:30 R60 ;09:30 ;20:30 ;30 ;0 ;11:00 ;60 ;10:00;15:30 ;16:30 ;0
346 ;4867 ;IMPORT4867;De 10:30 a 20:30 R0 ;10:30 ;20:30 ;30 ;0 ;10:00 ;0 ;10:00;;;0
347 ;4868 ;IMPORT4868;De 10:00 a 21:00 R60 ;10:00 ;21:00 ;30 ;0 ;11:00 ;60 ;10:00;16:30 ;17:30 ;0
348 ;4869 ;IMPORT4869;De 13:30 a 22:30 R60 ;13:30 ;22:30 ;30 ;0 ;09:00 ;60 ;8:00;19:00 ;20:00 ;1
349 ;4870 ;IMPORT4870;De 12:30 a 21:30 R60 ;12:30 ;21:30 ;30 ;0 ;09:00 ;60 ;8:00;16:00 ;17:00 ;1
350 ;4871 ;IMPORT4871;De 09:00 a 18:00 R60 ;09:00 ;18:00 ;30 ;0 ;09:00 ;60 ;8:00;14:15 ;15:15 ;1
351 ;4872 ;IMPORT4872;De 13:00 a 22:00 R60 ;13:00 ;22:00 ;30 ;0 ;09:00 ;60 ;8:00;15:00 ;16:00 ;1
352 ;4873 ;IMPORT4873;De 08:30 a 17:30 R60 ;08:30 ;17:30 ;30 ;0 ;09:00 ;60 ;8:00;11:30 ;12:30 ;1
353 ;4874 ;IMPORT4874;De 10:00 a 21:00 R60 ;10:00 ;21:00 ;30 ;0 ;11:00 ;60 ;10:00;18:00 ;19:00 ;0
354 ;4875 ;IMPORT4875;De 07:00 a 16:30 R60 ;07:00 ;16:30 ;15 ;15 ;09:30 ;60 ;8:30;12:15 ;13:15 ;1
355 ;4876 ;IMPORT4876;De 07:30 a 17:00 R60 ;07:30 ;17:00 ;15 ;15 ;09:30 ;60 ;8:30;12:30 ;13:30 ;1
356 ;4877 ;IMPORT4877;De 09:00 a 18:30 R60 ;09:00 ;18:30 ;15 ;15 ;09:30 ;60 ;8:30;12:30 ;13:30 ;1
357 ;4878 ;IMPORT4878;De 09:30 a 18:30 R60 ;09:30 ;18:30 ;15 ;15 ;09:00 ;60 ;8:00;14:15 ;15:15 ;1
358 ;4879 ;IMPORT4879;De 11:00 a 20:00 R60 ;11:00 ;20:00 ;15 ;15 ;09:00 ;60 ;8:00;15:45 ;16:45 ;1
359 ;4880 ;IMPORT4880;De 12:00 a 21:00 R0 ;12:00 ;21:00 ;15 ;15 ;09:00 ;0 ;9:00;;;1
360 ;4881 ;IMPORT4881;De 00:00 a 08:00 R60 ;00:00 ;08:00 ;15 ;15 ;08:00 ;60 ;7:00;03:35 ;04:35 ;1
361 ;4882 ;IMPORT4882;De 00:00 a 09:00 R60 ;00:00 ;09:00 ;15 ;15 ;09:00 ;60 ;8:00;04:05 ;05:05 ;1
362 ;4883 ;IMPORT4883;De 00:00 a 10:00 R60 ;00:00 ;10:00 ;15 ;15 ;10:00 ;60 ;9:00;04:35 ;05:35 ;0
363 ;4884 ;IMPORT4884;De 06:00 a 16:00 R60 ;06:00 ;16:00 ;15 ;15 ;10:00 ;60 ;9:00;09:15 ;10:15 ;0
364 ;4885 ;IMPORT4885;De 07:00 a 17:00 R60 ;07:00 ;17:00 ;15 ;15 ;10:00 ;60 ;9:00;11:15 ;12:15 ;0
365 ;4886 ;IMPORT4886;De 07:30 a 18:30 R60 ;07:30 ;18:30 ;15 ;15 ;11:00 ;60 ;10:00;13:30 ;14:30 ;0
366 ;4887 ;IMPORT4887;De 07:30 a 18:30 R60 ;07:30 ;18:30 ;15 ;15 ;11:00 ;60 ;10:00;14:15 ;15:15 ;0
367 ;4888 ;IMPORT4888;De 08:00 a 18:30 R60 ;08:00 ;18:30 ;15 ;15 ;10:30 ;60 ;9:30;11:15 ;12:15 ;0
368 ;4889 ;IMPORT4889;De 08:30 a 17:30 R60 ;08:30 ;17:30 ;15 ;15 ;09:00 ;60 ;8:00;14:15 ;15:15 ;1
369 ;4890 ;IMPORT4890;De 08:30 a 18:00 R60 ;08:30 ;18:00 ;15 ;15 ;09:30 ;60 ;8:30;14:30 ;15:30 ;1
370 ;4891 ;IMPORT4891;De 08:30 a 19:00 R60 ;08:30 ;19:00 ;15 ;15 ;10:30 ;60 ;9:30;14:30 ;15:30 ;0
371 ;4892 ;IMPORT4892;De 08:30 a 19:30 R60 ;08:30 ;19:30 ;15 ;15 ;11:00 ;60 ;10:00;14:30 ;15:30 ;0
372 ;4893 ;IMPORT4893;De 10:00 a 21:00 R60 ;10:00 ;21:00 ;15 ;15 ;11:00 ;60 ;10:00;17:00 ;18:00 ;0
373 ;4894 ;IMPORT4894;De 05:00 a 14:00 R60 ;05:00 ;14:00 ;15 ;15 ;09:00 ;60 ;8:00;09:05 ;10:05 ;1
374 ;4895 ;IMPORT4895;De 05:00 a 15:00 R60 ;05:00 ;15:00 ;15 ;15 ;10:00 ;60 ;9:00;09:35 ;10:35 ;0
375 ;4896 ;IMPORT4896;De 08:00 a 17:00 R60 ;08:00 ;17:00 ;15 ;15 ;09:00 ;60 ;8:00;13:25 ;14:25 ;1
376 ;4897 ;IMPORT4897;De 08:00 a 17:30 R60 ;08:00 ;17:30 ;15 ;15 ;09:30 ;60 ;8:30;13:10 ;14:10 ;1
377 ;4898 ;IMPORT4898;De 10:30 a 20:00 R60 ;10:30 ;20:00 ;15 ;15 ;09:30 ;60 ;8:30;13:45 ;14:45 ;1
378 ;4899 ;IMPORT4899;De 00:00 a 10:00 R0 ;00:00 ;10:00 ;15 ;15 ;10:00 ;0 ;10:00;;;0
379 ;4900 ;IMPORT4900;De 08:00 a 17:00 R60 ;08:00 ;17:00 ;15 ;15 ;09:00 ;60 ;8:00;12:20 ;13:20 ;1
380 ;4901 ;IMPORT4901;De 10:30 a 19:30 R60 ;10:30 ;19:30 ;15 ;15 ;09:00 ;60 ;8:00;15:15 ;16:15 ;1
381 ;4902 ;IMPORT4902;De 11:00 a 20:00 R60 ;11:00 ;20:00 ;15 ;15 ;09:00 ;60 ;8:00;15:50 ;16:50 ;1
382 ;4903 ;IMPORT4903;De 02:30 a 11:30 R0 ;02:30 ;11:30 ;15 ;15 ;09:00 ;0 ;9:00;;;1
383 ;4904 ;IMPORT4904;De 07:00 a 16:00 R0 ;07:00 ;16:00 ;15 ;15 ;09:00 ;0 ;9:00;;;1
384 ;4905 ;IMPORT4905;De 08:00 a 17:00 R60 ;08:00 ;17:00 ;15 ;15 ;09:00 ;60 ;8:00;11:15 ;12:15 ;1
385 ;4906 ;IMPORT4906;De 08:00 a 18:00 R60 ;08:00 ;18:00 ;15 ;15 ;10:00 ;60 ;9:00;11:30 ;12:30 ;0
386 ;4907 ;IMPORT4907;De 08:00 a 18:00 R60 ;08:00 ;18:00 ;15 ;15 ;10:00 ;60 ;9:00;14:30 ;15:30 ;0
387 ;4908 ;IMPORT4908;De 08:30 a 18:30 R60 ;08:30 ;18:30 ;15 ;15 ;10:00 ;60 ;9:00;12:00 ;13:00 ;0
388 ;4909 ;IMPORT4909;De 08:30 a 19:30 R60 ;08:30 ;19:30 ;15 ;15 ;11:00 ;60 ;10:00;15:15 ;16:15 ;0
389 ;4910 ;IMPORT4910;De 10:00 a 20:00 R60 ;10:00 ;20:00 ;15 ;15 ;10:00 ;60 ;9:00;15:00 ;16:00 ;0
390 ;4911 ;IMPORT4911;De 12:00 a 21:00 R60 ;12:00 ;21:00 ;15 ;15 ;09:00 ;60 ;8:00;15:15 ;16:15 ;1
391 ;4912 ;IMPORT4912;De 12:00 a 21:00 R60 ;12:00 ;21:00 ;15 ;15 ;09:00 ;60 ;8:00;15:45 ;16:45 ;1
392 ;4913 ;IMPORT4913;De 12:00 a 22:00 R60 ;12:00 ;22:00 ;15 ;15 ;10:00 ;60 ;9:00;15:45 ;16:45 ;0
393 ;4914 ;IMPORT4914;De 12:00 a 22:00 R60 ;12:00 ;22:00 ;15 ;15 ;10:00 ;60 ;9:00;18:00 ;19:00 ;0
394 ;4915 ;IMPORT4915;De 16:00 a 01:00 R60 ;16:00 ;01:00 ;15 ;15 ;09:00 ;60 ;8:00;19:00 ;20:00 ;1
395 ;4916 ;IMPORT4916;De 18:30 a 03:30 R60 ;18:30 ;03:30 ;15 ;15 ;09:00 ;60 ;8:00;23:15 ;00:15 ;1
396 ;4917 ;IMPORT4917;De 19:00 a 05:00 R0 ;19:00 ;05:00 ;15 ;15 ;10:00 ;0 ;10:00;;;0
397 ;4918 ;IMPORT4918;De 19:00 a 06:00 R60 ;19:00 ;06:00 ;15 ;15 ;11:00 ;60 ;10:00;23:00 ;00:00 ;0
398 ;4919 ;IMPORT4919;De 19:30 a 05:30 R60 ;19:30 ;05:30 ;15 ;15 ;10:00 ;60 ;9:00;02:00 ;03:00 ;0
399 ;4920 ;IMPORT4920;De 20:00 a 05:00 R60 ;20:00 ;05:00 ;15 ;15 ;09:00 ;60 ;8:00;01:00 ;02:00 ;1
400 ;4921 ;IMPORT4921;De 21:30 a 06:30 R60 ;21:30 ;06:30 ;15 ;15 ;09:00 ;60 ;8:00;01:15 ;02:15 ;1
401 ;4922 ;IMPORT4922;De 22:00 a 07:00 R60 ;22:00 ;07:00 ;15 ;15 ;09:00 ;60 ;8:00;01:00 ;02:00 ;1
402 ;4923 ;IMPORT4923;De 22:00 a 07:00 R60 ;22:00 ;07:00 ;15 ;15 ;09:00 ;60 ;8:00;02:30 ;03:30 ;1
403 ;4924 ;IMPORT4924;De 23:30 a 09:30 R60 ;23:30 ;09:30 ;15 ;15 ;10:00 ;60 ;9:00;02:30 ;03:30 ;0
404 ;4925 ;IMPORT4925;De 03:00 a 11:00 R0 ;03:00 ;11:00 ;15 ;15 ;08:00 ;0 ;8:00;;;1
405 ;4926 ;IMPORT4926;De 03:00 a 12:00 R0 ;03:00 ;12:00 ;15 ;15 ;09:00 ;0 ;9:00;;;1
406 ;4927 ;IMPORT4927;De 06:00 a 15:00 R0 ;06:00 ;15:00 ;15 ;15 ;09:00 ;0 ;9:00;;;1
407 ;4928 ;IMPORT4928;De 06:00 a 15:00 R60 ;06:00 ;15:00 ;15 ;15 ;09:00 ;60 ;8:00;10:05 ;11:05 ;1
408 ;4929 ;IMPORT4929;De 06:00 a 16:00 R60 ;06:00 ;16:00 ;15 ;15 ;10:00 ;60 ;9:00;10:35 ;11:35 ;0
409 ;4930 ;IMPORT4930;De 07:00 a 17:00 R60 ;07:00 ;17:00 ;15 ;15 ;10:00 ;60 ;9:00;10:00 ;11:00 ;0
410 ;4931 ;IMPORT4931;De 07:00 a 17:00 R60 ;07:00 ;17:00 ;15 ;15 ;10:00 ;60 ;9:00;10:15 ;11:15 ;0
411 ;4932 ;IMPORT4932;De 07:00 a 17:00 R60 ;07:00 ;17:00 ;15 ;15 ;10:00 ;60 ;9:00;11:30 ;12:30 ;0
412 ;4933 ;IMPORT4933;De 08:30 a 18:30 R60 ;08:30 ;18:30 ;15 ;15 ;10:00 ;60 ;9:00;13:55 ;14:55 ;0
413 ;4934 ;IMPORT4934;De 09:00 a 18:00 R60 ;09:00 ;18:00 ;15 ;15 ;09:00 ;60 ;8:00;14:45 ;15:45 ;1
414 ;4935 ;IMPORT4935;De 11:00 a 19:30 R0 ;11:00 ;19:30 ;15 ;15 ;08:30 ;0 ;8:30;;;1
415 ;4936 ;IMPORT4936;De 12:00 a 22:00 R60 ;12:00 ;22:00 ;15 ;15 ;10:00 ;60 ;9:00;15:35 ;16:35 ;0
416 ;4937 ;IMPORT4937;De 13:00 a 21:30 R0 ;13:00 ;21:30 ;15 ;15 ;08:30 ;0 ;8:30;;;1
417 ;4938 ;IMPORT4938;De 13:30 a 23:30 R60 ;13:30 ;23:30 ;15 ;15 ;10:00 ;60 ;9:00;16:30 ;17:30 ;0
418 ;4939 ;IMPORT4939;De 15:00 a 00:00 R60 ;15:00 ;00:00 ;15 ;15 ;09:00 ;60 ;8:00;19:00 ;20:00 ;1
419 ;4940 ;IMPORT4940;De 21:00 a 06:00 R0 ;21:00 ;06:00 ;15 ;15 ;09:00 ;0 ;9:00;;;1
420 ;4941 ;IMPORT4941;De 01:00 a 10:00 R60 ;01:00 ;10:00 ;15 ;15 ;09:00 ;60 ;8:00;06:30 ;07:30 ;1
421 ;4942 ;IMPORT4942;De 01:30 a 11:30 R60 ;01:30 ;11:30 ;15 ;15 ;10:00 ;60 ;9:00;07:40 ;08:40 ;0
422 ;4943 ;IMPORT4943;De 02:00 a 11:00 R0 ;02:00 ;11:00 ;15 ;15 ;09:00 ;0 ;9:00;;;1
423 ;4944 ;IMPORT4944;De 07:30 a 16:30 R0 ;07:30 ;16:30 ;15 ;15 ;09:00 ;0 ;9:00;;;1
424 ;4945 ;IMPORT4945;De 11:00 a 21:00 R60 ;11:00 ;21:00 ;15 ;15 ;10:00 ;60 ;9:00;14:15 ;15:15 ;0
425 ;4946 ;IMPORT4946;De 11:00 a 21:00 R60 ;11:00 ;21:00 ;15 ;15 ;10:00 ;60 ;9:00;14:30 ;15:30 ;0
426 ;4947 ;IMPORT4947;De 13:30 a 22:30 R60 ;13:30 ;22:30 ;15 ;15 ;09:00 ;60 ;8:00;19:15 ;20:15 ;1
427 ;4948 ;IMPORT4948;De 15:30 a 00:30 R60 ;15:30 ;00:30 ;15 ;15 ;09:00 ;60 ;8:00;19:35 ;20:35 ;1
428 ;4949 ;IMPORT4949;De 15:30 a 01:30 R60 ;15:30 ;01:30 ;15 ;15 ;10:00 ;60 ;9:00;20:05 ;21:05 ;0
429 ;4950 ;IMPORT4950;De 18:30 a 02:30 R0 ;18:30 ;02:30 ;15 ;15 ;08:00 ;0 ;8:00;;;1
430 ;4951 ;IMPORT4951;De 20:00 a 06:00 R0 ;20:00 ;06:00 ;15 ;15 ;10:00 ;0 ;10:00;;;0
431 ;4952 ;IMPORT4952;De 20:30 a 05:30 R60 ;20:30 ;05:30 ;15 ;15 ;09:00 ;60 ;8:00;00:15 ;01:15 ;1
432 ;4953 ;IMPORT4953;De 21:00 a 07:00 R60 ;21:00 ;07:00 ;15 ;15 ;10:00 ;60 ;9:00;00:30 ;01:30 ;0
433 ;4954 ;IMPORT4954;De 21:00 a 07:00 R60 ;21:00 ;07:00 ;15 ;15 ;10:00 ;60 ;9:00;03:00 ;04:00 ;0
434 ;4955 ;IMPORT4955;De 22:00 a 08:00 R60 ;22:00 ;08:00 ;15 ;15 ;10:00 ;60 ;9:00;01:00 ;02:00 ;0
435 ;4956 ;IMPORT4956;De 23:30 a 08:30 R60 ;23:30 ;08:30 ;15 ;15 ;09:00 ;60 ;8:00;02:45 ;03:45 ;1
436 ;4957 ;IMPORT4957;De 23:30 a 08:30 R60 ;23:30 ;08:30 ;15 ;15 ;09:00 ;60 ;8:00;05:15 ;06:15 ;1
437 ;4958 ;IMPORT4958;De 00:30 a 08:30 R0 ;00:30 ;08:30 ;15 ;15 ;08:00 ;0 ;8:00;;;1
438 ;4959 ;IMPORT4959;De 04:00 a 13:00 R60 ;04:00 ;13:00 ;15 ;15 ;09:00 ;60 ;8:00;08:30 ;09:30 ;1
439 ;4960 ;IMPORT4960;De 04:00 a 13:00 R60 ;04:00 ;13:00 ;15 ;15 ;09:00 ;60 ;8:00;09:30 ;10:30 ;1
440 ;4961 ;IMPORT4961;De 04:00 a 14:00 R60 ;04:00 ;14:00 ;15 ;15 ;10:00 ;60 ;9:00;07:00 ;08:00 ;0
441 ;4962 ;IMPORT4962;De 04:00 a 14:00 R60 ;04:00 ;14:00 ;15 ;15 ;10:00 ;60 ;9:00;10:30 ;11:30 ;0
442 ;4963 ;IMPORT4963;De 06:00 a 15:00 R60 ;06:00 ;15:00 ;15 ;15 ;09:00 ;60 ;8:00;11:15 ;12:15 ;1
443 ;4964 ;IMPORT4964;De 08:00 a 18:30 R60 ;08:00 ;18:30 ;15 ;15 ;10:30 ;60 ;9:30;13:00 ;14:00 ;0
444 ;4965 ;IMPORT4965;De 08:00 a 18:30 R60 ;08:00 ;18:30 ;15 ;15 ;10:30 ;60 ;9:30;13:15 ;14:15 ;0
445 ;4966 ;IMPORT4966;De 08:30 a 19:00 R60 ;08:30 ;19:00 ;15 ;15 ;10:30 ;60 ;9:30;12:15 ;13:15 ;0
446 ;4967 ;IMPORT4967;De 08:30 a 19:00 R60 ;08:30 ;19:00 ;15 ;15 ;10:30 ;60 ;9:30;12:45 ;13:45 ;0
447 ;4968 ;IMPORT4968;De 09:30 a 18:30 R0 ;09:30 ;18:30 ;15 ;15 ;09:00 ;0 ;9:00;;;1
448 ;4969 ;IMPORT4969;De 10:00 a 19:00 R0 ;10:00 ;19:00 ;15 ;15 ;09:00 ;0 ;9:00;;;1
449 ;4970 ;IMPORT4970;De 10:00 a 19:30 R60 ;10:00 ;19:30 ;15 ;15 ;09:30 ;60 ;8:30;14:15 ;15:15 ;1
450 ;4971 ;IMPORT4971;De 11:00 a 20:00 R60 ;11:00 ;20:00 ;15 ;15 ;09:00 ;60 ;8:00;14:15 ;15:15 ;1
451 ;4972 ;IMPORT4972;De 11:00 a 20:00 R60 ;11:00 ;20:00 ;15 ;15 ;09:00 ;60 ;8:00;14:25 ;15:25 ;1
452 ;4973 ;IMPORT4973;De 11:00 a 21:00 R60 ;11:00 ;21:00 ;15 ;15 ;10:00 ;60 ;9:00;15:30 ;16:30 ;0
453 ;4974 ;IMPORT4974;De 11:00 a 21:00 R60 ;11:00 ;21:00 ;15 ;15 ;10:00 ;60 ;9:00;15:45 ;16:45 ;0
454 ;4975 ;IMPORT4975;De 07:00 a 16:00 R60 ;07:00 ;16:00 ;15 ;15 ;09:00 ;60 ;8:00;10:15 ;11:15 ;1
455 ;4976 ;IMPORT4976;De 07:00 a 17:00 R60 ;07:00 ;17:00 ;15 ;15 ;10:00 ;60 ;9:00;13:30 ;14:30 ;0
456 ;4977 ;IMPORT4977;De 08:00 a 17:00 R0 ;08:00 ;17:00 ;15 ;15 ;09:00 ;0 ;9:00;;;1
457 ;4978 ;IMPORT4978;De 09:00 a 19:00 R60 ;09:00 ;19:00 ;15 ;15 ;10:00 ;60 ;9:00;15:15 ;16:15 ;0
458 ;4979 ;IMPORT4979;De 09:30 a 20:00 R60 ;09:30 ;20:00 ;15 ;15 ;10:30 ;60 ;9:30;13:45 ;14:45 ;0
459 ;4980 ;IMPORT4980;De 11:00 a 20:00 R60 ;11:00 ;20:00 ;15 ;15 ;09:00 ;60 ;8:00;15:05 ;16:05 ;1
460 ;4981 ;IMPORT4981;De 04:00 a 13:00 R60 ;04:00 ;13:00 ;15 ;15 ;09:00 ;60 ;8:00;08:05 ;09:05 ;1
461 ;4982 ;IMPORT4982;De 04:00 a 14:00 R60 ;04:00 ;14:00 ;15 ;15 ;10:00 ;60 ;9:00;08:35 ;09:35 ;0
462 ;4983 ;IMPORT4983;De 06:30 a 15:30 R0 ;06:30 ;15:30 ;15 ;15 ;09:00 ;0 ;9:00;;;1
463 ;4984 ;IMPORT4984;De 19:30 a 03:30 R0 ;19:30 ;03:30 ;15 ;15 ;08:00 ;0 ;8:00;;;1
464 ;4985 ;IMPORT4985;De 07:00 a 17:00 R60 ;07:00 ;17:00 ;15 ;15 ;10:00 ;60 ;9:00;11:35 ;12:35 ;0
465 ;4986 ;IMPORT4986;De 07:30 a 17:30 R60 ;07:30 ;17:30 ;15 ;15 ;10:00 ;60 ;9:00;10:45 ;11:45 ;0
466 ;4987 ;IMPORT4987;De 08:00 a 18:00 R60 ;08:00 ;18:00 ;15 ;15 ;10:00 ;60 ;9:00;11:00 ;12:00 ;0
467 ;4988 ;IMPORT4988;De 09:30 a 18:30 R60 ;09:30 ;18:30 ;15 ;15 ;09:00 ;60 ;8:00;15:15 ;16:15 ;1
468 ;4989 ;IMPORT4989;De 09:30 a 19:30 R60 ;09:30 ;19:30 ;15 ;15 ;10:00 ;60 ;9:00;12:30 ;13:30 ;0
469 ;4990 ;IMPORT4990;De 10:00 a 19:00 R60 ;10:00 ;19:00 ;15 ;15 ;09:00 ;60 ;8:00;15:45 ;16:45 ;1
470 ;4991 ;IMPORT4991;De 10:00 a 20:00 R60 ;10:00 ;20:00 ;15 ;15 ;10:00 ;60 ;9:00;13:00 ;14:00 ;0
471 ;4992 ;IMPORT4992;De 10:00 a 20:00 R60 ;10:00 ;20:00 ;15 ;15 ;10:00 ;60 ;9:00;13:15 ;14:15 ;0
472 ;4993 ;IMPORT4993;De 10:00 a 20:00 R60 ;10:00 ;20:00 ;15 ;15 ;10:00 ;60 ;9:00;15:45 ;16:45 ;0
473 ;4994 ;IMPORT4994;De 12:00 a 20:00 R60 ;12:00 ;20:00 ;15 ;15 ;08:00 ;60 ;7:00;15:30 ;16:30 ;1
474 ;4995 ;IMPORT4995;De 12:00 a 21:00 R60 ;12:00 ;21:00 ;15 ;15 ;09:00 ;60 ;8:00;16:05 ;17:05 ;1
475 ;4996 ;IMPORT4996;De 12:00 a 22:00 R60 ;12:00 ;22:00 ;15 ;15 ;10:00 ;60 ;9:00;16:35 ;17:35 ;0
476 ;4997 ;IMPORT4997;De 13:00 a 23:00 R60 ;13:00 ;23:00 ;15 ;15 ;10:00 ;60 ;9:00;19:30 ;20:30 ;0
477 ;4998 ;IMPORT4998;De 14:00 a 23:00 R60 ;14:00 ;23:00 ;15 ;15 ;09:00 ;60 ;8:00;19:45 ;20:45 ;1
478 ;4999 ;IMPORT4999;De 14:30 a 23:30 R60 ;14:30 ;23:30 ;15 ;15 ;09:00 ;60 ;8:00;17:30 ;18:30 ;1
479 ;5000 ;IMPORT5000;De 15:00 a 00:00 R60 ;15:00 ;00:00 ;15 ;15 ;09:00 ;60 ;8:00;20:30 ;21:30 ;1
480 ;5001 ;IMPORT5001;De 15:30 a 23:30 R60 ;15:30 ;23:30 ;15 ;15 ;08:00 ;60 ;7:00;19:05 ;20:05 ;1
481 ;5002 ;IMPORT5002;De 08:00 a 17:30 R60 ;08:00 ;17:30 ;15 ;15 ;09:30 ;60 ;8:30;12:50 ;13:50 ;1
482 ;5003 ;IMPORT5003;De 09:30 a 19:00 R60 ;09:30 ;19:00 ;15 ;15 ;09:30 ;60 ;8:30;13:05 ;14:05 ;1
483 ;5004 ;IMPORT5004;De 10:30 a 20:00 R60 ;10:30 ;20:00 ;15 ;15 ;09:30 ;60 ;8:30;14:10 ;15:10 ;1
484 ;5005 ;IMPORT5005;De 12:00 a 21:00 R60 ;12:00 ;21:00 ;30 ;0 ;09:00 ;60 ;8:00;15:30 ;16:30 ;1
485 ;5006 ;IMPORT5006;De 11:30 a 22:30 R60 ;11:30 ;22:30 ;30 ;0 ;11:00 ;60 ;10:00;16:30 ;17:30 ;0
486 ;5007 ;IMPORT5007;De 11:30 a 22:30 R60 ;11:30 ;22:30 ;30 ;0 ;11:00 ;60 ;10:00;17:15 ;18:15 ;0
487 ;5008 ;IMPORT5008;De 11:30 a 20:30 R60 ;11:30 ;20:30 ;30 ;0 ;09:00 ;60 ;8:00;18:00 ;19:00 ;1
488 ;5009 ;IMPORT5009;De 09:30 a 18:30 R60 ;09:30 ;18:30 ;30 ;0 ;09:00 ;60 ;8:00;12:30 ;13:30 ;1
489 ;5010 ;IMPORT5010;De 10:30 a 21:30 R60 ;10:30 ;21:30 ;30 ;0 ;11:00 ;60 ;10:00;17:10 ;18:10 ;0
490 ;5011 ;IMPORT5011;De 10:30 a 19:30 R60 ;10:30 ;19:30 ;30 ;0 ;09:00 ;60 ;8:00;17:00 ;18:00 ;1
491 ;5012 ;IMPORT5012;De 11:30 a 20:30 R60 ;11:30 ;20:30 ;30 ;0 ;09:00 ;60 ;8:00;16:30 ;17:30 ;1
492 ;5013 ;IMPORT5013;De 07:00 a 17:00 R0 ;07:00 ;17:00 ;30 ;0 ;10:00 ;0 ;10:00;;;0
493 ;5014 ;IMPORT5014;De 10:00 a 20:00 R0 ;10:00 ;20:00 ;30 ;0 ;10:00 ;0 ;10:00;;;0
494 ;5015 ;IMPORT5015;De 14:00 a 00:00 R0 ;14:00 ;00:00 ;30 ;0 ;10:00 ;0 ;10:00;;;0
495 ;5016 ;IMPORT5016;De 10:00 a 21:00 R0 ;10:00 ;21:00 ;30 ;0 ;11:00 ;0 ;11:00;;;0
496 ;5017 ;IMPORT5017;De 07:00 a 18:00 R60 ;07:00 ;18:00 ;15 ;15 ;11:00 ;60 ;10:00;12:05 ;13:05 ;0
497 ;5018 ;IMPORT5018;De 06:00 a 16:00 R60 ;06:00 ;16:00 ;30 ;0 ;10:00 ;60 ;9:00;13:00 ;14:00 ;0
498 ;5019 ;IMPORT5019;De 06:00 a 17:00 R60 ;06:00 ;17:00 ;30 ;0 ;11:00 ;60 ;10:00;14:00 ;15:00 ;0
499 ;5020 ;IMPORT5020;De 09:00 a 19:00 R60 ;09:00 ;19:00 ;30 ;0 ;10:00 ;60 ;9:00;14:30 ;15:30 ;0
500 ;5021 ;IMPORT5021;De 09:00 a 19:00 R60 ;09:00 ;19:00 ;30 ;0 ;10:00 ;60 ;9:00;15:00 ;16:00 ;0
501 ;5022 ;IMPORT5022;De 09:30 a 19:30 R60 ;09:30 ;19:30 ;30 ;0 ;10:00 ;60 ;9:00;14:00 ;15:00 ;0
502 ;5023 ;IMPORT5023;De 09:30 a 19:30 R60 ;09:30 ;19:30 ;30 ;0 ;10:00 ;60 ;9:00;15:00 ;16:00 ;0
503 ;5024 ;IMPORT5024;De 10:00 a 20:00 R60 ;10:00 ;20:00 ;30 ;0 ;10:00 ;60 ;9:00;15:30 ;16:30 ;0
504 ;5025 ;IMPORT5025;De 11:00 a 22:00 R60 ;11:00 ;22:00 ;30 ;0 ;11:00 ;60 ;10:00;16:00 ;17:00 ;0
505 ;5026 ;IMPORT5026;De 11:30 a 21:30 R60 ;11:30 ;21:30 ;30 ;0 ;10:00 ;60 ;9:00;16:00 ;17:00 ;0
506 ;5027 ;IMPORT5027;De 12:00 a 22:00 R60 ;12:00 ;22:00 ;30 ;0 ;10:00 ;60 ;9:00;16:00 ;17:00 ;0
507 ;5028 ;IMPORT5028;De 12:00 a 22:00 R60 ;12:00 ;22:00 ;30 ;0 ;10:00 ;60 ;9:00;16:30 ;17:30 ;0
508 ;5029 ;IMPORT5029;De 13:00 a 00:00 R60 ;13:00 ;00:00 ;30 ;0 ;11:00 ;60 ;10:00;19:00 ;20:00 ;0
509 ;5030 ;IMPORT5030;De 15:00 a 01:00 R60 ;15:00 ;01:00 ;30 ;0 ;10:00 ;60 ;9:00;19:00 ;20:00 ;0
510 ;5031 ;IMPORT5031;De 15:30 a 01:30 R60 ;15:30 ;01:30 ;30 ;0 ;10:00 ;60 ;9:00;20:00 ;21:00 ;0
511 ;5032 ;IMPORT5032;De 16:00 a 03:00 R60 ;16:00 ;03:00 ;30 ;0 ;11:00 ;60 ;10:00;21:30 ;22:30 ;0
512 ;5033 ;IMPORT5033;De 00:00 a 03:00 R0 ;00:00 ;03:00 ;15 ;15 ;03:00 ;0 ;3:00;;;1
513 ;5034 ;IMPORT5034;De 00:00 a 10:00 R60 ;00:00 ;10:00 ;15 ;15 ;10:00 ;60 ;9:00;06:30 ;07:30 ;0
514 ;5035 ;IMPORT5035;De 07:00 a 18:00 R60 ;07:00 ;18:00 ;15 ;15 ;11:00 ;60 ;10:00;12:55 ;13:55 ;0
515 ;5036 ;IMPORT5036;De 07:00 a 18:00 R60 ;07:00 ;18:00 ;15 ;15 ;11:00 ;60 ;10:00;13:05 ;14:05 ;0
516 ;5037 ;IMPORT5037;De 07:30 a 18:30 R60 ;07:30 ;18:30 ;15 ;15 ;11:00 ;60 ;10:00;12:45 ;13:45 ;0
517 ;5038 ;IMPORT5038;De 08:30 a 18:30 R60 ;08:30 ;18:30 ;30 ;0 ;10:00 ;60 ;9:00;13:30 ;14:30 ;0
518 ;5039 ;IMPORT5039;De 09:00 a 19:00 R60 ;09:00 ;19:00 ;30 ;0 ;10:00 ;60 ;9:00;14:00 ;15:00 ;0
519 ;5040 ;IMPORT5040;De 10:00 a 20:00 R60 ;10:00 ;20:00 ;30 ;0 ;10:00 ;60 ;9:00;14:00 ;15:00 ;0
520 ;5041 ;IMPORT5041;De 10:00 a 21:00 R60 ;10:00 ;21:00 ;15 ;15 ;11:00 ;60 ;10:00;15:10 ;16:10 ;0
521 ;5042 ;IMPORT5042;De 10:00 a 21:00 R60 ;10:00 ;21:00 ;15 ;15 ;11:00 ;60 ;10:00;16:05 ;17:05 ;0
522 ;5043 ;IMPORT5043;De 10:30 a 21:00 R60 ;10:30 ;21:00 ;15 ;15 ;10:30 ;60 ;9:30;14:00 ;15:00 ;0
523 ;5044 ;IMPORT5044;De 10:30 a 21:00 R60 ;10:30 ;21:00 ;15 ;15 ;10:30 ;60 ;9:30;14:10 ;15:10 ;0
524 ;5045 ;IMPORT5045;De 10:30 a 21:00 R60 ;10:30 ;21:00 ;15 ;15 ;10:30 ;60 ;9:30;14:30 ;15:30 ;0
525 ;5046 ;IMPORT5046;De 10:30 a 21:00 R60 ;10:30 ;21:00 ;15 ;15 ;10:30 ;60 ;9:30;16:30 ;17:30 ;0
526 ;5047 ;IMPORT5047;De 11:30 a 21:30 R60 ;11:30 ;21:30 ;15 ;15 ;10:00 ;60 ;9:00;15:00 ;16:00 ;0
527 ;5048 ;IMPORT5048;De 11:30 a 21:30 R60 ;11:30 ;21:30 ;30 ;0 ;10:00 ;60 ;9:00;15:30 ;16:30 ;0
528 ;5049 ;IMPORT5049;De 12:00 a 21:00 R60 ;12:00 ;21:00 ;30 ;0 ;09:00 ;60 ;8:00;17:30 ;18:30 ;1
529 ;5050 ;IMPORT5050;De 21:00 a 00:00 R0 ;21:00 ;00:00 ;15 ;15 ;03:00 ;0 ;3:00;;;1
530 ;5051 ;IMPORT5051;De 21:00 a 07:00 R60 ;21:00 ;07:00 ;15 ;15 ;10:00 ;60 ;9:00;01:35 ;02:35 ;0
531 ;5052 ;IMPORT5052;De 21:00 a 07:00 R60 ;21:00 ;07:00 ;15 ;15 ;10:00 ;60 ;9:00;02:05 ;03:05 ;0
532 ;5053 ;IMPORT5053;De 22:00 a 08:00 R60 ;22:00 ;08:00 ;15 ;15 ;10:00 ;60 ;9:00;02:35 ;03:35 ;0
533 ;5054 ;IMPORT5054;De 09:30 a 19:30 R60 ;09:30 ;19:30 ;30 ;0 ;10:00 ;60 ;9:00;16:00 ;17:00 ;0
534 ;5055 ;IMPORT5055;De 10:30 a 20:30 R60 ;10:30 ;20:30 ;30 ;0 ;10:00 ;60 ;9:00;15:30 ;16:30 ;0
535 ;5056 ;IMPORT5056;De 14:00 a 23:00 R60 ;14:00 ;23:00 ;30 ;0 ;09:00 ;60 ;8:00;17:00 ;18:00 ;1
536 ;5057 ;IMPORT5057;De 08:00 a 18:00 R60 ;08:00 ;18:00 ;30 ;0 ;10:00 ;60 ;9:00;14:00 ;15:00 ;0
537 ;5058 ;IMPORT5058;De 09:30 a 19:30 R60 ;09:30 ;19:30 ;30 ;0 ;10:00 ;60 ;9:00;15:30 ;16:30 ;0
538 ;5059 ;IMPORT5059;De 10:00 a 20:00 R60 ;10:00 ;20:00 ;30 ;0 ;10:00 ;60 ;9:00;14:30 ;15:30 ;0
539 ;5060 ;IMPORT5060;De 10:00 a 20:00 R60 ;10:00 ;20:00 ;30 ;0 ;10:00 ;60 ;9:00;16:30 ;17:30 ;0
540 ;5061 ;IMPORT5061;De 10:30 a 20:30 R60 ;10:30 ;20:30 ;30 ;0 ;10:00 ;60 ;9:00;14:30 ;15:30 ;0
541 ;5062 ;IMPORT5062;De 10:30 a 21:30 R60 ;10:30 ;21:30 ;30 ;0 ;11:00 ;60 ;10:00;16:30 ;17:30 ;0
542 ;5063 ;IMPORT5063;De 08:00 a 18:00 R60 ;08:00 ;18:00 ;15 ;15 ;10:00 ;60 ;9:00;12:30 ;13:30 ;0
543 ;5064 ;IMPORT5064;De 08:00 a 18:00 R60 ;08:00 ;18:00 ;15 ;15 ;10:00 ;60 ;9:00;12:35 ;13:35 ;0
544 ;5065 ;IMPORT5065;De 08:00 a 18:00 R60 ;08:00 ;18:00 ;15 ;15 ;10:00 ;60 ;9:00;12:45 ;13:45 ;0
545 ;5066 ;IMPORT5066;De 08:00 a 18:00 R60 ;08:00 ;18:00 ;15 ;15 ;10:00 ;60 ;9:00;13:00 ;14:00 ;0
546 ;5067 ;IMPORT5067;De 01:00 a 11:00 R60 ;01:00 ;11:00 ;15 ;15 ;10:00 ;60 ;9:00;05:35 ;06:35 ;0
547 ;5068 ;IMPORT5068;De 07:00 a 16:30 R60 ;07:00 ;16:30 ;15 ;0 ;09:30 ;60 ;8:30;12:30 ;13:30 ;1
548 ;5069 ;IMPORT5069;De 07:30 a 17:00 R60 ;07:30 ;17:00 ;15 ;15 ;09:30 ;60 ;8:30;11:45 ;12:45 ;1
549 ;5070 ;IMPORT5070;De 10:30 a 20:00 R60 ;10:30 ;20:00 ;15 ;0 ;09:30 ;60 ;8:30;15:30 ;16:30 ;1
550 ;5071 ;IMPORT5071;De 12:00 a 22:00 R60 ;12:00 ;22:00 ;15 ;15 ;10:00 ;60 ;9:00;15:00 ;16:00 ;0
551 ;5072 ;IMPORT5072;De 23:30 a 04:30 R0 ;23:30 ;04:30 ;15 ;15 ;05:00 ;0 ;5:00;;;1
552 ;5073 ;IMPORT5073;De 00:00 a 05:00 R0 ;00:00 ;05:00 ;15 ;15 ;05:00 ;0 ;5:00;;;1
553 ;5074 ;IMPORT5074;De 00:00 a 10:00 R60 ;00:00 ;10:00 ;15 ;15 ;10:00 ;60 ;9:00;05:05 ;06:05 ;0
554 ;5075 ;IMPORT5075;De 10:30 a 19:30 R60 ;10:30 ;19:30 ;15 ;15 ;09:00 ;60 ;8:00;15:25 ;16:25 ;1
555 ;5076 ;IMPORT5076;De 10:30 a 19:30 R60 ;10:30 ;19:30 ;15 ;15 ;09:00 ;60 ;8:00;15:40 ;16:40 ;1
556 ;5077 ;IMPORT5077;De 10:30 a 20:30 R60 ;10:30 ;20:30 ;15 ;15 ;10:00 ;60 ;9:00;15:05 ;16:05 ;0
557 ;5078 ;IMPORT5078;De 13:00 a 23:00 R60 ;13:00 ;23:00 ;15 ;15 ;10:00 ;60 ;9:00;17:00 ;18:00 ;0
558 ;5079 ;IMPORT5079;De 16:30 a 02:30 R60 ;16:30 ;02:30 ;15 ;15 ;10:00 ;60 ;9:00;21:05 ;22:05 ;0
559 ;5080 ;IMPORT5080;De 17:00 a 03:00 R60 ;17:00 ;03:00 ;15 ;15 ;10:00 ;60 ;9:00;20:00 ;21:00 ;0
560 ;5081 ;IMPORT5081;De 19:00 a 05:00 R60 ;19:00 ;05:00 ;15 ;15 ;10:00 ;60 ;9:00;23:35 ;00:35 ;0
561 ;5082 ;IMPORT5082;De 19:30 a 05:30 R60 ;19:30 ;05:30 ;15 ;15 ;10:00 ;60 ;9:00;00:05 ;01:05 ;0
562 ;5083 ;IMPORT5083;De 20:00 a 06:00 R60 ;20:00 ;06:00 ;15 ;15 ;10:00 ;60 ;9:00;00:35 ;01:35 ;0
563 ;5084 ;IMPORT5084;De 22:30 a 08:30 R60 ;22:30 ;08:30 ;15 ;15 ;10:00 ;60 ;9:00;03:05 ;04:05 ;0
564 ;5085 ;IMPORT5085;De 23:00 a 09:00 R60 ;23:00 ;09:00 ;15 ;15 ;10:00 ;60 ;9:00;03:35 ;04:35 ;0
565 ;5086 ;IMPORT5086;De 06:00 a 15:00 R60 ;06:00 ;15:00 ;15 ;15 ;09:00 ;60 ;8:00;11:45 ;12:45 ;1
566 ;5087 ;IMPORT5087;De 06:00 a 16:00 R60 ;06:00 ;16:00 ;15 ;15 ;10:00 ;60 ;9:00;11:00 ;12:00 ;0
567 ;5088 ;IMPORT5088;De 06:00 a 16:00 R60 ;06:00 ;16:00 ;15 ;15 ;10:00 ;60 ;9:00;11:35 ;12:35 ;0
568 ;5089 ;IMPORT5089;De 08:00 a 17:00 R60 ;08:00 ;17:00 ;15 ;15 ;09:00 ;60 ;8:00;11:25 ;12:25 ;1
569 ;5090 ;IMPORT5090;De 08:00 a 18:00 R60 ;08:00 ;18:00 ;15 ;15 ;10:00 ;60 ;9:00;11:40 ;12:40 ;0
570 ;5091 ;IMPORT5091;De 08:00 a 18:00 R60 ;08:00 ;18:00 ;15 ;15 ;10:00 ;60 ;9:00;13:50 ;14:50 ;0
571 ;5092 ;IMPORT5092;De 11:00 a 20:00 R0 ;11:00 ;20:00 ;15 ;15 ;09:00 ;0 ;9:00;;;1
572 ;5093 ;IMPORT5093;De 11:00 a 20:00 R60 ;11:00 ;20:00 ;15 ;15 ;09:00 ;60 ;8:00;14:45 ;15:45 ;1
573 ;5094 ;IMPORT5094;De 11:00 a 20:00 R60 ;11:00 ;20:00 ;15 ;15 ;09:00 ;60 ;8:00;16:45 ;17:45 ;1
574 ;5095 ;IMPORT5095;De 11:00 a 21:00 R60 ;11:00 ;21:00 ;15 ;15 ;10:00 ;60 ;9:00;14:00 ;15:00 ;0
575 ;5096 ;IMPORT5096;De 13:00 a 23:00 R60 ;13:00 ;23:00 ;15 ;15 ;10:00 ;60 ;9:00;16:00 ;17:00 ;0
576 ;5097 ;IMPORT5097;De 14:00 a 23:00 R0 ;14:00 ;23:00 ;15 ;15 ;09:00 ;0 ;9:00;;;1
577 ;5098 ;IMPORT5098;De 02:00 a 11:00 R60 ;02:00 ;11:00 ;15 ;15 ;09:00 ;60 ;8:00;07:15 ;08:15 ;1
578 ;5099 ;IMPORT5099;De 02:00 a 11:00 R60 ;02:00 ;11:00 ;15 ;15 ;09:00 ;60 ;8:00;07:45 ;08:45 ;1
579 ;5100 ;IMPORT5100;De 02:00 a 12:00 R60 ;02:00 ;12:00 ;15 ;15 ;10:00 ;60 ;9:00;06:45 ;07:45 ;0
580 ;5101 ;IMPORT5101;De 02:00 a 12:00 R60 ;02:00 ;12:00 ;15 ;15 ;10:00 ;60 ;9:00;08:30 ;09:30 ;0
581 ;5102 ;IMPORT5102;De 07:00 a 16:00 R60 ;07:00 ;16:00 ;15 ;15 ;09:00 ;60 ;8:00;12:35 ;13:35 ;1
582 ;5103 ;IMPORT5103;De 07:00 a 17:00 R60 ;07:00 ;17:00 ;15 ;15 ;10:00 ;60 ;9:00;12:30 ;13:30 ;0
583 ;5104 ;IMPORT5104;De 07:00 a 17:00 R60 ;07:00 ;17:00 ;15 ;15 ;10:00 ;60 ;9:00;13:00 ;14:00 ;0
584 ;5105 ;IMPORT5105;De 08:00 a 18:00 R60 ;08:00 ;18:00 ;15 ;15 ;10:00 ;60 ;9:00;13:30 ;14:30 ;0
585 ;5106 ;IMPORT5106;De 09:00 a 18:00 R60 ;09:00 ;18:00 ;15 ;15 ;09:00 ;60 ;8:00;12:45 ;13:45 ;1
586 ;5107 ;IMPORT5107;De 09:00 a 18:00 R60 ;09:00 ;18:00 ;15 ;15 ;09:00 ;60 ;8:00;13:05 ;14:05 ;1
587 ;5108 ;IMPORT5108;De 09:00 a 19:00 R60 ;09:00 ;19:00 ;15 ;15 ;10:00 ;60 ;9:00;13:15 ;14:15 ;0
588 ;5109 ;IMPORT5109;De 09:00 a 19:00 R60 ;09:00 ;19:00 ;15 ;15 ;10:00 ;60 ;9:00;13:25 ;14:25 ;0
589 ;5110 ;IMPORT5110;De 09:00 a 19:00 R60 ;09:00 ;19:00 ;15 ;15 ;10:00 ;60 ;9:00;13:35 ;14:35 ;0
590 ;5111 ;IMPORT5111;De 11:00 a 20:00 R60 ;11:00 ;20:00 ;15 ;15 ;09:00 ;60 ;8:00;16:25 ;17:25 ;1
591 ;5112 ;IMPORT5112;De 11:00 a 20:00 R60 ;11:00 ;20:00 ;15 ;15 ;09:00 ;60 ;8:00;16:35 ;17:35 ;1
592 ;5113 ;IMPORT5113;De 11:00 a 20:00 R60 ;11:00 ;20:00 ;15 ;15 ;09:00 ;60 ;8:00;16:40 ;17:40 ;1
593 ;5114 ;IMPORT5114;De 11:00 a 21:00 R60 ;11:00 ;21:00 ;15 ;15 ;10:00 ;60 ;9:00;17:00 ;18:00 ;0
594 ;5115 ;IMPORT5115;De 11:00 a 21:00 R60 ;11:00 ;21:00 ;15 ;15 ;10:00 ;60 ;9:00;17:15 ;18:15 ;0
595 ;5116 ;IMPORT5116;De 11:00 a 21:00 R60 ;11:00 ;21:00 ;15 ;15 ;10:00 ;60 ;9:00;17:30 ;18:30 ;0
596 ;5117 ;IMPORT5117;De 08:00 a 17:00 R60 ;08:00 ;17:00 ;15 ;15 ;09:00 ;60 ;8:00;13:40 ;14:40 ;1
597 ;5118 ;IMPORT5118;De 08:00 a 18:00 R60 ;08:00 ;18:00 ;15 ;15 ;10:00 ;60 ;9:00;13:40 ;14:40 ;0
598 ;5119 ;IMPORT5119;De 08:00 a 18:00 R60 ;08:00 ;18:00 ;15 ;15 ;10:00 ;60 ;9:00;14:10 ;15:10 ;0
599 ;5120 ;IMPORT5120;De 11:00 a 21:00 R60 ;11:00 ;21:00 ;15 ;15 ;10:00 ;60 ;9:00;15:35 ;16:35 ;0
600 ;5121 ;IMPORT5121;De 12:00 a 21:00 R60 ;12:00 ;21:00 ;15 ;15 ;09:00 ;60 ;8:00;17:25 ;18:25 ;1
601 ;5122 ;IMPORT5122;De 12:00 a 21:00 R60 ;12:00 ;21:00 ;15 ;15 ;09:00 ;60 ;8:00;17:40 ;18:40 ;1
602 ;5123 ;IMPORT5123;De 12:00 a 21:00 R60 ;12:00 ;21:00 ;15 ;15 ;09:00 ;60 ;8:00;17:45 ;18:45 ;1
603 ;5124 ;IMPORT5124;De 12:00 a 22:00 R60 ;12:00 ;22:00 ;15 ;15 ;10:00 ;60 ;9:00;17:40 ;18:40 ;0
604 ;5125 ;IMPORT5125;De 12:00 a 22:00 R60 ;12:00 ;22:00 ;15 ;15 ;10:00 ;60 ;9:00;18:30 ;19:30 ;0
605 ;5126 ;IMPORT5126;De 23:00 a 08:00 R60 ;23:00 ;08:00 ;15 ;15 ;09:00 ;60 ;8:00;03:05 ;04:05 ;1
606 ;5127 ;IMPORT5127;De 02:00 a 11:00 R60 ;02:00 ;11:00 ;15 ;15 ;09:00 ;60 ;8:00;06:05 ;07:05 ;1
607 ;5128 ;IMPORT5128;De 02:00 a 12:00 R60 ;02:00 ;12:00 ;15 ;15 ;10:00 ;60 ;9:00;06:35 ;07:35 ;0
608 ;5129 ;IMPORT5129;De 06:00 a 16:00 R0 ;06:00 ;16:00 ;15 ;15 ;10:00 ;0 ;10:00;;;0
609 ;5130 ;IMPORT5130;De 13:00 a 22:00 R0 ;13:00 ;22:00 ;15 ;15 ;09:00 ;0 ;9:00;;;1
610 ;5131 ;IMPORT5131;De 13:00 a 22:00 R60 ;13:00 ;22:00 ;15 ;15 ;09:00 ;60 ;8:00;17:05 ;18:05 ;1
611 ;5132 ;IMPORT5132;De 13:00 a 23:00 R60 ;13:00 ;23:00 ;15 ;15 ;10:00 ;60 ;9:00;17:35 ;18:35 ;0
612 ;5133 ;IMPORT5133;De 14:00 a 00:00 R60 ;14:00 ;00:00 ;15 ;15 ;10:00 ;60 ;9:00;18:35 ;19:35 ;0
613 ;5134 ;IMPORT5134;De 14:00 a 23:00 R60 ;14:00 ;23:00 ;15 ;15 ;09:00 ;60 ;8:00;18:05 ;19:05 ;1
614 ;5135 ;IMPORT5135;De 15:00 a 00:00 R60 ;15:00 ;00:00 ;15 ;15 ;09:00 ;60 ;8:00;19:05 ;20:05 ;1
615 ;5136 ;IMPORT5136;De 15:00 a 01:00 R60 ;15:00 ;01:00 ;15 ;15 ;10:00 ;60 ;9:00;19:35 ;20:35 ;0
616 ;5137 ;IMPORT5137;De 22:00 a 08:00 R60 ;22:00 ;08:00 ;15 ;15 ;10:00 ;60 ;9:00;01:15 ;02:15 ;0
617 ;5138 ;IMPORT5138;De 23:00 a 08:00 R60 ;23:00 ;08:00 ;15 ;15 ;09:00 ;60 ;8:00;02:00 ;03:00 ;1
618 ;5139 ;IMPORT5139;De 23:00 a 08:00 R60 ;23:00 ;08:00 ;15 ;15 ;09:00 ;60 ;8:00;02:45 ;03:45 ;1
619 ;5140 ;IMPORT5140;De 23:00 a 08:00 R60 ;23:00 ;08:00 ;15 ;15 ;09:00 ;60 ;8:00;05:00 ;06:00 ;1
620 ;5141 ;IMPORT5141;De 05:00 a 14:00 R60 ;05:00 ;14:00 ;15 ;15 ;09:00 ;60 ;8:00;09:00 ;10:00 ;1
621 ;5142 ;IMPORT5142;De 05:00 a 14:00 R60 ;05:00 ;14:00 ;15 ;15 ;09:00 ;60 ;8:00;09:15 ;10:15 ;1
622 ;5143 ;IMPORT5143;De 05:00 a 15:00 R60 ;05:00 ;15:00 ;15 ;15 ;10:00 ;60 ;9:00;09:45 ;10:45 ;0
623 ;5144 ;IMPORT5144;De 00:00 a 09:00 R60 ;00:00 ;09:00 ;15 ;15 ;09:00 ;60 ;8:00;04:30 ;05:30 ;1
624 ;5145 ;IMPORT5145;De 00:00 a 10:00 R60 ;00:00 ;10:00 ;15 ;15 ;10:00 ;60 ;9:00;04:30 ;05:30 ;0
625 ;5146 ;IMPORT5146;De 22:00 a 08:00 R60 ;22:00 ;08:00 ;15 ;15 ;10:00 ;60 ;9:00;03:35 ;04:35 ;0
626 ;5147 ;IMPORT5147;De 00:00 a 09:00 R60 ;00:00 ;09:00 ;15 ;15 ;09:00 ;60 ;8:00;03:45 ;04:45 ;1
627 ;5148 ;IMPORT5148;De 00:00 a 10:00 R60 ;00:00 ;10:00 ;15 ;15 ;10:00 ;60 ;9:00;04:15 ;05:15 ;0
628 ;5149 ;IMPORT5149;De 06:00 a 15:00 R60 ;06:00 ;15:00 ;15 ;15 ;09:00 ;60 ;8:00;09:45 ;10:45 ;1
629 ;5150 ;IMPORT5150;De 06:00 a 16:00 R60 ;06:00 ;16:00 ;15 ;15 ;10:00 ;60 ;9:00;10:45 ;11:45 ;0
630 ;5151 ;IMPORT5151;De 17:00 a 02:00 R60 ;17:00 ;02:00 ;15 ;15 ;09:00 ;60 ;8:00;20:30 ;21:30 ;1
631 ;5152 ;IMPORT5152;De 17:00 a 03:00 R60 ;17:00 ;03:00 ;15 ;15 ;10:00 ;60 ;9:00;21:15 ;22:15 ;0
632 ;5153 ;IMPORT5153;De 12:00 a 21:00 R60 ;12:00 ;21:00 ;15 ;15 ;09:00 ;60 ;8:00;16:35 ;17:35 ;1
633 ;5154 ;IMPORT5154;De 15:00 a 00:00 R60 ;15:00 ;00:00 ;15 ;15 ;09:00 ;60 ;8:00;19:35 ;20:35 ;1
634 ;5155 ;IMPORT5155;De 15:00 a 01:00 R60 ;15:00 ;01:00 ;15 ;15 ;10:00 ;60 ;9:00;19:05 ;20:05 ;0
635 ;5156 ;IMPORT5156;De 06:00 a 16:00 R60 ;06:00 ;16:00 ;15 ;15 ;10:00 ;60 ;9:00;10:15 ;11:15 ;0
636 ;5157 ;IMPORT5157;De 11:00 a 21:00 R60 ;11:00 ;21:00 ;15 ;15 ;10:00 ;60 ;9:00;15:15 ;16:15 ;0
637 ;5158 ;IMPORT5158;De 02:00 a 11:00 R60 ;02:00 ;11:00 ;15 ;15 ;09:00 ;60 ;8:00;05:45 ;06:45 ;1
638 ;5159 ;IMPORT5159;De 02:00 a 12:00 R60 ;02:00 ;12:00 ;15 ;15 ;10:00 ;60 ;9:00;05:45 ;06:45 ;0
639 ;5160 ;IMPORT5160;De 15:00 a 01:00 R60 ;15:00 ;01:00 ;15 ;15 ;10:00 ;60 ;9:00;18:30 ;19:30 ;0
640 ;5161 ;IMPORT5161;De 04:00 a 13:00 R60 ;04:00 ;13:00 ;15 ;15 ;09:00 ;60 ;8:00;07:45 ;08:45 ;1
641 ;5162 ;IMPORT5162;De 04:00 a 14:00 R60 ;04:00 ;14:00 ;15 ;15 ;10:00 ;60 ;9:00;08:45 ;09:45 ;0
642 ;5163 ;IMPORT5163;De 08:30 a 18:30 R60 ;08:30 ;18:30 ;30 ;0 ;10:00 ;60 ;9:00;14:00 ;15:00 ;0
643 ;5164 ;IMPORT5164;De 09:30 a 19:00 R60 ;09:30 ;19:00 ;15 ;15 ;09:30 ;60 ;8:30;14:30 ;15:30 ;1
644 ;5165 ;IMPORT5165;De 06:00 a 16:00 R60 ;06:00 ;16:00 ;15 ;15 ;10:00 ;60 ;9:00;12:15 ;13:15 ;0
645 ;5166 ;IMPORT5166;De 06:00 a 16:00 R60 ;06:00 ;16:00 ;15 ;15 ;10:00 ;60 ;9:00;12:30 ;13:30 ;0
646 ;5167 ;IMPORT5167;De 08:00 a 18:00 R60 ;08:00 ;18:00 ;30 ;0 ;10:00 ;60 ;9:00;15:00 ;16:00 ;0
647 ;5168 ;IMPORT5168;De 08:00 a 18:30 R60 ;08:00 ;18:30 ;15 ;15 ;10:30 ;60 ;9:30;11:10 ;12:10 ;0
648 ;5169 ;IMPORT5169;De 08:00 a 18:30 R60 ;08:00 ;18:30 ;15 ;15 ;10:30 ;60 ;9:30;14:00 ;15:00 ;0
649 ;5170 ;IMPORT5170;De 08:00 a 19:00 R60 ;08:00 ;19:00 ;15 ;15 ;11:00 ;60 ;10:00;14:45 ;15:45 ;0
650 ;5171 ;IMPORT5171;De 08:30 a 19:00 R60 ;08:30 ;19:00 ;15 ;15 ;10:30 ;60 ;9:30;13:30 ;14:30 ;0
651 ;5172 ;IMPORT5172;De 09:00 a 20:00 R60 ;09:00 ;20:00 ;15 ;15 ;11:00 ;60 ;10:00;15:45 ;16:45 ;0
652 ;5173 ;IMPORT5173;De 07:00 a 17:30 R60 ;07:00 ;17:30 ;15 ;15 ;10:30 ;60 ;9:30;10:15 ;11:15 ;0
653 ;5174 ;IMPORT5174;De 12:00 a 22:00 R60 ;12:00 ;22:00 ;15 ;15 ;10:00 ;60 ;9:00;18:25 ;19:25 ;0
654 ;5175 ;IMPORT5175;De 08:30 a 18:00 R60 ;08:30 ;18:00 ;15 ;15 ;09:30 ;60 ;8:30;13:15 ;14:15 ;1
655 ;5176 ;IMPORT5176;De 09:00 a 20:00 R60 ;09:00 ;20:00 ;15 ;15 ;11:00 ;60 ;10:00;14:20 ;15:20 ;0
656 ;5177 ;IMPORT5177;De 09:00 a 20:00 R60 ;09:00 ;20:00 ;15 ;15 ;11:00 ;60 ;10:00;15:20 ;16:20 ;0
657 ;5178 ;IMPORT5178;De 09:30 a 19:30 R60 ;09:30 ;19:30 ;30 ;0 ;10:00 ;60 ;9:00;14:30 ;15:30 ;0
658 ;5179 ;IMPORT5179;De 10:30 a 21:30 R60 ;10:30 ;21:30 ;30 ;0 ;11:00 ;60 ;10:00;15:30 ;16:30 ;0
659 ;5180 ;IMPORT5180;De 06:00 a 15:00 R60 ;06:00 ;15:00 ;30 ;0 ;09:00 ;60 ;8:00;10:30 ;11:30 ;1
660 ;5181 ;IMPORT5181;De 07:30 a 17:00 R60 ;07:30 ;17:00 ;15 ;15 ;09:30 ;60 ;8:30;13:15 ;14:15 ;1
661 ;5182 ;IMPORT5182;De 08:30 a 17:30 R60 ;08:30 ;17:30 ;15 ;15 ;09:00 ;60 ;8:00;13:45 ;14:45 ;1
662 ;5183 ;IMPORT5183;De 08:30 a 18:30 R60 ;08:30 ;18:30 ;30 ;0 ;10:00 ;60 ;9:00;14:30 ;15:30 ;0
663 ;5184 ;IMPORT5184;De 09:30 a 20:30 R60 ;09:30 ;20:30 ;30 ;0 ;11:00 ;60 ;10:00;16:30 ;17:30 ;0
664 ;5185 ;IMPORT5185;De 10:00 a 20:00 R60 ;10:00 ;20:00 ;30 ;0 ;10:00 ;60 ;9:00;16:00 ;17:00 ;0
665 ;5186 ;IMPORT5186;De 19:00 a 04:00 R60 ;19:00 ;04:00 ;15 ;15 ;09:00 ;60 ;8:00;23:05 ;00:05 ;1
666 ;5187 ;IMPORT5187;De 09:00 a 18:00 R0 ;09:00 ;18:00 ;15 ;15 ;09:00 ;0 ;9:00;;;1
667 ;5188 ;IMPORT5188;De 08:00 a 18:00 R60 ;08:00 ;18:00 ;15 ;15 ;10:00 ;60 ;9:00;13:25 ;14:25 ;0
668 ;5189 ;IMPORT5189;De 08:00 a 18:00 R60 ;08:00 ;18:00 ;15 ;15 ;10:00 ;60 ;9:00;14:15 ;15:15 ;0
669 ;5190 ;IMPORT5190;De 10:00 a 21:00 R60 ;10:00 ;21:00 ;15 ;15 ;11:00 ;60 ;10:00;16:45 ;17:45 ;0
670 ;5191 ;IMPORT5191;De 09:30 a 20:00 R60 ;09:30 ;20:00 ;15 ;15 ;10:30 ;60 ;9:30;14:45 ;15:45 ;0
671 ;5192 ;IMPORT5192;De 13:30 a 23:30 R60 ;13:30 ;23:30 ;15 ;15 ;10:00 ;60 ;9:00;18:05 ;19:05 ;0
672 ;5193 ;IMPORT5193;De 19:30 a 05:30 R60 ;19:30 ;05:30 ;15 ;15 ;10:00 ;60 ;9:00;23:30 ;00:30 ;0
673 ;5194 ;IMPORT5194;De 07:00 a 17:00 R60 ;07:00 ;17:00 ;15 ;15 ;10:00 ;60 ;9:00;12:45 ;13:45 ;0
674 ;5195 ;IMPORT5195;De 07:30 a 18:30 R60 ;07:30 ;18:30 ;15 ;15 ;11:00 ;60 ;10:00;13:00 ;14:00 ;0
675 ;5196 ;IMPORT5196;De 08:00 a 17:30 R60 ;08:00 ;17:30 ;15 ;15 ;09:30 ;60 ;8:30;11:30 ;12:30 ;1
676 ;5197 ;IMPORT5197;De 08:00 a 18:00 R60 ;08:00 ;18:00 ;15 ;15 ;10:00 ;60 ;9:00;11:25 ;12:25 ;0
677 ;5198 ;IMPORT5198;De 02:00 a 11:00 R60 ;02:00 ;11:00 ;15 ;15 ;09:00 ;60 ;8:00;07:00 ;08:00 ;1
678 ;5199 ;IMPORT5199;De 02:00 a 12:00 R60 ;02:00 ;12:00 ;15 ;15 ;10:00 ;60 ;9:00;08:00 ;09:00 ;0
679 ;5200 ;IMPORT5200;De 07:00 a 16:30 R60 ;07:00 ;16:30 ;15 ;15 ;09:30 ;60 ;8:30;10:35 ;11:35 ;1
680 ;5201 ;IMPORT5201;De 07:00 a 16:30 R60 ;07:00 ;16:30 ;15 ;15 ;09:30 ;60 ;8:30;11:20 ;12:20 ;1
681 ;5202 ;IMPORT5202;De 07:00 a 16:30 R60 ;07:00 ;16:30 ;15 ;15 ;09:30 ;60 ;8:30;11:25 ;12:25 ;1
682 ;5203 ;IMPORT5203;De 11:00 a 21:00 R60 ;11:00 ;21:00 ;15 ;15 ;10:00 ;60 ;9:00;17:25 ;18:25 ;0
683 ;5204 ;IMPORT5204;De 23:00 a 08:00 R60 ;23:00 ;08:00 ;15 ;15 ;09:00 ;60 ;8:00;02:15 ;03:15 ;1
684 ;5205 ;IMPORT5205;De 23:00 a 08:00 R60 ;23:00 ;08:00 ;15 ;15 ;09:00 ;60 ;8:00;04:45 ;05:45 ;1
685 ;5206 ;IMPORT5206;De 23:00 a 09:00 R60 ;23:00 ;09:00 ;15 ;15 ;10:00 ;60 ;9:00;02:00 ;03:00 ;0
686 ;5207 ;IMPORT5207;De 23:00 a 09:00 R60 ;23:00 ;09:00 ;15 ;15 ;10:00 ;60 ;9:00;05:00 ;06:00 ;0
687 ;5208 ;IMPORT5208;De 07:00 a 18:00 R60 ;07:00 ;18:00 ;15 ;15 ;11:00 ;60 ;10:00;12:45 ;13:45 ;0
688 ;5209 ;IMPORT5209;De 07:00 a 18:00 R60 ;07:00 ;18:00 ;15 ;15 ;11:00 ;60 ;10:00;12:50 ;13:50 ;0
689 ;5210 ;IMPORT5210;De 07:30 a 18:30 R60 ;07:30 ;18:30 ;15 ;15 ;11:00 ;60 ;10:00;12:50 ;13:50 ;0
690 ;5211 ;IMPORT5211;De 08:00 a 19:00 R60 ;08:00 ;19:00 ;15 ;15 ;11:00 ;60 ;10:00;13:40 ;14:40 ;0
691 ;5212 ;IMPORT5212;De 09:30 a 20:30 R60 ;09:30 ;20:30 ;15 ;15 ;11:00 ;60 ;10:00;16:15 ;17:15 ;0
692 ;5213 ;IMPORT5213;De 10:00 a 21:00 R60 ;10:00 ;21:00 ;15 ;15 ;11:00 ;60 ;10:00;15:40 ;16:40 ;0
693 ;5214 ;IMPORT5214;De 14:30 a 00:30 R60 ;14:30 ;00:30 ;15 ;15 ;10:00 ;60 ;9:00;17:30 ;18:30 ;0
694 ;5215 ;IMPORT5215;De 15:00 a 02:00 R60 ;15:00 ;02:00 ;30 ;0 ;11:00 ;60 ;10:00;20:30 ;21:30 ;0
695 ;5216 ;IMPORT5216;De 17:00 a 03:00 R60 ;17:00 ;03:00 ;30 ;0 ;10:00 ;60 ;9:00;21:30 ;22:30 ;0
696 ;5217 ;IMPORT5217;De 20:30 a 06:30 R60 ;20:30 ;06:30 ;15 ;15 ;10:00 ;60 ;9:00;00:10 ;01:10 ;0
697 ;5218 ;IMPORT5218;De 23:30 a 09:30 R60 ;23:30 ;09:30 ;15 ;15 ;10:00 ;60 ;9:00;03:10 ;04:10 ;0
698 ;5219 ;IMPORT5219;De 07:00 a 17:30 R60 ;07:00 ;17:30 ;15 ;15 ;10:30 ;60 ;9:30;10:55 ;11:55 ;0
699 ;5220 ;IMPORT5220;De 07:00 a 17:30 R60 ;07:00 ;17:30 ;15 ;15 ;10:30 ;60 ;9:30;13:40 ;14:40 ;0
700 ;5221 ;IMPORT5221;De 07:00 a 18:00 R60 ;07:00 ;18:00 ;15 ;15 ;11:00 ;60 ;10:00;13:50 ;14:50 ;0
701 ;5222 ;IMPORT5222;De 07:30 a 18:30 R60 ;07:30 ;18:30 ;15 ;15 ;11:00 ;60 ;10:00;13:50 ;14:50 ;0
702 ;5223 ;IMPORT5223;De 09:00 a 18:00 R60 ;09:00 ;18:00 ;15 ;15 ;09:00 ;60 ;8:00;13:25 ;14:25 ;1
703 ;5224 ;IMPORT5224;De 09:00 a 19:00 R60 ;09:00 ;19:00 ;15 ;15 ;10:00 ;60 ;9:00;13:30 ;14:30 ;0
704 ;5225 ;IMPORT5225;De 21:00 a 02:00 R0 ;21:00 ;02:00 ;15 ;0 ;05:00 ;0 ;5:00;;;0
705 ;5226 ;IMPORT5226;De 21:00 a 07:00 R60 ;21:00 ;07:00 ;15 ;15 ;10:00 ;60 ;9:00;00:00 ;01:00 ;0
706 ;5227 ;IMPORT5227;De 21:00 a 07:00 R60 ;21:00 ;07:00 ;15 ;15 ;10:00 ;60 ;9:00;00:35 ;01:35 ;0
707 ;5228 ;IMPORT5228;De 21:00 a 07:00 R60 ;21:00 ;07:00 ;15 ;15 ;10:00 ;60 ;9:00;01:10 ;02:10 ;0
708 ;5229 ;IMPORT5229;De 12:00 a 21:00 R60 ;12:00 ;21:00 ;30 ;0 ;09:00 ;60 ;8:00;18:30 ;19:30 ;1
709 ;5230 ;IMPORT5230;De 08:00 a 18:00 R0 ;08:00 ;18:00 ;30 ;0 ;10:00 ;0 ;10:00;;;0
710 ;5231 ;IMPORT5231;De 08:30 a 18:30 R0 ;08:30 ;18:30 ;30 ;0 ;10:00 ;0 ;10:00;;;0
711 ;5232 ;IMPORT5232;De 14:00 a 23:00 R60 ;14:00 ;23:00 ;30 ;0 ;09:00 ;60 ;8:00;20:30 ;21:30 ;1
712 ;5233 ;IMPORT5233;De 02:00 a 11:00 R60 ;02:00 ;11:00 ;15 ;15 ;09:00 ;60 ;8:00;07:30 ;08:30 ;1
713 ;5234 ;IMPORT5234;De 07:00 a 16:00 R60 ;07:00 ;16:00 ;15 ;15 ;09:00 ;60 ;8:00;12:45 ;13:45 ;1
714 ;5235 ;IMPORT5235;De 07:00 a 17:00 R60 ;07:00 ;17:00 ;15 ;15 ;10:00 ;60 ;9:00;12:55 ;13:55 ;0
715 ;5236 ;IMPORT5236;De 08:00 a 17:00 R60 ;08:00 ;17:00 ;15 ;15 ;09:00 ;60 ;8:00;12:55 ;13:55 ;1
716 ;5237 ;IMPORT5237;De 22:00 a 08:00 R60 ;22:00 ;08:00 ;15 ;15 ;10:00 ;60 ;9:00;04:30 ;05:30 ;0
717 ;5238 ;IMPORT5238;De 08:00 a 17:00 R60 ;08:00 ;17:00 ;15 ;15 ;09:00 ;60 ;8:00;13:35 ;14:35 ;1
718 ;5239 ;IMPORT5239;De 08:00 a 18:00 R60 ;08:00 ;18:00 ;15 ;15 ;10:00 ;60 ;9:00;13:45 ;14:45 ;0
719 ;5240 ;IMPORT5240;De 09:00 a 19:00 R60 ;09:00 ;19:00 ;15 ;15 ;10:00 ;60 ;9:00;14:45 ;15:45 ;0
720 ;5241 ;IMPORT5241;De 12:00 a 22:00 R60 ;12:00 ;22:00 ;15 ;15 ;10:00 ;60 ;9:00;17:45 ;18:45 ;0
721 ;5242 ;IMPORT5242;De 17:00 a 02:00 R60 ;17:00 ;02:00 ;15 ;15 ;09:00 ;60 ;8:00;21:05 ;22:05 ;1
722 ;5243 ;IMPORT5243;De 17:00 a 03:00 R60 ;17:00 ;03:00 ;15 ;15 ;10:00 ;60 ;9:00;21:35 ;22:35 ;0
723 ;5244 ;IMPORT5244;De 22:00 a 07:00 R60 ;22:00 ;07:00 ;15 ;15 ;09:00 ;60 ;8:00;02:05 ;03:05 ;1
724 ;5245 ;IMPORT5245;De 21:00 a 06:00 R60 ;21:00 ;06:00 ;15 ;15 ;09:00 ;60 ;8:00;01:05 ;02:05 ;1
725 ;5246 ;IMPORT5246;De 17:00 a 13:00 R0 ;17:00 ;13:00 ;0 ;0 ;20:00 ;0 ;20:00;;;0
726 ;5247 ;IMPORT5247;De 05:00 a 14:00 R60 ;05:00 ;14:00 ;15 ;15 ;09:00 ;60 ;8:00;10:00 ;11:00 ;1
727 ;5248 ;IMPORT5248;De 05:00 a 15:00 R60 ;05:00 ;15:00 ;15 ;15 ;10:00 ;60 ;9:00;10:00 ;11:00 ;0
728 ;5249 ;IMPORT5249;De 05:00 a 15:00 R60 ;05:00 ;15:00 ;15 ;15 ;10:00 ;60 ;9:00;09:15 ;10:15 ;0
729 ;5250 ;IMPORT5250;De 11:00 a 21:00 R60 ;11:00 ;21:00 ;0 ;0 ;10:00 ;60 ;9:00;15:00 ;16:00 ;0
730 ;5251 ;IMPORT5251;De 20:00 a 06:00 R60 ;20:00 ;06:00 ;0 ;0 ;10:00 ;60 ;9:00;23:00 ;00:00 ;0
731 ;5252 ;IMPORT5252;De 20:00 a 05:00 R60 ;20:00 ;05:00 ;0 ;0 ;09:00 ;60 ;8:00;00:00 ;01:00 ;1
732 ;5253 ;IMPORT5253;De 20:00 a 06:00 R60 ;20:00 ;06:00 ;0 ;0 ;10:00 ;60 ;9:00;00:00 ;01:00 ;0
733 ;5254 ;IMPORT5254;De 10:00 a 18:00 R60 ;10:00 ;18:00 ;0 ;0 ;08:00 ;60 ;7:00;14:00 ;15:00 ;1
734 ;5255 ;IMPORT5255;De 14:00 a 00:00 R60 ;14:00 ;00:00 ;0 ;0 ;10:00 ;60 ;9:00;18:00 ;19:00 ;0
735 ;5256 ;IMPORT5256;De 14:00 a 23:00 R60 ;14:00 ;23:00 ;0 ;0 ;09:00 ;60 ;8:00;18:00 ;19:00 ;1
736 ;5257 ;IMPORT5257;De 00:00 a 09:00 R60 ;00:00 ;09:00 ;15 ;15 ;09:00 ;60 ;8:00;04:00 ;05:00 ;1
737 ;5258 ;IMPORT5258;De 00:00 a 10:00 R60 ;00:00 ;10:00 ;15 ;15 ;10:00 ;60 ;9:00;04:00 ;05:00 ;0
738 ;5259 ;IMPORT5259;De 07:00 a 17:00 R60 ;07:00 ;17:00 ;0 ;0 ;10:00 ;60 ;9:00;12:00 ;13:00 ;0
739 ;5260 ;IMPORT5260;De 08:00 a 18:00 R60 ;08:00 ;18:00 ;15 ;15 ;10:00 ;60 ;9:00;12:05 ;13:05 ;0
740 ;5261 ;IMPORT5261;De 09:00 a 19:00 R60 ;09:00 ;19:00 ;0 ;0 ;10:00 ;60 ;9:00;13:00 ;14:00 ;0
741 ;5262 ;IMPORT5262;De 15:00 a 01:00 R0 ;15:00 ;01:00 ;15 ;15 ;10:00 ;0 ;10:00;;;0
742 ;5263 ;IMPORT5263;De 16:00 a 02:00 R60 ;16:00 ;02:00 ;0 ;0 ;10:00 ;60 ;9:00;20:00 ;21:00 ;0
743 ;5264 ;IMPORT5264;De 13:00 a 23:00 R60 ;13:00 ;23:00 ;15 ;15 ;10:00 ;60 ;9:00;17:05 ;18:05 ;0
744 ;5265 ;IMPORT5265;De 17:00 a 03:00 R60 ;17:00 ;03:00 ;15 ;15 ;10:00 ;60 ;9:00;22:05 ;23:05 ;0
745 ;5266 ;IMPORT5266;De 18:00 a 03:00 R60 ;18:00 ;03:00 ;15 ;15 ;09:00 ;60 ;8:00;22:05 ;23:05 ;1
746 ;5267 ;IMPORT5267;De 18:00 a 03:00 R60 ;18:00 ;03:00 ;15 ;15 ;09:00 ;60 ;8:00;23:05 ;00:05 ;1
747 ;5268 ;IMPORT5268;De 19:00 a 03:00 R60 ;19:00 ;03:00 ;15 ;15 ;08:00 ;60 ;7:00;23:05 ;00:05 ;1
748 ;5269 ;IMPORT5269;De 07:00 a 16:30 R60 ;07:00 ;16:30 ;15 ;15 ;09:30 ;60 ;8:30;10:30 ;11:30 ;1
749 ;5270 ;IMPORT5270;De 07:30 a 17:00 R60 ;07:30 ;17:00 ;15 ;15 ;09:30 ;60 ;8:30;12:15 ;13:15 ;1
750 ;5271 ;IMPORT5271;De 08:00 a 19:00 R60 ;08:00 ;19:00 ;15 ;15 ;11:00 ;60 ;10:00;14:35 ;15:35 ;0
751 ;5272 ;IMPORT5272;De 10:30 a 20:00 R60 ;10:30 ;20:00 ;15 ;15 ;09:30 ;60 ;8:30;15:15 ;16:15 ;1
752 ;5273 ;IMPORT5273;De 06:00 a 15:00 R60 ;06:00 ;15:00 ;15 ;15 ;09:00 ;60 ;8:00;09:15 ;10:15 ;1
753 ;5274 ;IMPORT5274;De 06:00 a 16:00 R60 ;06:00 ;16:00 ;15 ;15 ;10:00 ;60 ;9:00;11:15 ;12:15 ;0
754 ;5275 ;IMPORT5275;De 06:00 a 16:00 R60 ;06:00 ;16:00 ;15 ;15 ;10:00 ;60 ;9:00;11:25 ;12:25 ;0
755 ;5276 ;IMPORT5276;De 07:30 a 18:30 R60 ;07:30 ;18:30 ;15 ;15 ;11:00 ;60 ;10:00;12:30 ;13:30 ;0
756 ;5277 ;IMPORT5277;De 08:00 a 17:00 R60 ;08:00 ;17:00 ;15 ;15 ;09:00 ;60 ;8:00;12:25 ;13:25 ;1
757 ;5278 ;IMPORT5278;De 08:00 a 17:00 R60 ;08:00 ;17:00 ;15 ;15 ;09:00 ;60 ;8:00;12:50 ;13:50 ;1
758 ;5279 ;IMPORT5279;De 08:30 a 19:00 R60 ;08:30 ;19:00 ;15 ;15 ;10:30 ;60 ;9:30;11:35 ;12:35 ;0
759 ;5280 ;IMPORT5280;De 08:30 a 19:00 R60 ;08:30 ;19:00 ;15 ;15 ;10:30 ;60 ;9:30;14:45 ;15:45 ;0
760 ;5281 ;IMPORT5281;De 08:00 a 18:00 R60 ;08:00 ;18:00 ;15 ;15 ;10:00 ;60 ;9:00;12:15 ;13:15 ;0
761 ;5282 ;IMPORT5282;De 08:00 a 18:00 R60 ;08:00 ;18:00 ;15 ;15 ;10:00 ;60 ;9:00;13:15 ;14:15 ;0
762 ;5283 ;IMPORT5283;De 08:00 a 18:00 R60 ;08:00 ;18:00 ;15 ;15 ;10:00 ;60 ;9:00;14:25 ;15:25 ;0
763 ;5284 ;IMPORT5284;De 08:30 a 19:30 R60 ;08:30 ;19:30 ;15 ;15 ;11:00 ;60 ;10:00;13:35 ;14:35 ;0
764 ;5285 ;IMPORT5285;De 09:30 a 20:00 R60 ;09:30 ;20:00 ;15 ;15 ;10:30 ;60 ;9:30;13:35 ;14:35 ;0
765 ;5286 ;IMPORT5286;De 09:30 a 20:00 R60 ;09:30 ;20:00 ;15 ;15 ;10:30 ;60 ;9:30;14:30 ;15:30 ;0
766 ;5287 ;IMPORT5287;De 07:00 a 17:00 R60 ;07:00 ;17:00 ;15 ;15 ;10:00 ;60 ;9:00;12:40 ;13:40 ;0
767 ;5288 ;IMPORT5288;De 02:00 a 12:00 R60 ;02:00 ;12:00 ;15 ;15 ;10:00 ;60 ;9:00;07:15 ;08:15 ;0
768 ;5289 ;IMPORT5289;De 08:00 a 19:00 R60 ;08:00 ;19:00 ;15 ;15 ;11:00 ;60 ;10:00;13:20 ;14:20 ;0
769 ;5290 ;IMPORT5290;De 08:30 a 19:30 R60 ;08:30 ;19:30 ;15 ;15 ;11:00 ;60 ;10:00;14:10 ;15:10 ;0
770 ;5291 ;IMPORT5291;De 09:00 a 20:00 R60 ;09:00 ;20:00 ;15 ;15 ;11:00 ;60 ;10:00;12:00 ;13:00 ;0
771 ;5292 ;IMPORT5292;De 11:00 a 20:00 R60 ;11:00 ;20:00 ;15 ;15 ;09:00 ;60 ;8:00;15:25 ;16:25 ;1
772 ;5293 ;IMPORT5293;De 23:00 a 08:00 R60 ;23:00 ;08:00 ;15 ;15 ;09:00 ;60 ;8:00;04:15 ;05:15 ;1
773 ;5294 ;IMPORT5294;De 23:00 a 09:00 R60 ;23:00 ;09:00 ;15 ;15 ;10:00 ;60 ;9:00;05:30 ;06:30 ;0
774 ;5295 ;IMPORT5295;De 09:30 a 20:00 R60 ;09:30 ;20:00 ;15 ;15 ;10:30 ;60 ;9:30;13:55 ;14:55 ;0
775 ;5296 ;IMPORT5296;De 07:00 a 17:30 R60 ;07:00 ;17:30 ;15 ;15 ;10:30 ;60 ;9:30;12:30 ;13:30 ;0
776 ;5297 ;IMPORT5297;De 12:00 a 22:00 R60 ;12:00 ;22:00 ;15 ;15 ;10:00 ;60 ;9:00;17:30 ;18:30 ;0
777 ;5298 ;IMPORT5298;De 12:00 a 22:00 R60 ;12:00 ;22:00 ;15 ;15 ;10:00 ;60 ;9:00;18:15 ;19:15 ;0
778 ;5299 ;IMPORT5299;De 09:00 a 20:00 R60 ;09:00 ;20:00 ;15 ;15 ;11:00 ;60 ;10:00;15:25 ;16:25 ;0
779 ;5300 ;IMPORT5300;De 09:30 a 19:00 R60 ;09:30 ;19:00 ;15 ;15 ;09:30 ;60 ;8:30;12:35 ;13:35 ;1
780 ;5301 ;IMPORT5301;De 09:30 a 19:00 R60 ;09:30 ;19:00 ;15 ;15 ;09:30 ;60 ;8:30;12:55 ;13:55 ;1
781 ;5302 ;IMPORT5302;De 09:30 a 19:00 R60 ;09:30 ;19:00 ;15 ;15 ;09:30 ;60 ;8:30;13:35 ;14:35 ;1
782 ;5303 ;IMPORT5303;De 09:30 a 19:00 R60 ;09:30 ;19:00 ;15 ;15 ;09:30 ;60 ;8:30;13:50 ;14:50 ;1
783 ;5304 ;IMPORT5304;De 08:00 a 17:00 R60 ;08:00 ;17:00 ;15 ;15 ;09:00 ;60 ;8:00;13:05 ;14:05 ;1
784 ;5305 ;IMPORT5305;De 08:00 a 17:30 R60 ;08:00 ;17:30 ;15 ;15 ;09:30 ;60 ;8:30;12:05 ;13:05 ;1
785 ;5306 ;IMPORT5306;De 08:30 a 18:00 R60 ;08:30 ;18:00 ;15 ;15 ;09:30 ;60 ;8:30;13:20 ;14:20 ;1
786 ;5307 ;IMPORT5307;De 11:00 a 21:00 R60 ;11:00 ;21:00 ;15 ;15 ;10:00 ;60 ;9:00;16:45 ;17:45 ;0
787 ;5308 ;IMPORT5308;De 13:00 a 22:00 R60 ;13:00 ;22:00 ;15 ;15 ;09:00 ;60 ;8:00;18:45 ;19:45 ;1
788 ;5309 ;IMPORT5309;De 06:00 a 17:00 R60 ;06:00 ;17:00 ;30 ;0 ;11:00 ;60 ;10:00;13:30 ;14:30 ;0
789 ;5310 ;IMPORT5310;De 08:30 a 18:30 R60 ;08:30 ;18:30 ;30 ;0 ;10:00 ;60 ;9:00;15:00 ;16:00 ;0
790 ;5311 ;IMPORT5311;De 11:00 a 22:00 R60 ;11:00 ;22:00 ;30 ;0 ;11:00 ;60 ;10:00;16:30 ;17:30 ;0
791 ;5312 ;IMPORT5312;De 16:00 a 03:00 R60 ;16:00 ;03:00 ;30 ;0 ;11:00 ;60 ;10:00;21:00 ;22:00 ;0
792 ;5313 ;IMPORT5313;De 17:00 a 03:00 R60 ;17:00 ;03:00 ;30 ;0 ;10:00 ;60 ;9:00;21:00 ;22:00 ;0
793 ;5314 ;IMPORT5314;De 07:00 a 17:30 R60 ;07:00 ;17:30 ;15 ;15 ;10:30 ;60 ;9:30;11:40 ;12:40 ;0
794 ;5315 ;IMPORT5315;De 07:00 a 18:00 R60 ;07:00 ;18:00 ;15 ;15 ;11:00 ;60 ;10:00;12:20 ;13:20 ;0
795 ;5316 ;IMPORT5316;De 07:00 a 18:00 R60 ;07:00 ;18:00 ;15 ;15 ;11:00 ;60 ;10:00;12:25 ;13:25 ;0
796 ;5317 ;IMPORT5317;De 07:00 a 18:00 R60 ;07:00 ;18:00 ;15 ;15 ;11:00 ;60 ;10:00;13:10 ;14:10 ;0
797 ;5318 ;IMPORT5318;De 10:00 a 21:00 R60 ;10:00 ;21:00 ;15 ;15 ;11:00 ;60 ;10:00;15:20 ;16:20 ;0
798 ;5319 ;IMPORT5319;De 10:00 a 21:00 R60 ;10:00 ;21:00 ;15 ;15 ;11:00 ;60 ;10:00;16:20 ;17:20 ;0
799 ;5320 ;IMPORT5320;De 10:30 a 20:00 R60 ;10:30 ;20:00 ;15 ;15 ;09:30 ;60 ;8:30;13:50 ;14:50 ;1
800 ;5321 ;IMPORT5321;De 10:30 a 21:00 R60 ;10:30 ;21:00 ;15 ;15 ;10:30 ;60 ;9:30;13:40 ;14:40 ;0
801 ;5322 ;IMPORT5322;De 10:30 a 21:00 R60 ;10:30 ;21:00 ;15 ;15 ;10:30 ;60 ;9:30;13:45 ;14:45 ;0
802 ;5323 ;IMPORT5323;De 09:00 a 20:00 R60 ;09:00 ;20:00 ;30 ;0 ;11:00 ;60 ;10:00;16:45 ;17:45 ;0
803 ;5325 ;IMPORT5325;De 08:30 a 19:00 R60 ;08:30 ;19:00 ;15 ;15 ;10:30 ;60 ;9:30;14:15 ;15:15 ;0
804 ;5326 ;IMPORT5326;De 09:00 a 18:30 R60 ;09:00 ;18:30 ;15 ;15 ;09:30 ;60 ;8:30;13:15 ;14:15 ;1
805 ;5327 ;IMPORT5327;De 06:00 a 16:00 R60 ;06:00 ;16:00 ;15 ;15 ;10:00 ;60 ;9:00;09:10 ;10:10 ;0
806 ;5328 ;IMPORT5328;De 07:30 a 18:30 R60 ;07:30 ;18:30 ;15 ;15 ;11:00 ;60 ;10:00;15:00 ;16:00 ;0
807 ;5329 ;IMPORT5329;De 13:30 a 22:30 R60 ;13:30 ;22:30 ;15 ;15 ;09:00 ;60 ;8:00;18:15 ;19:15 ;1
808 ;5330 ;IMPORT5330;De 13:30 a 22:30 R60 ;13:30 ;22:30 ;15 ;15 ;09:00 ;60 ;8:00;18:45 ;19:45 ;1
809 ;5331 ;IMPORT5331;De 14:00 a 23:00 R60 ;14:00 ;23:00 ;15 ;15 ;09:00 ;60 ;8:00;19:30 ;20:30 ;1
810 ;5332 ;IMPORT5332;De 08:00 a 19:00 R60 ;08:00 ;19:00 ;15 ;15 ;11:00 ;60 ;10:00;15:25 ;16:25 ;0
811 ;5333 ;IMPORT5333;De 08:30 a 19:30 R60 ;08:30 ;19:30 ;15 ;15 ;11:00 ;60 ;10:00;13:55 ;14:55 ;0
812 ;5334 ;IMPORT5334;De 10:00 a 19:00 R60 ;10:00 ;19:00 ;15 ;15 ;09:00 ;60 ;8:00;14:05 ;15:05 ;1
813 ;5335 ;IMPORT5335;De 12:00 a 21:00 R60 ;12:00 ;21:00 ;15 ;15 ;09:00 ;60 ;8:00;16:45 ;17:45 ;1
814 ;5336 ;IMPORT5336;De 12:00 a 21:00 R60 ;12:00 ;21:00 ;15 ;15 ;09:00 ;60 ;8:00;17:10 ;18:10 ;1
815 ;5337 ;IMPORT5337;De 12:00 a 21:00 R60 ;12:00 ;21:00 ;15 ;15 ;09:00 ;60 ;8:00;17:15 ;18:15 ;1
816 ;5338 ;IMPORT5338;De 12:30 a 21:30 R60 ;12:30 ;21:30 ;15 ;15 ;09:00 ;60 ;8:00;17:00 ;18:00 ;1
817 ;5339 ;IMPORT5339;De 13:00 a 00:00 R60 ;13:00 ;00:00 ;15 ;15 ;11:00 ;60 ;10:00;17:10 ;18:10 ;0
818 ;5340 ;IMPORT5340;De 13:00 a 00:00 R60 ;13:00 ;00:00 ;15 ;15 ;11:00 ;60 ;10:00;18:00 ;19:00 ;0
819 ;5341 ;IMPORT5341;De 13:00 a 00:00 R60 ;13:00 ;00:00 ;15 ;15 ;11:00 ;60 ;10:00;19:30 ;20:30 ;0
820 ;5342 ;IMPORT5342;De 13:00 a 22:00 R60 ;13:00 ;22:00 ;15 ;15 ;09:00 ;60 ;8:00;17:45 ;18:45 ;1
821 ;5343 ;IMPORT5343;De 13:30 a 00:30 R60 ;13:30 ;00:30 ;15 ;15 ;11:00 ;60 ;10:00;17:15 ;18:15 ;0
822 ;5344 ;IMPORT5344;De 13:30 a 00:30 R60 ;13:30 ;00:30 ;15 ;15 ;11:00 ;60 ;10:00;18:15 ;19:15 ;0
823 ;5345 ;IMPORT5345;De 13:30 a 00:30 R60 ;13:30 ;00:30 ;15 ;15 ;11:00 ;60 ;10:00;18:30 ;19:30 ;0
824 ;5346 ;IMPORT5346;De 13:30 a 22:30 R60 ;13:30 ;22:30 ;15 ;15 ;09:00 ;60 ;8:00;17:30 ;18:30 ;1
825 ;5347 ;IMPORT5347;De 13:30 a 22:30 R60 ;13:30 ;22:30 ;15 ;15 ;09:00 ;60 ;8:00;17:45 ;18:45 ;1
826 ;5348 ;IMPORT5348;De 13:30 a 22:30 R60 ;13:30 ;22:30 ;15 ;15 ;09:00 ;60 ;8:00;18:00 ;19:00 ;1
827 ;5349 ;IMPORT5349;De 13:30 a 22:30 R60 ;13:30 ;22:30 ;15 ;15 ;09:00 ;60 ;8:00;18:30 ;19:30 ;1
828 ;5350 ;IMPORT5350;De 14:30 a 23:30 R60 ;14:30 ;23:30 ;15 ;15 ;09:00 ;60 ;8:00;18:55 ;19:55 ;1
829 ;5351 ;IMPORT5351;De 15:00 a 00:00 R60 ;15:00 ;00:00 ;15 ;15 ;09:00 ;60 ;8:00;19:10 ;20:10 ;1
830 ;5352 ;IMPORT5352;De 16:00 a 01:00 R60 ;16:00 ;01:00 ;15 ;15 ;09:00 ;60 ;8:00;20:15 ;21:15 ;1
831 ;5353 ;IMPORT5353;De 12:30 a 23:30 R60 ;12:30 ;23:30 ;15 ;15 ;11:00 ;60 ;10:00;17:30 ;18:30 ;0
832 ;5354 ;IMPORT5354;De 13:00 a 00:00 R60 ;13:00 ;00:00 ;15 ;15 ;11:00 ;60 ;10:00;16:45 ;17:45 ;0
833 ;5355 ;IMPORT5355;De 13:30 a 00:30 R60 ;13:30 ;00:30 ;15 ;15 ;11:00 ;60 ;10:00;18:00 ;19:00 ;0
834 ;5356 ;IMPORT5356;De 13:30 a 22:30 R60 ;13:30 ;22:30 ;15 ;15 ;09:00 ;60 ;8:00;18:40 ;19:40 ;1
835 ;5357 ;IMPORT5357;De 13:00 a 00:00 R60 ;13:00 ;00:00 ;15 ;15 ;11:00 ;60 ;10:00;18:15 ;19:15 ;0
836 ;5358 ;IMPORT5358;De 13:00 a 22:00 R60 ;13:00 ;22:00 ;15 ;15 ;09:00 ;60 ;8:00;18:15 ;19:15 ;1
837 ;5359 ;IMPORT5359;De 13:30 a 00:30 R60 ;13:30 ;00:30 ;15 ;15 ;11:00 ;60 ;10:00;19:15 ;20:15 ;0
838 ;5360 ;IMPORT5360;De 14:30 a 23:30 R60 ;14:30 ;23:30 ;15 ;15 ;09:00 ;60 ;8:00;18:15 ;19:15 ;1
839 ;5361 ;IMPORT5361;De 15:30 a 00:30 R60 ;15:30 ;00:30 ;15 ;15 ;09:00 ;60 ;8:00;19:30 ;20:30 ;1
840 ;5362 ;IMPORT5362;De 10:30 a 19:30 R60 ;10:30 ;19:30 ;15 ;15 ;09:00 ;60 ;8:00;14:45 ;15:45 ;1
841 ;5363 ;IMPORT5363;De 12:00 a 21:00 R60 ;12:00 ;21:00 ;15 ;15 ;09:00 ;60 ;8:00;16:15 ;17:15 ;1
842 ;5364 ;IMPORT5364;De 12:00 a 23:00 R60 ;12:00 ;23:00 ;15 ;15 ;11:00 ;60 ;10:00;17:15 ;18:15 ;0
843 ;5365 ;IMPORT5365;De 12:30 a 21:30 R60 ;12:30 ;21:30 ;15 ;15 ;09:00 ;60 ;8:00;18:15 ;19:15 ;1
844 ;5366 ;IMPORT5366;De 12:30 a 23:30 R60 ;12:30 ;23:30 ;15 ;15 ;11:00 ;60 ;10:00;17:55 ;18:55 ;0
845 ;5367 ;IMPORT5367;De 12:30 a 23:30 R60 ;12:30 ;23:30 ;15 ;15 ;11:00 ;60 ;10:00;19:00 ;20:00 ;0
846 ;5368 ;IMPORT5368;De 13:00 a 00:00 R60 ;13:00 ;00:00 ;15 ;15 ;11:00 ;60 ;10:00;18:45 ;19:45 ;0
847 ;5369 ;IMPORT5369;De 13:30 a 00:30 R60 ;13:30 ;00:30 ;15 ;15 ;11:00 ;60 ;10:00;18:10 ;19:10 ;0
848 ;5370 ;IMPORT5370;De 13:30 a 22:30 R60 ;13:30 ;22:30 ;15 ;15 ;09:00 ;60 ;8:00;18:25 ;19:25 ;1
849 ;5371 ;IMPORT5371;De 14:00 a 23:00 R60 ;14:00 ;23:00 ;15 ;15 ;09:00 ;60 ;8:00;18:30 ;19:30 ;1
850 ;5372 ;IMPORT5372;De 15:00 a 00:00 R60 ;15:00 ;00:00 ;15 ;15 ;09:00 ;60 ;8:00;18:45 ;19:45 ;1
851 ;5373 ;IMPORT5373;De 15:00 a 00:00 R60 ;15:00 ;00:00 ;15 ;15 ;09:00 ;60 ;8:00;19:15 ;20:15 ;1
852 ;5374 ;IMPORT5374;De 16:00 a 01:00 R60 ;16:00 ;01:00 ;15 ;15 ;09:00 ;60 ;8:00;19:15 ;20:15 ;1
853 ;5375 ;IMPORT5375;De 23:30 a 08:30 R0 ;23:30 ;08:30 ;15 ;15 ;09:00 ;0 ;9:00;;;1
854 ;5376 ;IMPORT5376;De 09:00 a 19:00 R60 ;09:00 ;19:00 ;15 ;15 ;10:00 ;60 ;9:00;15:30 ;16:30 ;0
855 ;5377 ;IMPORT5377;De 09:30 a 20:30 R60 ;09:30 ;20:30 ;15 ;15 ;11:00 ;60 ;10:00;15:15 ;16:15 ;0
856 ;5378 ;IMPORT5378;De 12:00 a 22:00 R60 ;12:00 ;22:00 ;15 ;15 ;10:00 ;60 ;9:00;17:00 ;18:00 ;0
857 ;5379 ;IMPORT5379;De 14:30 a 23:30 R60 ;14:30 ;23:30 ;15 ;15 ;09:00 ;60 ;8:00;18:30 ;19:30 ;1
858 ;5380 ;IMPORT5380;De 01:30 a 11:30 R60 ;01:30 ;11:30 ;15 ;15 ;10:00 ;60 ;9:00;07:00 ;08:00 ;0
859 ;5381 ;IMPORT5381;De 08:00 a 17:30 R60 ;08:00 ;17:30 ;15 ;15 ;09:30 ;60 ;8:30;14:15 ;15:15 ;1
860 ;5382 ;IMPORT5382;De 13:00 a 00:00 R60 ;13:00 ;00:00 ;15 ;15 ;11:00 ;60 ;10:00;17:45 ;18:45 ;0
861 ;5383 ;IMPORT5383;De 13:30 a 00:30 R60 ;13:30 ;00:30 ;15 ;15 ;11:00 ;60 ;10:00;17:30 ;18:30 ;0
862 ;5384 ;IMPORT5384;De 13:30 a 22:30 R60 ;13:30 ;22:30 ;15 ;15 ;09:00 ;60 ;8:00;17:35 ;18:35 ;1
863 ;5385 ;IMPORT5385;De 13:30 a 22:30 R60 ;13:30 ;22:30 ;15 ;15 ;09:00 ;60 ;8:00;18:10 ;19:10 ;1
864 ;5386 ;IMPORT5386;De 14:00 a 23:00 R60 ;14:00 ;23:00 ;15 ;15 ;09:00 ;60 ;8:00;18:15 ;19:15 ;1
865 ;5387 ;IMPORT5387;De 07:00 a 16:00 R60 ;07:00 ;16:00 ;15 ;15 ;09:00 ;60 ;8:00;11:20 ;12:20 ;1
866 ;5388 ;IMPORT5388;De 07:00 a 18:00 R60 ;07:00 ;18:00 ;15 ;15 ;11:00 ;60 ;10:00;10:15 ;11:15 ;0
867 ;5389 ;IMPORT5389;De 07:00 a 18:00 R60 ;07:00 ;18:00 ;15 ;15 ;11:00 ;60 ;10:00;10:45 ;11:45 ;0
868 ;5390 ;IMPORT5390;De 13:30 a 00:30 R60 ;13:30 ;00:30 ;15 ;15 ;11:00 ;60 ;10:00;16:45 ;17:45 ;0
869 ;5391 ;IMPORT5391;De 13:30 a 00:30 R60 ;13:30 ;00:30 ;15 ;15 ;11:00 ;60 ;10:00;17:00 ;18:00 ;0
870 ;5392 ;IMPORT5392;De 13:30 a 00:30 R60 ;13:30 ;00:30 ;15 ;15 ;11:00 ;60 ;10:00;18:45 ;19:45 ;0
871 ;5393 ;IMPORT5393;De 15:30 a 00:30 R60 ;15:30 ;00:30 ;15 ;15 ;09:00 ;60 ;8:00;19:45 ;20:45 ;1
872 ;5394 ;IMPORT5394;De 07:00 a 18:00 R60 ;07:00 ;18:00 ;15 ;15 ;11:00 ;60 ;10:00;14:15 ;15:15 ;0
873 ;5395 ;IMPORT5395;De 07:30 a 17:30 R60 ;07:30 ;17:30 ;15 ;15 ;10:00 ;60 ;9:00;14:00 ;15:00 ;0
874 ;5396 ;IMPORT5396;De 09:30 a 20:00 R60 ;09:30 ;20:00 ;15 ;15 ;10:30 ;60 ;9:30;13:15 ;14:15 ;0
875 ;5397 ;IMPORT5397;De 10:00 a 19:00 R60 ;10:00 ;19:00 ;15 ;15 ;09:00 ;60 ;8:00;14:40 ;15:40 ;1
876 ;5398 ;IMPORT5398;De 12:30 a 21:30 R60 ;12:30 ;21:30 ;15 ;15 ;09:00 ;60 ;8:00;16:45 ;17:45 ;1
877 ;5399 ;IMPORT5399;De 12:30 a 21:30 R60 ;12:30 ;21:30 ;15 ;15 ;09:00 ;60 ;8:00;17:15 ;18:15 ;1
878 ;5400 ;IMPORT5400;De 12:30 a 21:30 R60 ;12:30 ;21:30 ;15 ;15 ;09:00 ;60 ;8:00;17:30 ;18:30 ;1
879 ;5401 ;IMPORT5401;De 12:30 a 23:30 R60 ;12:30 ;23:30 ;15 ;15 ;11:00 ;60 ;10:00;17:00 ;18:00 ;0
880 ;5402 ;IMPORT5402;De 15:30 a 00:30 R60 ;15:30 ;00:30 ;15 ;15 ;09:00 ;60 ;8:00;20:15 ;21:15 ;1
881 ;5403 ;IMPORT5403;De 12:30 a 23:30 R60 ;12:30 ;23:30 ;15 ;15 ;11:00 ;60 ;10:00;18:30 ;19:30 ;0
882 ;5404 ;IMPORT5404;De 13:00 a 00:00 R60 ;13:00 ;00:00 ;15 ;15 ;11:00 ;60 ;10:00;17:15 ;18:15 ;0
883 ;5405 ;IMPORT5405;De 13:00 a 00:00 R60 ;13:00 ;00:00 ;15 ;15 ;11:00 ;60 ;10:00;17:30 ;18:30 ;0
884 ;5406 ;IMPORT5406;De 14:00 a 01:00 R60 ;14:00 ;01:00 ;15 ;15 ;11:00 ;60 ;10:00;18:30 ;19:30 ;0
885 ;5407 ;IMPORT5407;De 15:30 a 00:30 R60 ;15:30 ;00:30 ;15 ;15 ;09:00 ;60 ;8:00;18:45 ;19:45 ;1
886 ;5408 ;IMPORT5408;De 07:00 a 16:00 R60 ;07:00 ;16:00 ;15 ;15 ;09:00 ;60 ;8:00;10:25 ;11:25 ;1
887 ;5409 ;IMPORT5409;De 07:30 a 17:00 R60 ;07:30 ;17:00 ;15 ;15 ;09:30 ;60 ;8:30;13:45 ;14:45 ;1
888 ;5410 ;IMPORT5410;De 12:00 a 20:00 R60 ;12:00 ;20:00 ;15 ;15 ;08:00 ;60 ;7:00;15:00 ;16:00 ;1
889 ;5411 ;IMPORT5411;De 15:00 a 00:00 R60 ;15:00 ;00:00 ;15 ;15 ;09:00 ;60 ;8:00;20:45 ;21:45 ;1
890 ;5412 ;IMPORT5412;De 07:00 a 16:30 R60 ;07:00 ;16:30 ;15 ;15 ;09:30 ;60 ;8:30;12:05 ;13:05 ;1
891 ;5413 ;IMPORT5413;De 08:30 a 17:30 R60 ;08:30 ;17:30 ;15 ;15 ;09:00 ;60 ;8:00;13:05 ;14:05 ;1
892 ;5414 ;IMPORT5414;De 09:30 a 19:00 R60 ;09:30 ;19:00 ;15 ;15 ;09:30 ;60 ;8:30;14:10 ;15:10 ;1
893 ;5415 ;IMPORT5415;De 13:30 a 22:30 R60 ;13:30 ;22:30 ;15 ;15 ;09:00 ;60 ;8:00;17:55 ;18:55 ;1
894 ;5416 ;IMPORT5416;De 14:00 a 01:00 R60 ;14:00 ;01:00 ;15 ;15 ;11:00 ;60 ;10:00;18:45 ;19:45 ;0
895 ;5417 ;IMPORT5417;De 14:30 a 23:30 R60 ;14:30 ;23:30 ;15 ;15 ;09:00 ;60 ;8:00;19:00 ;20:00 ;1
896 ;5418 ;IMPORT5418;De 15:00 a 00:00 R60 ;15:00 ;00:00 ;15 ;15 ;09:00 ;60 ;8:00;19:30 ;20:30 ;1
897 ;5419 ;IMPORT5419;De 13:30 a 22:30 R60 ;13:30 ;22:30 ;30 ;0 ;09:00 ;60 ;8:00;16:30 ;17:30 ;1
898 ;5420 ;IMPORT5420;De 14:30 a 23:30 R60 ;14:30 ;23:30 ;30 ;0 ;09:00 ;60 ;8:00;19:30 ;20:30 ;1
899 ;5421 ;IMPORT5421;De 14:30 a 23:30 R60 ;14:30 ;23:30 ;30 ;0 ;09:00 ;60 ;8:00;20:30 ;21:30 ;1
900 ;5422 ;IMPORT5422;De 07:30 a 18:30 R60 ;07:30 ;18:30 ;30 ;0 ;11:00 ;60 ;10:00;14:00 ;15:00 ;0
901 ;5423 ;IMPORT5423;De 14:30 a 23:30 R60 ;14:30 ;23:30 ;30 ;0 ;09:00 ;60 ;8:00;20:00 ;21:00 ;1
902 ;5424 ;IMPORT5424;De 10:30 a 21:30 R60 ;10:30 ;21:30 ;30 ;0 ;11:00 ;60 ;10:00;18:30 ;19:30 ;0
903 ;5425 ;IMPORT5425;De 10:00 a 21:00 R60 ;10:00 ;21:00 ;30 ;0 ;11:00 ;60 ;10:00;13:15 ;14:15 ;0
904 ;5426 ;IMPORT5426;De 08:30 a 18:00 R60 ;08:30 ;18:00 ;15 ;15 ;09:30 ;60 ;8:30;12:25 ;13:25 ;1
905 ;5427 ;IMPORT5427;De 07:30 a 16:30 R60 ;07:30 ;16:30 ;15 ;15 ;09:00 ;60 ;8:00;12:55 ;13:55 ;1
906 ;5428 ;IMPORT5428;De 07:30 a 17:00 R60 ;07:30 ;17:00 ;15 ;15 ;09:30 ;60 ;8:30;11:00 ;12:00 ;1
907 ;5429 ;IMPORT5429;De 11:30 a 20:00 R0 ;11:30 ;20:00 ;15 ;15 ;08:30 ;0 ;8:30;;;1
908 ;5430 ;IMPORT5430;De 10:30 a 19:30 R60 ;10:30 ;19:30 ;15 ;15 ;09:00 ;60 ;8:00;15:10 ;16:10 ;1
909 ;5431 ;IMPORT5431;De 07:00 a 17:30 R60 ;07:00 ;17:30 ;15 ;15 ;10:30 ;60 ;9:30;12:45 ;13:45 ;0
910 ;5432 ;IMPORT5432;De 08:00 a 17:30 R60 ;08:00 ;17:30 ;15 ;15 ;09:30 ;60 ;8:30;13:05 ;14:05 ;1
911 ;5433 ;IMPORT5433;De 08:30 a 18:00 R60 ;08:30 ;18:00 ;15 ;15 ;09:30 ;60 ;8:30;14:45 ;15:45 ;1
912 ;5434 ;IMPORT5434;De 06:00 a 17:00 R60 ;06:00 ;17:00 ;30 ;0 ;11:00 ;60 ;10:00;13:00 ;14:00 ;0
913 ;5435 ;IMPORT5435;De 08:30 a 19:30 R60 ;08:30 ;19:30 ;30 ;0 ;11:00 ;60 ;10:00;16:30 ;17:30 ;0
914 ;5436 ;IMPORT5436;De 03:00 a 13:00 R60 ;03:00 ;13:00 ;15 ;15 ;10:00 ;60 ;9:00;07:35 ;08:35 ;0
915 ;5437 ;IMPORT5437;De 22:00 a 01:00 R0 ;22:00 ;01:00 ;15 ;15 ;03:00 ;0 ;3:00;;;1
916 ;5438 ;IMPORT5438;De 10:30 a 20:30 R60 ;10:30 ;20:30 ;30 ;0 ;10:00 ;60 ;9:00;16:30 ;17:30 ;0
917 ;5439 ;IMPORT5439;De 11:00 a 21:00 R60 ;11:00 ;21:00 ;30 ;0 ;10:00 ;60 ;9:00;16:00 ;17:00 ;0
918 ;5440 ;IMPORT5440;De 16:30 a 02:30 R60 ;16:30 ;02:30 ;30 ;0 ;10:00 ;60 ;9:00;20:30 ;21:30 ;0
919 ;5441 ;IMPORT5441;De 07:00 a 18:00 R60 ;07:00 ;18:00 ;15 ;15 ;11:00 ;60 ;10:00;13:25 ;14:25 ;0
920 ;5442 ;IMPORT5442;De 07:30 a 16:30 R60 ;07:30 ;16:30 ;15 ;15 ;09:00 ;60 ;8:00;11:50 ;12:50 ;1
921 ;5443 ;IMPORT5443;De 09:30 a 20:30 R60 ;09:30 ;20:30 ;15 ;15 ;11:00 ;60 ;10:00;15:45 ;16:45 ;0
922 ;5444 ;IMPORT5444;De 10:00 a 21:00 R60 ;10:00 ;21:00 ;15 ;15 ;11:00 ;60 ;10:00;15:55 ;16:55 ;0
923 ;5445 ;IMPORT5445;De 10:00 a 21:00 R60 ;10:00 ;21:00 ;15 ;15 ;11:00 ;60 ;10:00;16:35 ;17:35 ;0
924 ;5446 ;IMPORT5446;De 21:00 a 07:00 R60 ;21:00 ;07:00 ;15 ;15 ;10:00 ;60 ;9:00;02:35 ;03:35 ;0
925 ;5447 ;IMPORT5447;De 07:00 a 17:30 R60 ;07:00 ;17:30 ;15 ;15 ;10:30 ;60 ;9:30;11:15 ;12:15 ;0
926 ;5448 ;IMPORT5448;De 07:00 a 17:30 R60 ;07:00 ;17:30 ;15 ;15 ;10:30 ;60 ;9:30;11:30 ;12:30 ;0
927 ;5449 ;IMPORT5449;De 07:00 a 18:00 R60 ;07:00 ;18:00 ;15 ;15 ;11:00 ;60 ;10:00;12:10 ;13:10 ;0
928 ;5450 ;IMPORT5450;De 07:00 a 18:00 R60 ;07:00 ;18:00 ;15 ;15 ;11:00 ;60 ;10:00;13:55 ;14:55 ;0
929 ;5451 ;IMPORT5451;De 07:30 a 18:30 R60 ;07:30 ;18:30 ;15 ;15 ;11:00 ;60 ;10:00;14:55 ;15:55 ;0
930 ;5452 ;IMPORT5452;De 10:30 a 21:00 R60 ;10:30 ;21:00 ;15 ;15 ;10:30 ;60 ;9:30;13:55 ;14:55 ;0
931 ;5453 ;IMPORT5453;De 10:30 a 21:00 R60 ;10:30 ;21:00 ;15 ;15 ;10:30 ;60 ;9:30;14:25 ;15:25 ;0
932 ;5454 ;IMPORT5454;De 10:30 a 20:30 R60 ;10:30 ;20:30 ;30 ;0 ;10:00 ;60 ;9:00;15:00 ;16:00 ;0
933 ;5455 ;IMPORT5455;De 12:00 a 21:00 R60 ;12:00 ;21:00 ;15 ;15 ;09:00 ;60 ;8:00;16:40 ;17:40 ;1
934 ;5456 ;IMPORT5456;De 12:00 a 23:00 R60 ;12:00 ;23:00 ;15 ;15 ;11:00 ;60 ;10:00;16:45 ;17:45 ;0
935 ;5457 ;IMPORT5457;De 12:30 a 21:30 R60 ;12:30 ;21:30 ;15 ;15 ;09:00 ;60 ;8:00;16:55 ;17:55 ;1
936 ;5458 ;IMPORT5458;De 12:30 a 23:30 R60 ;12:30 ;23:30 ;15 ;15 ;11:00 ;60 ;10:00;16:45 ;17:45 ;0
937 ;5459 ;IMPORT5459;De 12:30 a 23:30 R60 ;12:30 ;23:30 ;15 ;15 ;11:00 ;60 ;10:00;18:15 ;19:15 ;0
938 ;5460 ;IMPORT5460;De 13:00 a 00:00 R60 ;13:00 ;00:00 ;15 ;15 ;11:00 ;60 ;10:00;17:00 ;18:00 ;0
939 ;5461 ;IMPORT5461;De 13:00 a 00:00 R60 ;13:00 ;00:00 ;15 ;15 ;11:00 ;60 ;10:00;18:30 ;19:30 ;0
940 ;5462 ;IMPORT5462;De 13:30 a 00:30 R60 ;13:30 ;00:30 ;15 ;15 ;11:00 ;60 ;10:00;17:45 ;18:45 ;0
941 ;5463 ;IMPORT5463;De 13:30 a 00:30 R60 ;13:30 ;00:30 ;15 ;15 ;11:00 ;60 ;10:00;18:40 ;19:40 ;0
942 ;5464 ;IMPORT5464;De 13:30 a 00:30 R60 ;13:30 ;00:30 ;15 ;15 ;11:00 ;60 ;10:00;19:00 ;20:00 ;0
943 ;5465 ;IMPORT5465;De 13:30 a 00:30 R60 ;13:30 ;00:30 ;15 ;15 ;11:00 ;60 ;10:00;19:45 ;20:45 ;0
944 ;5466 ;IMPORT5466;De 13:30 a 22:30 R60 ;13:30 ;22:30 ;15 ;15 ;09:00 ;60 ;8:00;17:00 ;18:00 ;1
945 ;5467 ;IMPORT5467;De 14:00 a 01:00 R60 ;14:00 ;01:00 ;15 ;15 ;11:00 ;60 ;10:00;19:00 ;20:00 ;0
946 ;5468 ;IMPORT5468;De 14:30 a 23:30 R60 ;14:30 ;23:30 ;15 ;15 ;09:00 ;60 ;8:00;18:45 ;19:45 ;1
947 ;5469 ;IMPORT5469;De 15:00 a 00:00 R60 ;15:00 ;00:00 ;15 ;15 ;09:00 ;60 ;8:00;18:15 ;19:15 ;1
948 ;5470 ;IMPORT5470;De 15:30 a 00:30 R60 ;15:30 ;00:30 ;15 ;15 ;09:00 ;60 ;8:00;20:00 ;21:00 ;1
949 ;5471 ;IMPORT5471;De 16:00 a 01:00 R60 ;16:00 ;01:00 ;15 ;15 ;09:00 ;60 ;8:00;19:10 ;20:10 ;1
950 ;5472 ;IMPORT5472;De 16:00 a 01:00 R60 ;16:00 ;01:00 ;15 ;15 ;09:00 ;60 ;8:00;19:30 ;20:30 ;1
951 ;5473 ;IMPORT5473;De 08:30 a 17:30 R60 ;08:30 ;17:30 ;15 ;15 ;09:00 ;60 ;8:00;13:10 ;14:10 ;1
952 ;5474 ;IMPORT5474;De 12:30 a 21:30 R60 ;12:30 ;21:30 ;15 ;15 ;09:00 ;60 ;8:00;18:00 ;19:00 ;1
953 ;5475 ;IMPORT5475;De 12:30 a 23:30 R60 ;12:30 ;23:30 ;15 ;15 ;11:00 ;60 ;10:00;17:15 ;18:15 ;0
954 ;5476 ;IMPORT5476;De 14:00 a 01:00 R60 ;14:00 ;01:00 ;15 ;15 ;11:00 ;60 ;10:00;18:00 ;19:00 ;0
955 ;5477 ;IMPORT5477;De 09:00 a 20:00 R60 ;09:00 ;20:00 ;30 ;0 ;11:00 ;60 ;10:00;13:15 ;14:15 ;0
956 ;5478 ;IMPORT5478;De 07:15 a 15:15 R0 ;07:15 ;15:15 ;15 ;15 ;08:00 ;0 ;8:00;;;1
957 ;5479 ;IMPORT5479;De 08:00 a 19:00 R60 ;08:00 ;19:00 ;15 ;15 ;11:00 ;60 ;10:00;12:45 ;13:45 ;0
958 ;5480 ;IMPORT5480;De 07:00 a 16:30 R60 ;07:00 ;16:30 ;15 ;15 ;09:30 ;60 ;8:30;12:00 ;13:00 ;1
959 ;5481 ;IMPORT5481;De 07:30 a 16:30 R60 ;07:30 ;16:30 ;15 ;15 ;09:00 ;60 ;8:00;11:15 ;12:15 ;1
960 ;5482 ;IMPORT5482;De 08:30 a 19:00 R60 ;08:30 ;19:00 ;15 ;15 ;10:30 ;60 ;9:30;11:55 ;12:55 ;0
961 ;5483 ;IMPORT5483;De 07:00 a 17:30 R60 ;07:00 ;17:30 ;15 ;15 ;10:30 ;60 ;9:30;10:00 ;11:00 ;0
962 ;5484 ;IMPORT5484;De 07:00 a 16:30 R60 ;07:00 ;16:30 ;15 ;15 ;09:30 ;60 ;8:30;12:10 ;13:10 ;1
963 ;5485 ;IMPORT5485;De 06:00 a 17:00 R60 ;06:00 ;17:00 ;15 ;15 ;11:00 ;60 ;10:00;10:30 ;11:30 ;0
964 ;5486 ;IMPORT5486;De 06:00 a 17:00 R60 ;06:00 ;17:00 ;15 ;15 ;11:00 ;60 ;10:00;10:45 ;11:45 ;0
965 ;5487 ;IMPORT5487;De 06:00 a 17:00 R60 ;06:00 ;17:00 ;15 ;15 ;11:00 ;60 ;10:00;11:00 ;12:00 ;0
966 ;5488 ;IMPORT5488;De 06:00 a 17:00 R60 ;06:00 ;17:00 ;15 ;15 ;11:00 ;60 ;10:00;11:45 ;12:45 ;0
967 ;5489 ;IMPORT5489;De 08:00 a 17:30 R60 ;08:00 ;17:30 ;15 ;15 ;09:30 ;60 ;8:30;11:10 ;12:10 ;1
968 ;5490 ;IMPORT5490;De 08:00 a 17:30 R60 ;08:00 ;17:30 ;15 ;15 ;09:30 ;60 ;8:30;11:20 ;12:20 ;1
969 ;5491 ;IMPORT5491;De 08:00 a 17:30 R60 ;08:00 ;17:30 ;15 ;15 ;09:30 ;60 ;8:30;11:25 ;12:25 ;1
970 ;5492 ;IMPORT5492;De 08:00 a 19:00 R60 ;08:00 ;19:00 ;15 ;15 ;11:00 ;60 ;10:00;13:25 ;14:25 ;0
971 ;5493 ;IMPORT5493;De 11:00 a 22:00 R60 ;11:00 ;22:00 ;30 ;0 ;11:00 ;60 ;10:00;19:00 ;20:00 ;0
972 ;5494 ;IMPORT5494;De 12:00 a 22:00 R0 ;12:00 ;22:00 ;15 ;15 ;10:00 ;0 ;10:00;;;0
973 ;5495 ;IMPORT5495;De 08:30 a 19:30 R60 ;08:30 ;19:30 ;15 ;15 ;11:00 ;60 ;10:00;14:45 ;15:45 ;0
974 ;5496 ;IMPORT5496;De 00:30 a 05:30 R0 ;00:30 ;05:30 ;15 ;0 ;05:00 ;0 ;5:00;;;0
975 ;5497 ;IMPORT5497;De 06:15 a 18:30 R0 ;06:15 ;18:30 ;15 ;15 ;12:15 ;0 ;12:15;;;0
976 ;5498 ;IMPORT5498;De 09:00 a 20:00 R60 ;09:00 ;20:00 ;15 ;15 ;11:00 ;60 ;10:00;16:25 ;17:25 ;0
977 ;5499 ;IMPORT5499;De 07:00 a 17:00 R60 ;07:00 ;17:00 ;15 ;15 ;10:00 ;60 ;9:00;11:05 ;12:05 ;0
978 ;5500 ;IMPORT5500;De 08:00 a 18:30 R60 ;08:00 ;18:30 ;15 ;15 ;10:30 ;60 ;9:30;12:15 ;13:15 ;0
979 ;5501 ;IMPORT5501;De 10:00 a 21:00 R60 ;10:00 ;21:00 ;15 ;15 ;11:00 ;60 ;10:00;14:15 ;15:15 ;0
980 ;5502 ;IMPORT5502;De 10:00 a 21:00 R60 ;10:00 ;21:00 ;15 ;15 ;11:00 ;60 ;10:00;14:45 ;15:45 ;0
981 ;5503 ;IMPORT5503;De 10:15 a 18:15 R60 ;10:15 ;18:15 ;15 ;15 ;08:00 ;60 ;7:00;15:00 ;16:00 ;1
982 ;5504 ;IMPORT5504;De 07:00 a 16:30 R60 ;07:00 ;16:30 ;15 ;15 ;09:30 ;60 ;8:30;11:05 ;12:05 ;1
983 ;5505 ;IMPORT5505;De 07:30 a 18:30 R60 ;07:30 ;18:30 ;15 ;15 ;11:00 ;60 ;10:00;13:15 ;14:15 ;0
984 ;5506 ;IMPORT5506;De 10:30 a 21:00 R60 ;10:30 ;21:00 ;15 ;15 ;10:30 ;60 ;9:30;13:30 ;14:30 ;0
985 ;5507 ;IMPORT5507;De 11:15 a 20:15 R60 ;11:15 ;20:15 ;15 ;15 ;09:00 ;60 ;8:00;15:30 ;16:30 ;1
986 ;5508 ;IMPORT5508;De 08:00 a 17:00 R60 ;08:00 ;17:00 ;30 ;0 ;09:00 ;60 ;8:00;10:30 ;11:30 ;1
987 ;5509 ;IMPORT5509;De 09:00 a 18:30 R60 ;09:00 ;18:30 ;15 ;15 ;09:30 ;60 ;8:30;12:45 ;13:45 ;1
988 ;5510 ;IMPORT5510;De 08:00 a 18:30 R60 ;08:00 ;18:30 ;15 ;15 ;10:30 ;60 ;9:30;11:55 ;12:55 ;0
989 ;5511 ;IMPORT5511;De 09:00 a 19:30 R60 ;09:00 ;19:30 ;15 ;15 ;10:30 ;60 ;9:30;13:45 ;14:45 ;0
990 ;5512 ;IMPORT5512;De 07:00 a 18:00 R60 ;07:00 ;18:00 ;15 ;15 ;11:00 ;60 ;10:00;14:30 ;15:30 ;0
991 ;5513 ;IMPORT5513;De 09:00 a 18:00 R60 ;09:00 ;18:00 ;15 ;15 ;09:00 ;60 ;8:00;14:25 ;15:25 ;1
992 ;5514 ;IMPORT5514;De 07:00 a 17:30 R60 ;07:00 ;17:30 ;15 ;15 ;10:30 ;60 ;9:30;11:45 ;12:45 ;0
993 ;5515 ;IMPORT5515;De 07:00 a 16:30 R60 ;07:00 ;16:30 ;15 ;15 ;09:30 ;60 ;8:30;11:35 ;12:35 ;1
994 ;5516 ;IMPORT5516;De 09:00 a 20:00 R60 ;09:00 ;20:00 ;15 ;15 ;11:00 ;60 ;10:00;15:35 ;16:35 ;0
995 ;5517 ;IMPORT5517;De 09:00 a 20:00 R60 ;09:00 ;20:00 ;15 ;15 ;11:00 ;60 ;10:00;15:40 ;16:40 ;0
996 ;5518 ;IMPORT5518;De 08:30 a 17:30 R60 ;08:30 ;17:30 ;15 ;15 ;09:00 ;60 ;8:00;13:50 ;14:50 ;1
997 ;5519 ;IMPORT5519;De 06:30 a 17:30 R60 ;06:30 ;17:30 ;30 ;0 ;11:00 ;60 ;10:00;14:00 ;15:00 ;0
998 ;5520 ;IMPORT5520;De 07:00 a 16:30 R60 ;07:00 ;16:30 ;15 ;15 ;09:30 ;60 ;8:30;11:10 ;12:10 ;1
999 ;5521 ;IMPORT5521;De 20:00 a 06:00 R60 ;20:00 ;06:00 ;15 ;15 ;10:00 ;60 ;9:00;01:05 ;02:05 ;0
1000 ;5522 ;IMPORT5522;De 23:00 a 09:00 R60 ;23:00 ;09:00 ;15 ;15 ;10:00 ;60 ;9:00;02:55 ;03:55 ;0
1001 ;5523 ;IMPORT5523;De 09:30 a 19:30 R60 ;09:30 ;19:30 ;30 ;0 ;10:00 ;60 ;9:00;16:30 ;17:30 ;0
1002 ;5524 ;IMPORT5524;De 10:30 a 20:00 R60 ;10:30 ;20:00 ;15 ;15 ;09:30 ;60 ;8:30;14:15 ;15:15 ;1
1003 ;5525 ;IMPORT5525;De 08:30 a 18:00 R60 ;08:30 ;18:00 ;15 ;15 ;09:30 ;60 ;8:30;13:45 ;14:45 ;1
1004 ;5526 ;IMPORT5526;De 07:30 a 17:00 R60 ;07:30 ;17:00 ;15 ;15 ;09:30 ;60 ;8:30;13:30 ;14:30 ;1
1005 ;5527 ;IMPORT5527;De 07:00 a 16:30 R60 ;07:00 ;16:30 ;15 ;15 ;09:30 ;60 ;8:30;10:50 ;11:50 ;1
1006 ;5528 ;IMPORT5528;De 10:30 a 20:00 R60 ;10:30 ;20:00 ;15 ;15 ;09:30 ;60 ;8:30;14:00 ;15:00 ;1
1007 ;5529 ;IMPORT5529;De 10:00 a 21:00 R60 ;10:00 ;21:00 ;15 ;15 ;11:00 ;60 ;10:00;15:50 ;16:50 ;0
1008 ;5530 ;IMPORT5530;De 09:30 a 20:30 R60 ;09:30 ;20:30 ;15 ;15 ;11:00 ;60 ;10:00;14:35 ;15:35 ;0
1009 ;5531 ;IMPORT5531;De 20:00 a 06:00 R60 ;20:00 ;06:00 ;15 ;15 ;10:00 ;60 ;9:00;23:30 ;00:30 ;0
1010 ;5532 ;IMPORT5532;De 23:30 a 09:30 R60 ;23:30 ;09:30 ;15 ;15 ;10:00 ;60 ;9:00;03:25 ;04:25 ;0
1011 ;5533 ;IMPORT5533;De 07:00 a 18:00 R60 ;07:00 ;18:00 ;15 ;15 ;11:00 ;60 ;10:00;12:35 ;13:35 ;0
1012 ;5534 ;IMPORT5534;De 07:30 a 18:30 R60 ;07:30 ;18:30 ;15 ;15 ;11:00 ;60 ;10:00;13:35 ;14:35 ;0
1013 ;5535 ;IMPORT5535;De 07:30 a 18:30 R60 ;07:30 ;18:30 ;15 ;15 ;11:00 ;60 ;10:00;13:45 ;14:45 ;0
1014 ;5536 ;IMPORT5536;De 08:30 a 17:30 R60 ;08:30 ;17:30 ;15 ;15 ;09:00 ;60 ;8:00;12:55 ;13:55 ;1
1015 ;5537 ;IMPORT5537;De 10:30 a 21:30 R60 ;10:30 ;21:30 ;30 ;0 ;11:00 ;60 ;10:00;16:00 ;17:00 ;0
1016 ;5538 ;IMPORT5538;De 10:30 a 21:30 R60 ;10:30 ;21:30 ;30 ;0 ;11:00 ;60 ;10:00;17:00 ;18:00 ;0
1017 ;5539 ;IMPORT5539;De 11:30 a 20:30 R60 ;11:30 ;20:30 ;30 ;0 ;09:00 ;60 ;8:00;17:00 ;18:00 ;1
1018 ;5540 ;IMPORT5540;De 09:00 a 18:30 R60 ;09:00 ;18:30 ;15 ;15 ;09:30 ;60 ;8:30;15:15 ;16:15 ;1
1019 ;5541 ;IMPORT5541;De 08:00 a 19:00 R60 ;08:00 ;19:00 ;15 ;15 ;11:00 ;60 ;10:00;14:40 ;15:40 ;0
1020 ;5542 ;IMPORT5542;De 08:30 a 19:00 R60 ;08:30 ;19:00 ;15 ;15 ;10:30 ;60 ;9:30;11:40 ;12:40 ;0
1021 ;5543 ;IMPORT5543;De 11:00 a 22:00 R60 ;11:00 ;22:00 ;30 ;0 ;11:00 ;60 ;10:00;18:30 ;19:30 ;0
1022 ;5544 ;IMPORT5544;De 07:00 a 16:30 R60 ;07:00 ;16:30 ;15 ;15 ;09:30 ;60 ;8:30;11:40 ;12:40 ;1
1023 ;5545 ;IMPORT5545;De 08:30 a 18:00 R60 ;08:30 ;18:00 ;15 ;15 ;09:30 ;60 ;8:30;12:10 ;13:10 ;1
1024 ;5546 ;IMPORT5546;De 10:30 a 20:00 R60 ;10:30 ;20:00 ;15 ;15 ;09:30 ;60 ;8:30;14:45 ;15:45 ;1
1025 ;5547 ;IMPORT5547;De 10:30 a 20:30 R60 ;10:30 ;20:30 ;30 ;0 ;10:00 ;60 ;9:00;16:00 ;17:00 ;0
1026 ;5548 ;IMPORT5548;De 09:00 a 19:00 R60 ;09:00 ;19:00 ;30 ;0 ;10:00 ;60 ;9:00;16:00 ;17:00 ;0
1027 ;5549 ;IMPORT5549;De 09:30 a 18:30 R60 ;09:30 ;18:30 ;15 ;15 ;09:00 ;60 ;8:00;14:55 ;15:55 ;1
1028 ;5550 ;IMPORT5550;De 11:00 a 21:00 R60 ;11:00 ;21:00 ;30 ;0 ;10:00 ;60 ;9:00;18:00 ;19:00 ;0
1029 ;5551 ;IMPORT5551;De 12:30 a 21:30 R60 ;12:30 ;21:30 ;30 ;0 ;09:00 ;60 ;8:00;19:00 ;20:00 ;1
1030 ;5552 ;IMPORT5552;De 08:30 a 19:30 R60 ;08:30 ;19:30 ;15 ;15 ;11:00 ;60 ;10:00;13:40 ;14:40 ;0
1031 ;5553 ;IMPORT5553;De 07:30 a 16:30 R60 ;07:30 ;16:30 ;15 ;15 ;09:00 ;60 ;8:00;12:10 ;13:10 ;1
1032 ;5554 ;IMPORT5554;De 09:00 a 18:30 R60 ;09:00 ;18:30 ;15 ;15 ;09:30 ;60 ;8:30;13:45 ;14:45 ;1
1033 ;5555 ;IMPORT5555;De 11:00 a 21:00 R60 ;11:00 ;21:00 ;30 ;0 ;10:00 ;60 ;9:00;16:30 ;17:30 ;0
1034 ;5556 ;IMPORT5556;De 07:00 a 17:30 R60 ;07:00 ;17:30 ;15 ;15 ;10:30 ;60 ;9:30;10:30 ;11:30 ;0
1035 ;5557 ;IMPORT5557;De 10:00 a 21:00 R60 ;10:00 ;21:00 ;15 ;15 ;11:00 ;60 ;10:00;16:25 ;17:25 ;0
1036 ;5558 ;IMPORT5558;De 07:00 a 18:00 R60 ;07:00 ;18:00 ;15 ;15 ;11:00 ;60 ;10:00;13:40 ;14:40 ;0
1037 ;5559 ;IMPORT5559;De 07:30 a 18:30 R60 ;07:30 ;18:30 ;15 ;15 ;11:00 ;60 ;10:00;13:20 ;14:20 ;0
1038 ;5560 ;IMPORT5560;De 10:00 a 19:30 R60 ;10:00 ;19:30 ;15 ;15 ;09:30 ;60 ;8:30;13:15 ;14:15 ;1
1039 ;5561 ;IMPORT5561;De 22:30 a 03:30 R0 ;22:30 ;03:30 ;15 ;15 ;05:00 ;0 ;5:00;;;1
1040 ;5562 ;IMPORT5562;De 07:00 a 16:30 R60 ;07:00 ;16:30 ;15 ;15 ;09:30 ;60 ;8:30;12:25 ;13:25 ;1
1041 ;5563 ;IMPORT5563;De 07:00 a 17:30 R60 ;07:00 ;17:30 ;15 ;15 ;10:30 ;60 ;9:30;12:15 ;13:15 ;0
1042 ;5564 ;IMPORT5564;De 09:30 a 20:30 R60 ;09:30 ;20:30 ;15 ;15 ;11:00 ;60 ;10:00;14:40 ;15:40 ;0
1043 ;5565 ;IMPORT5565;De 10:30 a 21:00 R60 ;10:30 ;21:00 ;15 ;15 ;10:30 ;60 ;9:30;14:15 ;15:15 ;0
1044 ;5566 ;IMPORT5566;De 09:00 a 18:00 R60 ;09:00 ;18:00 ;15 ;15 ;09:00 ;60 ;8:00;13:35 ;14:35 ;1
1045 ;5567 ;IMPORT5567;De 08:00 a 17:30 R60 ;08:00 ;17:30 ;15 ;15 ;09:30 ;60 ;8:30;14:05 ;15:05 ;1
1046 ;5568 ;IMPORT5568;De 08:30 a 18:00 R60 ;08:30 ;18:00 ;15 ;15 ;09:30 ;60 ;8:30;14:15 ;15:15 ;1
1047 ;5569 ;IMPORT5569;De 08:00 a 19:00 R60 ;08:00 ;19:00 ;15 ;15 ;11:00 ;60 ;10:00;14:10 ;15:10 ;0
1048 ;5570 ;IMPORT5570;De 10:00 a 19:00 R60 ;10:00 ;19:00 ;15 ;15 ;09:00 ;60 ;8:00;14:25 ;15:25 ;1
1049 ;5571 ;IMPORT5571;De 08:00 a 17:30 R60 ;08:00 ;17:30 ;15 ;15 ;09:30 ;60 ;8:30;11:05 ;12:05 ;1
1050 ;5572 ;IMPORT5572;De 08:00 a 19:00 R60 ;08:00 ;19:00 ;15 ;15 ;11:00 ;60 ;10:00;13:35 ;14:35 ;0
1051 ;5573 ;IMPORT5573;De 09:00 a 20:00 R60 ;09:00 ;20:00 ;15 ;15 ;11:00 ;60 ;10:00;14:50 ;15:50 ;0
1052 ;5574 ;IMPORT5574;De 08:00 a 17:30 R60 ;08:00 ;17:30 ;15 ;15 ;09:30 ;60 ;8:30;11:35 ;12:35 ;1
1053 ;5575 ;IMPORT5575;De 08:30 a 18:00 R60 ;08:30 ;18:00 ;15 ;15 ;09:30 ;60 ;8:30;11:35 ;12:35 ;1
1054 ;5576 ;IMPORT5576;De 09:30 a 19:00 R60 ;09:30 ;19:00 ;15 ;15 ;09:30 ;60 ;8:30;13:20 ;14:20 ;1
1055 ;5577 ;IMPORT5577;De 09:30 a 19:00 R60 ;09:30 ;19:00 ;15 ;15 ;09:30 ;60 ;8:30;13:55 ;14:55 ;1
1056 ;5578 ;IMPORT5578;De 06:30 a 16:30 R60 ;06:30 ;16:30 ;30 ;0 ;10:00 ;60 ;9:00;13:30 ;14:30 ;0
1057 ;5579 ;IMPORT5579;De 08:30 a 17:30 R60 ;08:30 ;17:30 ;15 ;15 ;09:00 ;60 ;8:00;12:50 ;13:50 ;1
1058 ;5580 ;IMPORT5580;De 02:00 a 12:00 R60 ;02:00 ;12:00 ;15 ;15 ;10:00 ;60 ;9:00;07:45 ;08:45 ;0
1059 ;5581 ;IMPORT5581;De 07:00 a 17:30 R60 ;07:00 ;17:30 ;15 ;15 ;10:30 ;60 ;9:30;10:45 ;11:45 ;0
1060 ;5582 ;IMPORT5582;De 20:30 a 06:30 R60 ;20:30 ;06:30 ;15 ;15 ;10:00 ;60 ;9:00;00:55 ;01:55 ;0
1061 ;5583 ;IMPORT5583;De 17:30 a 03:30 R60 ;17:30 ;03:30 ;15 ;15 ;10:00 ;60 ;9:00;22:05 ;23:05 ;0
1062 ;5584 ;IMPORT5584;De 20:00 a 06:00 R60 ;20:00 ;06:00 ;15 ;15 ;10:00 ;60 ;9:00;00:45 ;01:45 ;0
1063 ;5585 ;IMPORT5585;De 21:00 a 07:00 R60 ;21:00 ;07:00 ;15 ;15 ;10:00 ;60 ;9:00;00:55 ;01:55 ;0
1064 ;5586 ;IMPORT5586;De 21:00 a 07:00 R60 ;21:00 ;07:00 ;15 ;15 ;10:00 ;60 ;9:00;02:25 ;03:25 ;0
1065 ;5587 ;IMPORT5587;De 23:30 a 02:30 R0 ;23:30 ;02:30 ;0 ;0 ;03:00 ;0 ;3:00;;;0
1066 ;5588 ;IMPORT5588;De 07:00 a 18:00 R60 ;07:00 ;18:00 ;15 ;15 ;11:00 ;60 ;10:00;13:35 ;14:35 ;0
1067 ;5589 ;IMPORT5589;De 07:30 a 16:30 R60 ;07:30 ;16:30 ;15 ;15 ;09:00 ;60 ;8:00;12:35 ;13:35 ;1
1068 ;5590 ;IMPORT5590;De 10:30 a 21:00 R60 ;10:30 ;21:00 ;15 ;15 ;10:30 ;60 ;9:30;13:50 ;14:50 ;0
1069 ;5591 ;IMPORT5591;De 21:00 a 07:00 R60 ;21:00 ;07:00 ;15 ;15 ;10:00 ;60 ;9:00;01:25 ;02:25 ;0
1070 ;5592 ;IMPORT5592;De 21:00 a 07:00 R60 ;21:00 ;07:00 ;15 ;15 ;10:00 ;60 ;9:00;01:30 ;02:30 ;0
1071 ;5593 ;IMPORT5593;De 21:00 a 07:00 R60 ;21:00 ;07:00 ;15 ;15 ;10:00 ;60 ;9:00;03:25 ;04:25 ;0
1072 ;5594 ;IMPORT5594;De 23:30 a 09:30 R60 ;23:30 ;09:30 ;15 ;15 ;10:00 ;60 ;9:00;03:55 ;04:55 ;0
1073 ;5595 ;IMPORT5595;De 23:30 a 09:30 R60 ;23:30 ;09:30 ;15 ;15 ;10:00 ;60 ;9:00;04:55 ;05:55 ;0
1074 ;5596 ;IMPORT5596;De 08:30 a 18:30 R60 ;08:30 ;18:30 ;30 ;0 ;10:00 ;60 ;9:00;15:30 ;16:30 ;0
1075 ;5597 ;IMPORT5597;De 11:00 a 22:00 R60 ;11:00 ;22:00 ;30 ;0 ;11:00 ;60 ;10:00;18:00 ;19:00 ;0
1076 ;5598 ;IMPORT5598;De 07:00 a 16:30 R60 ;07:00 ;16:30 ;15 ;15 ;09:30 ;60 ;8:30;10:55 ;11:55 ;1
1077 ;5599 ;IMPORT5599;De 08:00 a 18:30 R60 ;08:00 ;18:30 ;15 ;15 ;10:30 ;60 ;9:30;14:30 ;15:30 ;0
1078 ;5600 ;IMPORT5600;De 10:30 a 20:00 R60 ;10:30 ;20:00 ;15 ;15 ;09:30 ;60 ;8:30;16:00 ;17:00 ;1
1079 ;5601 ;IMPORT5601;De 08:00 a 19:00 R60 ;08:00 ;19:00 ;15 ;15 ;11:00 ;60 ;10:00;14:25 ;15:25 ;0
1080 ;5602 ;IMPORT5602;De 07:00 a 16:30 R60 ;07:00 ;16:30 ;15 ;15 ;09:30 ;60 ;8:30;13:10 ;14:10 ;1
1081 ;5603 ;IMPORT5603;De 09:00 a 20:00 R60 ;09:00 ;20:00 ;15 ;15 ;11:00 ;60 ;10:00;15:10 ;16:10 ;0
1082 ;5604 ;IMPORT5604;De 08:30 a 19:00 R60 ;08:30 ;19:00 ;15 ;15 ;10:30 ;60 ;9:30;13:00 ;14:00 ;0
1083 ;5605 ;IMPORT5605;De 08:30 a 19:30 R60 ;08:30 ;19:30 ;15 ;15 ;11:00 ;60 ;10:00;15:45 ;16:45 ;0
1084 ;5606 ;IMPORT5606;De 12:00 a 20:30 R0 ;12:00 ;20:30 ;15 ;15 ;08:30 ;0 ;8:30;;;1
1085 ;5607 ;IMPORT5607;De 09:00 a 19:30 R60 ;09:00 ;19:30 ;15 ;15 ;10:30 ;60 ;9:30;12:00 ;13:00 ;0
1086 ;5608 ;IMPORT5608;De 09:00 a 19:30 R60 ;09:00 ;19:30 ;15 ;15 ;10:30 ;60 ;9:30;13:30 ;14:30 ;0
1087 ;5609 ;IMPORT5609;De 07:00 a 16:30 R60 ;07:00 ;16:30 ;15 ;15 ;09:30 ;60 ;8:30;12:55 ;13:55 ;1
1088 ;5610 ;IMPORT5610;De 10:00 a 21:00 R60 ;10:00 ;21:00 ;15 ;15 ;11:00 ;60 ;10:00;17:05 ;18:05 ;0
1089 ;5611 ;IMPORT5611;De 07:00 a 16:30 R60 ;07:00 ;16:30 ;15 ;15 ;09:30 ;60 ;8:30;11:50 ;12:50 ;1
1090 ;5612 ;IMPORT5612;De 07:00 a 17:30 R60 ;07:00 ;17:30 ;15 ;15 ;10:30 ;60 ;9:30;11:35 ;12:35 ;0
1091 ;5613 ;IMPORT5613;De 07:30 a 18:30 R60 ;07:30 ;18:30 ;15 ;15 ;11:00 ;60 ;10:00;12:55 ;13:55 ;0
1092 ;5614 ;IMPORT5614;De 07:30 a 18:30 R60 ;07:30 ;18:30 ;15 ;15 ;11:00 ;60 ;10:00;13:05 ;14:05 ;0
1093 ;5615 ;IMPORT5615;De 07:30 a 18:30 R60 ;07:30 ;18:30 ;15 ;15 ;11:00 ;60 ;10:00;13:55 ;14:55 ;0
1094 ;5616 ;IMPORT5616;De 08:30 a 18:00 R60 ;08:30 ;18:00 ;15 ;15 ;09:30 ;60 ;8:30;12:55 ;13:55 ;1
1095 ;5617 ;IMPORT5617;De 10:30 a 20:00 R60 ;10:30 ;20:00 ;15 ;15 ;09:30 ;60 ;8:30;14:05 ;15:05 ;1
1096 ;5618 ;IMPORT5618;De 09:30 a 20:00 R60 ;09:30 ;20:00 ;15 ;15 ;10:30 ;60 ;9:30;12:55 ;13:55 ;0
1097 ;5619 ;IMPORT5619;De 09:30 a 18:30 R60 ;09:30 ;18:30 ;15 ;15 ;09:00 ;60 ;8:00;13:55 ;14:55 ;1
1098 ;5620 ;IMPORT5620;De 09:00 a 19:30 R60 ;09:00 ;19:30 ;15 ;15 ;10:30 ;60 ;9:30;14:00 ;15:00 ;0
1099 ;5621 ;IMPORT5621;De 09:30 a 20:00 R60 ;09:30 ;20:00 ;15 ;15 ;10:30 ;60 ;9:30;15:30 ;16:30 ;0
1100 ;5622 ;IMPORT5622;De 09:00 a 18:00 R60 ;09:00 ;18:00 ;15 ;15 ;09:00 ;60 ;8:00;13:40 ;14:40 ;1
1101 ;5623 ;IMPORT5623;De 09:30 a 18:30 R60 ;09:30 ;18:30 ;15 ;15 ;09:00 ;60 ;8:00;14:10 ;15:10 ;1
1102 ;5624 ;IMPORT5624;De 08:00 a 18:00 R60 ;08:00 ;18:00 ;15 ;15 ;10:00 ;60 ;9:00;12:55 ;13:55 ;0
1103 ;5625 ;IMPORT5625;De 11:30 a 21:30 R60 ;11:30 ;21:30 ;30 ;0 ;10:00 ;60 ;9:00;17:30 ;18:30 ;0
1104 ;5626 ;IMPORT5626;De 17:00 a 03:00 R60 ;17:00 ;03:00 ;15 ;15 ;10:00 ;60 ;9:00;22:00 ;23:00 ;0
1105 ;5627 ;IMPORT5627;De 22:00 a 08:00 R60 ;22:00 ;08:00 ;15 ;15 ;10:00 ;60 ;9:00;02:00 ;03:00 ;0
1106 ;5628 ;IMPORT5628;De 09:30 a 20:00 R60 ;09:30 ;20:00 ;15 ;15 ;10:30 ;60 ;9:30;12:35 ;13:35 ;0
1107 ;5629 ;IMPORT5629;De 08:00 a 17:30 R60 ;08:00 ;17:30 ;15 ;15 ;09:30 ;60 ;8:30;11:40 ;12:40 ;1
1108 ;5630 ;IMPORT5630;De 10:00 a 20:00 R60 ;10:00 ;20:00 ;30 ;0 ;10:00 ;60 ;9:00;17:00 ;18:00 ;0
1109 ;5631 ;IMPORT5631;De 09:00 a 19:30 R60 ;09:00 ;19:30 ;15 ;15 ;10:30 ;60 ;9:30;12:30 ;13:30 ;0
1110 ;5632 ;IMPORT5632;De 09:30 a 20:00 R60 ;09:30 ;20:00 ;15 ;15 ;10:30 ;60 ;9:30;15:00 ;16:00 ;0
1111 ;5633 ;IMPORT5633;De 14:30 a 00:30 R60 ;14:30 ;00:30 ;15 ;15 ;10:00 ;60 ;9:00;19:05 ;20:05 ;0
1112 ;5634 ;IMPORT5634;De 20:30 a 06:30 R60 ;20:30 ;06:30 ;15 ;15 ;10:00 ;60 ;9:00;23:30 ;00:30 ;0
1113 ;5635 ;IMPORT5635;De 07:00 a 18:00 R60 ;07:00 ;18:00 ;15 ;15 ;11:00 ;60 ;10:00;14:05 ;15:05 ;0
1114 ;5636 ;IMPORT5636;De 09:30 a 20:30 R60 ;09:30 ;20:30 ;15 ;15 ;11:00 ;60 ;10:00;16:20 ;17:20 ;0
1115 ;5637 ;IMPORT5637;De 09:30 a 20:30 R60 ;09:30 ;20:30 ;15 ;15 ;11:00 ;60 ;10:00;16:40 ;17:40 ;0
1116 ;5638 ;IMPORT5638;De 10:30 a 21:00 R60 ;10:30 ;21:00 ;15 ;15 ;10:30 ;60 ;9:30;14:05 ;15:05 ;0
1117 ;5639 ;IMPORT5639;De 14:00 a 00:00 R60 ;14:00 ;00:00 ;15 ;15 ;10:00 ;60 ;9:00;17:00 ;18:00 ;0
1118 ;5640 ;IMPORT5640;De 07:00 a 18:00 R60 ;07:00 ;18:00 ;15 ;15 ;11:00 ;60 ;10:00;14:25 ;15:25 ;0
1119 ;5641 ;IMPORT5641;De 07:30 a 17:00 R60 ;07:30 ;17:00 ;15 ;15 ;09:30 ;60 ;8:30;11:55 ;12:55 ;1
1120 ;5642 ;IMPORT5642;De 10:30 a 20:30 R60 ;10:30 ;20:30 ;30 ;0 ;10:00 ;60 ;9:00;17:30 ;18:30 ;0
1121 ;5643 ;IMPORT5643;De 07:30 a 17:00 R60 ;07:30 ;17:00 ;15 ;15 ;09:30 ;60 ;8:30;12:45 ;13:45 ;1
1122 ;5644 ;IMPORT5644;De 08:00 a 17:30 R60 ;08:00 ;17:30 ;15 ;15 ;09:30 ;60 ;8:30;12:25 ;13:25 ;1
1123 ;5645 ;IMPORT5645;De 09:00 a 19:30 R60 ;09:00 ;19:30 ;15 ;15 ;10:30 ;60 ;9:30;12:45 ;13:45 ;0
1124 ;5646 ;IMPORT5646;De 09:30 a 20:00 R60 ;09:30 ;20:00 ;15 ;15 ;10:30 ;60 ;9:30;15:15 ;16:15 ;0
1125 ;5647 ;IMPORT5647;De 09:30 a 20:30 R60 ;09:30 ;20:30 ;15 ;15 ;11:00 ;60 ;10:00;15:05 ;16:05 ;0
1126 ;5648 ;IMPORT5648;De 07:30 a 18:30 R60 ;07:30 ;18:30 ;15 ;15 ;11:00 ;60 ;10:00;13:10 ;14:10 ;0
1127 ;5649 ;IMPORT5649;De 10:30 a 21:00 R60 ;10:30 ;21:00 ;15 ;15 ;10:30 ;60 ;9:30;13:35 ;14:35 ;0
1128 ;5650 ;IMPORT5650;De 07:30 a 18:30 R60 ;07:30 ;18:30 ;15 ;15 ;11:00 ;60 ;10:00;13:25 ;14:25 ;0
1129 ;5651 ;IMPORT5651;De 08:00 a 19:00 R60 ;08:00 ;19:00 ;15 ;15 ;11:00 ;60 ;10:00;14:20 ;15:20 ;0
1130 ;5652 ;IMPORT5652;De 10:00 a 21:00 R60 ;10:00 ;21:00 ;15 ;15 ;11:00 ;60 ;10:00;15:35 ;16:35 ;0
1131 ;5653 ;IMPORT5653;De 09:30 a 19:00 R60 ;09:30 ;19:00 ;15 ;15 ;09:30 ;60 ;8:30;15:15 ;16:15 ;1
1132 ;5654 ;IMPORT5654;De 09:30 a 19:00 R60 ;09:30 ;19:00 ;15 ;15 ;09:30 ;60 ;8:30;15:25 ;16:25 ;1
1133 ;5655 ;IMPORT5655;De 09:30 a 19:00 R60 ;09:30 ;19:00 ;15 ;15 ;09:30 ;60 ;8:30;14:25 ;15:25 ;1
1134 ;5656 ;IMPORT5656;De 08:00 a 19:00 R60 ;08:00 ;19:00 ;30 ;0 ;11:00 ;60 ;10:00;16:00 ;17:00 ;0
1135 ;5657 ;IMPORT5657;De 07:30 a 17:30 R60 ;07:30 ;17:30 ;30 ;0 ;10:00 ;60 ;9:00;14:30 ;15:30 ;0
1136 ;5658 ;IMPORT5658;De 08:00 a 18:30 R60 ;08:00 ;18:30 ;15 ;15 ;10:30 ;60 ;9:30;11:30 ;12:30 ;0
1137 ;5659 ;IMPORT5659;De 09:00 a 19:30 R60 ;09:00 ;19:30 ;15 ;15 ;10:30 ;60 ;9:30;15:30 ;16:30 ;0
1138 ;5660 ;IMPORT5660;De 21:00 a 07:00 R60 ;21:00 ;07:00 ;15 ;15 ;10:00 ;60 ;9:00;00:05 ;01:05 ;0
1139 ;5661 ;IMPORT5661;De 11:30 a 21:30 R60 ;11:30 ;21:30 ;30 ;0 ;10:00 ;60 ;9:00;16:30 ;17:30 ;0
1140 ;5662 ;IMPORT5662;De 08:00 a 19:00 R60 ;08:00 ;19:00 ;30 ;0 ;11:00 ;60 ;10:00;14:50 ;15:50 ;0
1141 ;5663 ;IMPORT5663;De 07:30 a 17:30 R0 ;07:30 ;17:30 ;15 ;15 ;10:00 ;0 ;10:00;;;0
1142 ;5664 ;IMPORT5664;De 13:00 a 22:00 R60 ;13:00 ;22:00 ;15 ;15 ;09:00 ;60 ;8:00;16:15 ;17:15 ;1
1143 ;5665 ;IMPORT5665;De 12:30 a 21:30 R60 ;12:30 ;21:30 ;15 ;15 ;09:00 ;60 ;8:00;15:45 ;16:45 ;1
1144 ;5666 ;IMPORT5666;De 13:00 a 22:00 R60 ;13:00 ;22:00 ;15 ;15 ;09:00 ;60 ;8:00;16:45 ;17:45 ;1
1145 ;5667 ;IMPORT5667;De 06:00 a 17:00 R60 ;06:00 ;17:00 ;30 ;0 ;11:00 ;60 ;10:00;12:30 ;13:30 ;0
1146 ;5668 ;IMPORT5668;De 07:30 a 17:30 R60 ;07:30 ;17:30 ;30 ;0 ;10:00 ;60 ;9:00;13:30 ;14:30 ;0
1147 ;5669 ;IMPORT5669;De 06:00 a 16:00 R60 ;06:00 ;16:00 ;30 ;0 ;10:00 ;60 ;9:00;11:40 ;12:40 ;0
1148 ;5670 ;IMPORT5670;De 06:00 a 17:00 R60 ;06:00 ;17:00 ;30 ;0 ;11:00 ;60 ;10:00;12:15 ;13:15 ;0
1149 ;5671 ;IMPORT5671;De 06:00 a 17:00 R60 ;06:00 ;17:00 ;30 ;0 ;11:00 ;60 ;10:00;12:55 ;13:55 ;0
1150 ;5672 ;IMPORT5672;De 08:30 a 18:00 R60 ;08:30 ;18:00 ;15 ;15 ;09:30 ;60 ;8:30;14:10 ;15:10 ;1
1151 ;5673 ;IMPORT5673;De 10:00 a 18:30 R0 ;10:00 ;18:30 ;15 ;15 ;08:30 ;0 ;8:30;;;1
1152 ;5674 ;IMPORT5674;De 07:00 a 16:30 R60 ;07:00 ;16:30 ;15 ;15 ;09:30 ;60 ;8:30;11:55 ;12:55 ;1
1153 ;5675 ;IMPORT5675;De 12:00 a 22:00 R60 ;12:00 ;22:00 ;30 ;0 ;10:00 ;60 ;9:00;16:10 ;17:10 ;0
1154 ;5676 ;IMPORT5676;De 02:00 a 05:00 R0 ;02:00 ;05:00 ;0 ;0 ;03:00 ;0 ;3:00;;;0
1155 ;5677 ;IMPORT5677;De 08:00 a 18:00 R60 ;08:00 ;18:00 ;15 ;15 ;10:00 ;60 ;9:00;11:55 ;12:55 ;0
1156 ;5678 ;IMPORT5678;De 11:00 a 22:00 R60 ;11:00 ;22:00 ;30 ;0 ;11:00 ;60 ;10:00;16:15 ;17:15 ;0
1157 ;5679 ;IMPORT5679;De 12:00 a 22:00 R60 ;12:00 ;22:00 ;30 ;0 ;10:00 ;60 ;9:00;16:45 ;17:45 ;0
1158 ;5680 ;IMPORT5680;De 22:00 a 08:00 R60 ;22:00 ;08:00 ;15 ;15 ;10:00 ;60 ;9:00;02:45 ;03:45 ;0
1159 ;5681 ;IMPORT5681;De 07:00 a 17:30 R60 ;07:00 ;17:30 ;15 ;15 ;10:30 ;60 ;9:30;14:00 ;15:00 ;0
1160 ;5682 ;IMPORT5682;De 11:00 a 20:00 R60 ;11:00 ;20:00 ;15 ;15 ;09:00 ;60 ;8:00;15:55 ;16:55 ;1
1161 ;5683 ;IMPORT5683;De 22:00 a 08:00 R60 ;22:00 ;08:00 ;15 ;15 ;10:00 ;60 ;9:00;03:10 ;04:10 ;0
1162 ;5684 ;IMPORT5684;De 22:00 a 08:00 R60 ;22:00 ;08:00 ;15 ;15 ;10:00 ;60 ;9:00;03:45 ;04:45 ;0
1163 ;5685 ;IMPORT5685;De 06:00 a 17:00 R60 ;06:00 ;17:00 ;30 ;0 ;11:00 ;60 ;10:00;12:00 ;13:00 ;0
1164 ;5686 ;IMPORT5686;De 11:00 a 22:00 R60 ;11:00 ;22:00 ;30 ;0 ;11:00 ;60 ;10:00;17:00 ;18:00 ;0
1165 ;5687 ;IMPORT5687;De 13:00 a 22:00 R60 ;13:00 ;22:00 ;30 ;0 ;09:00 ;60 ;8:00;19:30 ;20:30 ;1
1166 ;5688 ;IMPORT5688;De 06:00 a 15:00 R60 ;06:00 ;15:00 ;15 ;15 ;09:00 ;60 ;8:00;10:40 ;11:40 ;1
1167 ;5689 ;IMPORT5689;De 06:30 a 15:30 R60 ;06:30 ;15:30 ;15 ;15 ;09:00 ;60 ;8:00;12:15 ;13:15 ;1
1168 ;5690 ;IMPORT5690;De 08:00 a 17:00 R60 ;08:00 ;17:00 ;15 ;15 ;09:00 ;60 ;8:00;11:45 ;12:45 ;1
1169 ;5691 ;IMPORT5691;De 09:00 a 18:00 R60 ;09:00 ;18:00 ;15 ;15 ;09:00 ;60 ;8:00;12:15 ;13:15 ;1
1170 ;5692 ;IMPORT5692;De 06:00 a 15:00 R60 ;06:00 ;15:00 ;15 ;15 ;09:00 ;60 ;8:00;10:15 ;11:15 ;1
1171 ;5693 ;IMPORT5693;De 08:30 a 17:30 R60 ;08:30 ;17:30 ;15 ;15 ;09:00 ;60 ;8:00;11:45 ;12:45 ;1
1172 ;5694 ;IMPORT5694;De 08:30 a 17:30 R60 ;08:30 ;17:30 ;15 ;15 ;09:00 ;60 ;8:00;12:15 ;13:15 ;1
1173 ;5695 ;IMPORT5695;De 09:00 a 18:00 R60 ;09:00 ;18:00 ;15 ;15 ;09:00 ;60 ;8:00;12:55 ;13:55 ;1
1174 ;5696 ;IMPORT5696;De 10:30 a 19:30 R60 ;10:30 ;19:30 ;15 ;15 ;09:00 ;60 ;8:00;13:45 ;14:45 ;1
1175 ;5697 ;IMPORT5697;De 10:30 a 19:30 R60 ;10:30 ;19:30 ;15 ;15 ;09:00 ;60 ;8:00;13:55 ;14:55 ;1
1176 ;5698 ;IMPORT5698;De 11:30 a 20:30 R60 ;11:30 ;20:30 ;15 ;15 ;09:00 ;60 ;8:00;17:15 ;18:15 ;1
1177 ;5699 ;IMPORT5699;De 12:00 a 21:00 R60 ;12:00 ;21:00 ;15 ;15 ;09:00 ;60 ;8:00;15:05 ;16:05 ;1
1178 ;5700 ;IMPORT5700;De 14:30 a 23:00 R0 ;14:30 ;23:00 ;15 ;15 ;08:30 ;0 ;8:30;;;1
1179 ;5701 ;IMPORT5701;De 15:00 a 00:00 R60 ;15:00 ;00:00 ;15 ;15 ;09:00 ;60 ;8:00;20:15 ;21:15 ;1
1180 ;5702 ;IMPORT5702;De 16:00 a 00:30 R0 ;16:00 ;00:30 ;15 ;15 ;08:30 ;0 ;8:30;;;1
1181 ;5703 ;IMPORT5703;De 04:30 a 11:30 R0 ;04:30 ;11:30 ;15 ;15 ;07:00 ;0 ;7:00;;;1
1182 ;5704 ;IMPORT5704;De 09:30 a 17:30 R60 ;09:30 ;17:30 ;15 ;15 ;08:00 ;60 ;7:00;14:00 ;15:00 ;1
1183 ;5705 ;IMPORT5705;De 12:30 a 21:30 R60 ;12:30 ;21:30 ;30 ;0 ;09:00 ;60 ;8:00;16:30 ;17:30 ;1
1184 ;5706 ;IMPORT5706;De 14:00 a 22:00 R60 ;14:00 ;22:00 ;15 ;15 ;08:00 ;60 ;7:00;18:15 ;19:15 ;1
1185 ;5707 ;IMPORT5707;De 15:00 a 00:00 R60 ;15:00 ;00:00 ;30 ;0 ;09:00 ;60 ;8:00;21:00 ;22:00 ;1
1186 ;5708 ;IMPORT5708;De 16:30 a 00:30 R60 ;16:30 ;00:30 ;30 ;0 ;08:00 ;60 ;7:00;19:30 ;20:30 ;1
1187 ;5709 ;IMPORT5709;De 16:30 a 01:00 R0 ;16:30 ;01:00 ;15 ;15 ;08:30 ;0 ;8:30;;;1
1188 ;5710 ;IMPORT5710;De 05:30 a 14:00 R0 ;05:30 ;14:00 ;15 ;15 ;08:30 ;0 ;8:30;;;1
1189 ;5711 ;IMPORT5711;De 06:30 a 14:30 R60 ;06:30 ;14:30 ;15 ;15 ;08:00 ;60 ;7:00;09:45 ;10:45 ;1
1190 ;5712 ;IMPORT5712;De 13:00 a 22:00 R60 ;13:00 ;22:00 ;15 ;15 ;09:00 ;60 ;8:00;16:40 ;17:40 ;1
1191 ;5713 ;IMPORT5713;De 13:00 a 22:00 R60 ;13:00 ;22:00 ;15 ;15 ;09:00 ;60 ;8:00;18:10 ;19:10 ;1
1192 ;5714 ;IMPORT5714;De 13:30 a 21:30 R60 ;13:30 ;21:30 ;15 ;15 ;08:00 ;60 ;7:00;16:30 ;17:30 ;1
1193 ;5715 ;IMPORT5715;De 14:00 a 22:00 R60 ;14:00 ;22:00 ;15 ;15 ;08:00 ;60 ;7:00;17:45 ;18:45 ;1
1194 ;5716 ;IMPORT5716;De 16:00 a 00:00 R60 ;16:00 ;00:00 ;15 ;15 ;08:00 ;60 ;7:00;19:00 ;20:00 ;1
1195 ;5717 ;IMPORT5717;De 05:30 a 10:30 R0 ;05:30 ;10:30 ;15 ;15 ;05:00 ;0 ;5:00;;;1
1196 ;5718 ;IMPORT5718;De 09:00 a 17:00 R60 ;09:00 ;17:00 ;30 ;0 ;08:00 ;60 ;7:00;13:30 ;14:30 ;1
1197 ;5719 ;IMPORT5719;De 15:30 a 00:00 R0 ;15:30 ;00:00 ;15 ;15 ;08:30 ;0 ;8:30;;;1
1198 ;5720 ;IMPORT5720;De 16:00 a 00:00 R60 ;16:00 ;00:00 ;30 ;0 ;08:00 ;60 ;7:00;19:30 ;20:30 ;1
1199 ;5721 ;IMPORT5721;De 18:30 a 01:30 R0 ;18:30 ;01:30 ;15 ;15 ;07:00 ;0 ;7:00;;;1
1200 ;5722 ;IMPORT5722;De 18:30 a 23:30 R0 ;18:30 ;23:30 ;15 ;15 ;05:00 ;0 ;5:00;;;1
1201 ;5723 ;IMPORT5723;De 06:00 a 17:00 R60 ;06:00 ;17:00 ;30 ;0 ;11:00 ;60 ;10:00;11:30 ;12:30 ;0
1202 ;5724 ;IMPORT5724;De 06:30 a 16:30 R60 ;06:30 ;16:30 ;30 ;0 ;10:00 ;60 ;9:00;12:00 ;13:00 ;0
1203 ;5725 ;IMPORT5725;De 12:00 a 20:00 R60 ;12:00 ;20:00 ;15 ;15 ;08:00 ;60 ;7:00;16:00 ;17:00 ;1
1204 ;5726 ;IMPORT5726;De 06:00 a 17:00 R60 ;06:00 ;17:00 ;30 ;0 ;11:00 ;60 ;10:00;13:45 ;14:45 ;0
1205 ;5727 ;IMPORT5727;De 14:00 a 22:00 R60 ;14:00 ;22:00 ;15 ;15 ;08:00 ;60 ;7:00;17:00 ;18:00 ;1
1206 ;5728 ;IMPORT5728;De 05:00 a 13:30 R0 ;05:00 ;13:30 ;15 ;15 ;08:30 ;0 ;8:30;;;1
1207 ;5729 ;IMPORT5729;De 15:00 a 23:30 R0 ;15:00 ;23:30 ;15 ;15 ;08:30 ;0 ;8:30;;;1
1208 ;5730 ;IMPORT5730;De 16:00 a 01:00 R60 ;16:00 ;01:00 ;30 ;0 ;09:00 ;60 ;8:00;22:30 ;23:30 ;1
1209 ;5731 ;IMPORT5731;De 18:00 a 03:00 R60 ;18:00 ;03:00 ;30 ;0 ;09:00 ;60 ;8:00;00:30 ;01:30 ;1
1210 ;5732 ;IMPORT5732;De 20:00 a 01:00 R0 ;20:00 ;01:00 ;15 ;0 ;05:00 ;0 ;5:00;;;0
1211 ;5733 ;IMPORT5733;De 04:30 a 13:30 R60 ;04:30 ;13:30 ;15 ;15 ;09:00 ;60 ;8:00;07:45 ;08:45 ;1
1212 ;5734 ;IMPORT5734;De 10:30 a 18:30 R60 ;10:30 ;18:30 ;15 ;15 ;08:00 ;60 ;7:00;13:45 ;14:45 ;1
1213 ;5735 ;IMPORT5735;De 05:30 a 14:30 R60 ;05:30 ;14:30 ;30 ;0 ;09:00 ;60 ;8:00;12:00 ;13:00 ;1
1214 ;5736 ;IMPORT5736;De 06:00 a 17:00 R60 ;06:00 ;17:00 ;30 ;0 ;11:00 ;60 ;10:00;13:05 ;14:05 ;0
1215 ;5737 ;IMPORT5737;De 09:00 a 17:00 R60 ;09:00 ;17:00 ;15 ;15 ;08:00 ;60 ;7:00;13:15 ;14:15 ;1
1216 ;5738 ;IMPORT5738;De 11:00 a 22:00 R60 ;11:00 ;22:00 ;30 ;0 ;11:00 ;60 ;10:00;16:20 ;17:20 ;0
1217 ;5739 ;IMPORT5739;De 14:00 a 22:00 R60 ;14:00 ;22:00 ;15 ;15 ;08:00 ;60 ;7:00;17:30 ;18:30 ;1
1218 ;5740 ;IMPORT5740;De 08:30 a 17:30 R60 ;08:30 ;17:30 ;15 ;15 ;09:00 ;60 ;8:00;13:40 ;14:40 ;1
1219 ;5741 ;IMPORT5741;De 09:00 a 17:00 R60 ;09:00 ;17:00 ;15 ;15 ;08:00 ;60 ;7:00;12:40 ;13:40 ;1
1220 ;5742 ;IMPORT5742;De 07:30 a 16:30 R60 ;07:30 ;16:30 ;15 ;15 ;09:00 ;60 ;8:00;12:25 ;13:25 ;1
1221 ;5743 ;IMPORT5743;De 07:30 a 16:30 R60 ;07:30 ;16:30 ;15 ;15 ;09:00 ;60 ;8:00;12:40 ;13:40 ;1
1222 ;5744 ;IMPORT5744;De 08:30 a 16:30 R60 ;08:30 ;16:30 ;15 ;15 ;08:00 ;60 ;7:00;12:45 ;13:45 ;1
1223 ;5745 ;IMPORT5745;De 13:00 a 22:00 R60 ;13:00 ;22:00 ;15 ;15 ;09:00 ;60 ;8:00;16:05 ;17:05 ;1
1224 ;5746 ;IMPORT5746;De 13:00 a 22:00 R60 ;13:00 ;22:00 ;15 ;15 ;09:00 ;60 ;8:00;18:20 ;19:20 ;1
1225 ;5747 ;IMPORT5747;De 07:00 a 17:30 R60 ;07:00 ;17:30 ;15 ;15 ;10:30 ;60 ;9:30;13:15 ;14:15 ;0
1226 ;5748 ;IMPORT5748;De 07:00 a 18:00 R60 ;07:00 ;18:00 ;15 ;15 ;11:00 ;60 ;10:00;12:40 ;13:40 ;0
1227 ;5749 ;IMPORT5749;De 10:30 a 21:00 R60 ;10:30 ;21:00 ;15 ;15 ;10:30 ;60 ;9:30;14:45 ;15:45 ;0
1228 ;5750 ;IMPORT5750;De 11:00 a 22:00 R60 ;11:00 ;22:00 ;30 ;0 ;11:00 ;60 ;10:00;16:45 ;17:45 ;0
1229 ;5751 ;IMPORT5751;De 22:00 a 08:00 R60 ;22:00 ;08:00 ;15 ;15 ;10:00 ;60 ;9:00;01:35 ;02:35 ;0
1230 ;5752 ;IMPORT5752;De 11:00 a 22:00 R60 ;11:00 ;22:00 ;30 ;0 ;11:00 ;60 ;10:00;16:35 ;17:35 ;0
1231 ;5753 ;IMPORT5753;De 17:00 a 01:00 R60 ;17:00 ;01:00 ;15 ;15 ;08:00 ;60 ;7:00;20:00 ;21:00 ;1
1232 ;5754 ;IMPORT5754;De 11:00 a 22:00 R60 ;11:00 ;22:00 ;30 ;0 ;11:00 ;60 ;10:00;17:30 ;18:30 ;0
1233 ;5755 ;IMPORT5755;De 11:00 a 22:00 R60 ;11:00 ;22:00 ;30 ;0 ;11:00 ;60 ;10:00;18:15 ;19:15 ;0
1234 ;5756 ;IMPORT5756;De 11:30 a 21:30 R60 ;11:30 ;21:30 ;30 ;0 ;10:00 ;60 ;9:00;17:15 ;18:15 ;0
1235 ;5757 ;IMPORT5757;De 00:00 a 08:30 R0 ;00:00 ;08:30 ;15 ;15 ;08:30 ;0 ;8:30;;;1
1236 ;5758 ;IMPORT5758;De 06:00 a 16:00 R60 ;06:00 ;16:00 ;30 ;0 ;10:00 ;60 ;9:00;11:30 ;12:30 ;0
1237 ;5759 ;IMPORT5759;De 06:00 a 16:00 R60 ;06:00 ;16:00 ;30 ;0 ;10:00 ;60 ;9:00;11:50 ;12:50 ;0
1238 ;5760 ;IMPORT5760;De 06:00 a 17:00 R60 ;06:00 ;17:00 ;30 ;0 ;11:00 ;60 ;10:00;13:55 ;14:55 ;0
1239 ;5761 ;IMPORT5761;De 08:00 a 17:30 R60 ;08:00 ;17:30 ;15 ;15 ;09:30 ;60 ;8:30;12:10 ;13:10 ;1
1240 ;5762 ;IMPORT5762;De 09:30 a 17:30 R60 ;09:30 ;17:30 ;15 ;15 ;08:00 ;60 ;7:00;13:15 ;14:15 ;1
1241 ;5763 ;IMPORT5763;De 15:00 a 23:00 R60 ;15:00 ;23:00 ;15 ;15 ;08:00 ;60 ;7:00;18:00 ;19:00 ;1
1242 ;5764 ;IMPORT5764;De 10:30 a 20:00 R60 ;10:30 ;20:00 ;15 ;15 ;09:30 ;60 ;8:30;15:45 ;16:45 ;1
1243 ;5765 ;IMPORT5765;De 15:00 a 23:00 R60 ;15:00 ;23:00 ;30 ;0 ;08:00 ;60 ;7:00;19:00 ;20:00 ;1
1244 ;5766 ;IMPORT5766;De 07:30 a 16:30 R60 ;07:30 ;16:30 ;15 ;15 ;09:00 ;60 ;8:00;10:30 ;11:30 ;1
1245 ;5767 ;IMPORT5767;De 10:00 a 20:30 R60 ;10:00 ;20:30 ;15 ;15 ;10:30 ;60 ;9:30;13:15 ;14:15 ;0
1246 ;5768 ;IMPORT5768;De 09:00 a 19:30 R60 ;09:00 ;19:30 ;15 ;15 ;10:30 ;60 ;9:30;13:15 ;14:15 ;0
1247 ;5769 ;IMPORT5769;De 15:30 a 00:30 R60 ;15:30 ;00:30 ;15 ;15 ;09:00 ;60 ;8:00;18:30 ;19:30 ;1
1248 ;5770 ;IMPORT5770;De 07:30 a 17:30 R60 ;07:30 ;17:30 ;30 ;0 ;10:00 ;60 ;9:00;12:30 ;13:30 ;0
1249 ;5771 ;IMPORT5771;De 09:30 a 19:00 R60 ;09:30 ;19:00 ;15 ;15 ;09:30 ;60 ;8:30;12:50 ;13:50 ;1
1250 ;5772 ;IMPORT5772;De 06:00 a 17:00 R60 ;06:00 ;17:00 ;30 ;0 ;11:00 ;60 ;10:00;12:25 ;13:25 ;0
1251 ;5773 ;IMPORT5773;De 09:30 a 17:30 R60 ;09:30 ;17:30 ;15 ;15 ;08:00 ;60 ;7:00;13:40 ;14:40 ;1
1252 ;5774 ;IMPORT5774;De 16:00 a 01:00 R60 ;16:00 ;01:00 ;15 ;15 ;09:00 ;60 ;8:00;21:00 ;22:00 ;1
1253 ;5775 ;IMPORT5775;De 06:30 a 16:30 R60 ;06:30 ;16:30 ;30 ;0 ;10:00 ;60 ;9:00;12:30 ;13:30 ;0
1254 ;5776 ;IMPORT5776;De 09:30 a 17:30 R60 ;09:30 ;17:30 ;15 ;15 ;08:00 ;60 ;7:00;13:30 ;14:30 ;1
1255 ;5777 ;IMPORT5777;De 19:30 a 00:30 R0 ;19:30 ;00:30 ;15 ;0 ;05:00 ;0 ;5:00;;;0
1256 ;5778 ;IMPORT5778;De 11:30 a 21:30 R60 ;11:30 ;21:30 ;30 ;0 ;10:00 ;60 ;9:00;17:00 ;18:00 ;0
1257 ;5779 ;IMPORT5779;De 12:00 a 20:00 R60 ;12:00 ;20:00 ;15 ;15 ;08:00 ;60 ;7:00;15:15 ;16:15 ;1
1258 ;5780 ;IMPORT5780;De 15:30 a 23:30 R60 ;15:30 ;23:30 ;15 ;15 ;08:00 ;60 ;7:00;19:30 ;20:30 ;1
1259 ;5781 ;IMPORT5781;De 10:00 a 18:00 R60 ;10:00 ;18:00 ;15 ;15 ;08:00 ;60 ;7:00;14:15 ;15:15 ;1
1260 ;5782 ;IMPORT5782;De 11:30 a 20:30 R60 ;11:30 ;20:30 ;30 ;0 ;09:00 ;60 ;8:00;17:30 ;18:30 ;1
1261 ;5783 ;IMPORT5783;De 04:30 a 13:00 R0 ;04:30 ;13:00 ;15 ;15 ;08:30 ;0 ;8:30;;;1
1262 ;5784 ;IMPORT5784;De 11:00 a 19:00 R60 ;11:00 ;19:00 ;15 ;15 ;08:00 ;60 ;7:00;14:00 ;15:00 ;1
1263 ;5785 ;IMPORT5785;De 18:00 a 03:00 R60 ;18:00 ;03:00 ;30 ;0 ;09:00 ;60 ;8:00;23:30 ;00:30 ;1
1264 ;5786 ;IMPORT5786;De 07:30 a 18:00 R60 ;07:30 ;18:00 ;15 ;15 ;10:30 ;60 ;9:30;13:00 ;14:00 ;0
1265 ;5787 ;IMPORT5787;De 12:30 a 21:30 R60 ;12:30 ;21:30 ;15 ;15 ;09:00 ;60 ;8:00;17:45 ;18:45 ;1
1266 ;5788 ;IMPORT5788;De 16:30 a 01:30 R60 ;16:30 ;01:30 ;15 ;15 ;09:00 ;60 ;8:00;19:30 ;20:30 ;1
1267 ;5789 ;IMPORT5789;De 17:00 a 02:00 R60 ;17:00 ;02:00 ;15 ;15 ;09:00 ;60 ;8:00;20:00 ;21:00 ;1
1268 ;5790 ;IMPORT5790;De 17:30 a 02:30 R60 ;17:30 ;02:30 ;15 ;15 ;09:00 ;60 ;8:00;20:30 ;21:30 ;1
1269 ;5791 ;IMPORT5791;De 18:00 a 03:00 R60 ;18:00 ;03:00 ;15 ;15 ;09:00 ;60 ;8:00;21:00 ;22:00 ;1
1270 ;5792 ;IMPORT5792;De 09:00 a 20:00 R60 ;09:00 ;20:00 ;15 ;15 ;11:00 ;60 ;10:00;15:05 ;16:05 ;0
1271 ;5793 ;IMPORT5793;De 09:30 a 18:30 R60 ;09:30 ;18:30 ;15 ;15 ;09:00 ;60 ;8:00;14:45 ;15:45 ;1
1272 ;5794 ;IMPORT5794;De 10:00 a 19:30 R60 ;10:00 ;19:30 ;15 ;15 ;09:30 ;60 ;8:30;15:30 ;16:30 ;1
1273 ;5795 ;IMPORT5795;De 09:00 a 19:30 R60 ;09:00 ;19:30 ;15 ;15 ;10:30 ;60 ;9:30;13:00 ;14:00 ;0
1274 ;5796 ;IMPORT5796;De 09:30 a 18:30 R60 ;09:30 ;18:30 ;15 ;15 ;09:00 ;60 ;8:00;12:45 ;13:45 ;1
1275 ;5797 ;IMPORT5797;De 09:30 a 18:30 R60 ;09:30 ;18:30 ;15 ;15 ;09:00 ;60 ;8:00;13:15 ;14:15 ;1
1276 ;5798 ;IMPORT5798;De 06:00 a 17:00 R60 ;06:00 ;17:00 ;30 ;0 ;11:00 ;60 ;10:00;12:50 ;13:50 ;0
1277 ;5799 ;IMPORT5799;De 07:30 a 17:00 R60 ;07:30 ;17:00 ;15 ;15 ;09:30 ;60 ;8:30;12:40 ;13:40 ;1
1278 ;5800 ;IMPORT5800;De 09:00 a 17:00 R60 ;09:00 ;17:00 ;15 ;15 ;08:00 ;60 ;7:00;12:30 ;13:30 ;1
1279 ;5801 ;IMPORT5801;De 09:00 a 18:30 R60 ;09:00 ;18:30 ;15 ;15 ;09:30 ;60 ;8:30;14:15 ;15:15 ;1
1280 ;5802 ;IMPORT5802;De 09:00 a 19:30 R60 ;09:00 ;19:30 ;15 ;15 ;10:30 ;60 ;9:30;13:55 ;14:55 ;0
1281 ;5803 ;IMPORT5803;De 09:00 a 20:00 R60 ;09:00 ;20:00 ;15 ;15 ;11:00 ;60 ;10:00;16:20 ;17:20 ;0
1282 ;5804 ;IMPORT5804;De 20:00 a 06:00 R60 ;20:00 ;06:00 ;15 ;15 ;10:00 ;60 ;9:00;00:15 ;01:15 ;0
1283 ;5805 ;IMPORT5805;De 09:00 a 18:00 R60 ;09:00 ;18:00 ;15 ;15 ;09:00 ;60 ;8:00;13:55 ;14:55 ;1
1284 ;5806 ;IMPORT5806;De 09:00 a 20:00 R60 ;09:00 ;20:00 ;15 ;15 ;11:00 ;60 ;10:00;16:10 ;17:10 ;0
1285 ;5807 ;IMPORT5807;De 13:30 a 21:30 R60 ;13:30 ;21:30 ;15 ;15 ;08:00 ;60 ;7:00;17:45 ;18:45 ;1
1286 ;5808 ;IMPORT5808;De 10:30 a 18:30 R60 ;10:30 ;18:30 ;15 ;15 ;08:00 ;60 ;7:00;13:30 ;14:30 ;1
1287 ;5809 ;IMPORT5809;De 07:00 a 16:30 R60 ;07:00 ;16:30 ;15 ;15 ;09:30 ;60 ;8:30;12:40 ;13:40 ;1
1288 ;5810 ;IMPORT5810;De 07:30 a 18:30 R60 ;07:30 ;18:30 ;15 ;15 ;11:00 ;60 ;10:00;14:20 ;15:20 ;0
1289 ;5811 ;IMPORT5811;De 10:30 a 20:00 R60 ;10:30 ;20:00 ;15 ;15 ;09:30 ;60 ;8:30;14:40 ;15:40 ;1
1290 ;5812 ;IMPORT5812;De 16:30 a 00:30 R60 ;16:30 ;00:30 ;15 ;15 ;08:00 ;60 ;7:00;19:45 ;20:45 ;1
1291 ;5813 ;IMPORT5813;De 07:30 a 18:30 R60 ;07:30 ;18:30 ;15 ;15 ;11:00 ;60 ;10:00;14:45 ;15:45 ;0
1292 ;5814 ;IMPORT5814;De 09:00 a 19:30 R60 ;09:00 ;19:30 ;15 ;15 ;10:30 ;60 ;9:30;12:10 ;13:10 ;0
1293 ;6272 ;IMPORT6272;De 08:45 a 19:45 R60 ;08:45 ;19:45 ;15 ;15 ;11:00 ;60 ;10:00;14:30 ;15:30 ;0
1294 ;6273 ;IMPORT6273;De 06:00 a 16:00 R60 ;06:00 ;16:00 ;30 ;0 ;10:00 ;60 ;9:00;12:10 ;13:10 ;0
1295 ;6274 ;IMPORT6274;De 08:00 a 16:00 R60 ;08:00 ;16:00 ;15 ;15 ;08:00 ;60 ;7:00;11:15 ;12:15 ;1
1296 ;6275 ;IMPORT6275;De 08:00 a 16:00 R60 ;08:00 ;16:00 ;15 ;15 ;08:00 ;60 ;7:00;11:30 ;12:30 ;1
1297 ;6276 ;IMPORT6276;De 11:00 a 19:00 R60 ;11:00 ;19:00 ;15 ;15 ;08:00 ;60 ;7:00;14:15 ;15:15 ;1
1298 ;6277 ;IMPORT6277;De 11:00 a 19:00 R60 ;11:00 ;19:00 ;15 ;15 ;08:00 ;60 ;7:00;14:30 ;15:30 ;1
1299 ;6278 ;IMPORT6278;De 11:00 a 19:00 R60 ;11:00 ;19:00 ;15 ;15 ;08:00 ;60 ;7:00;15:00 ;16:00 ;1
1300 ;6279 ;IMPORT6279;De 06:00 a 16:00 R60 ;06:00 ;16:00 ;30 ;0 ;10:00 ;60 ;9:00;10:30 ;11:30 ;0
1301 ;6280 ;IMPORT6280;De 06:00 a 16:00 R60 ;06:00 ;16:00 ;30 ;0 ;10:00 ;60 ;9:00;12:00 ;13:00 ;0
1302 ;6281 ;IMPORT6281;De 11:00 a 19:00 R60 ;11:00 ;19:00 ;15 ;15 ;08:00 ;60 ;7:00;15:15 ;16:15 ;1
1303 ;6282 ;IMPORT6282;De 09:30 a 20:00 R60 ;09:30 ;20:00 ;15 ;15 ;10:30 ;60 ;9:30;13:05 ;14:05 ;0
1304 ;6283 ;IMPORT6283;De 09:30 a 20:00 R60 ;09:30 ;20:00 ;15 ;15 ;10:30 ;60 ;9:30;13:10 ;14:10 ;0
1305 ;6284 ;IMPORT6284;De 09:00 a 17:00 R60 ;09:00 ;17:00 ;15 ;15 ;08:00 ;60 ;7:00;12:15 ;13:15 ;1
1306 ;6285 ;IMPORT6285;De 13:30 a 21:30 R60 ;13:30 ;21:30 ;15 ;15 ;08:00 ;60 ;7:00;16:45 ;17:45 ;1
1307 ;6286 ;IMPORT6286;De 10:00 a 19:30 R60 ;10:00 ;19:30 ;15 ;15 ;09:30 ;60 ;8:30;15:00 ;16:00 ;1
1308 ;6287 ;IMPORT6287;De 07:30 a 17:00 R60 ;07:30 ;17:00 ;15 ;15 ;09:30 ;60 ;8:30;13:10 ;14:10 ;1
1309 ;6288 ;IMPORT6288;De 10:00 a 19:30 R60 ;10:00 ;19:30 ;15 ;15 ;09:30 ;60 ;8:30;15:15 ;16:15 ;1
1310 ;6289 ;IMPORT6289;De 08:00 a 16:00 R60 ;08:00 ;16:00 ;15 ;15 ;08:00 ;60 ;7:00;12:30 ;13:30 ;1
1311 ;6290 ;IMPORT6290;De 09:00 a 18:30 R60 ;09:00 ;18:30 ;15 ;15 ;09:30 ;60 ;8:30;15:00 ;16:00 ;1
1312 ;6291 ;IMPORT6291;De 09:00 a 17:00 R60 ;09:00 ;17:00 ;15 ;15 ;08:00 ;60 ;7:00;12:00 ;13:00 ;1
1313 ;6292 ;IMPORT6292;De 09:30 a 20:00 R60 ;09:30 ;20:00 ;15 ;15 ;10:30 ;60 ;9:30;16:00 ;17:00 ;0
1314 ;6293 ;IMPORT6293;De 09:30 a 20:00 R60 ;09:30 ;20:00 ;15 ;15 ;10:30 ;60 ;9:30;16:15 ;17:15 ;0
1315 ;6294 ;IMPORT6294;De 09:30 a 20:00 R60 ;09:30 ;20:00 ;15 ;15 ;10:30 ;60 ;9:30;12:50 ;13:50 ;0
1316 ;6295 ;IMPORT6295;De 09:30 a 20:30 R60 ;09:30 ;20:30 ;15 ;15 ;11:00 ;60 ;10:00;16:45 ;17:45 ;0
1317 ;6296 ;IMPORT6296;De 10:00 a 18:00 R60 ;10:00 ;18:00 ;15 ;15 ;08:00 ;60 ;7:00;13:15 ;14:15 ;1
1318 ;6297 ;IMPORT6297;De 12:00 a 20:00 R60 ;12:00 ;20:00 ;15 ;15 ;08:00 ;60 ;7:00;16:30 ;17:30 ;1
1319 ;6298 ;IMPORT6298;De 07:00 a 16:00 R60 ;07:00 ;16:00 ;15 ;15 ;09:00 ;60 ;8:00;10:30 ;11:30 ;1
1320 ;6299 ;IMPORT6299;De 08:30 a 16:30 R60 ;08:30 ;16:30 ;15 ;15 ;08:00 ;60 ;7:00;12:55 ;13:55 ;1
1321 ;6300 ;IMPORT6300;De 09:30 a 18:30 R60 ;09:30 ;18:30 ;15 ;15 ;09:00 ;60 ;8:00;13:40 ;14:40 ;1
1322 ;6301 ;IMPORT6301;De 09:30 a 17:30 R60 ;09:30 ;17:30 ;15 ;15 ;08:00 ;60 ;7:00;12:45 ;13:45 ;1
1323 ;6302 ;IMPORT6302;De 08:00 a 19:00 R60 ;08:00 ;19:00 ;15 ;15 ;11:00 ;60 ;10:00;15:10 ;16:10 ;0
1324 ;6303 ;IMPORT6303;De 10:30 a 19:30 R60 ;10:30 ;19:30 ;15 ;15 ;09:00 ;60 ;8:00;15:45 ;16:45 ;1
1325 ;6304 ;IMPORT6304;De 09:00 a 18:00 R60 ;09:00 ;18:00 ;15 ;15 ;09:00 ;60 ;8:00;14:10 ;15:10 ;1
1326 ;6305 ;IMPORT6305;De 09:30 a 18:30 R60 ;09:30 ;18:30 ;15 ;15 ;09:00 ;60 ;8:00;14:40 ;15:40 ;1
1327 ;6306 ;IMPORT6306;De 10:00 a 21:00 R60 ;10:00 ;21:00 ;15 ;15 ;11:00 ;60 ;10:00;16:55 ;17:55 ;0
1328 ;6307 ;IMPORT6307;De 11:00 a 20:00 R60 ;11:00 ;20:00 ;15 ;15 ;09:00 ;60 ;8:00;16:10 ;17:10 ;1
1329 ;6308 ;IMPORT6308;De 07:00 a 15:00 R60 ;07:00 ;15:00 ;15 ;15 ;08:00 ;60 ;7:00;10:00 ;11:00 ;1
1330 ;6309 ;IMPORT6309;De 07:00 a 15:00 R60 ;07:00 ;15:00 ;15 ;15 ;08:00 ;60 ;7:00;11:30 ;12:30 ;1
1331 ;6310 ;IMPORT6310;De 07:00 a 16:00 R60 ;07:00 ;16:00 ;30 ;0 ;09:00 ;60 ;8:00;10:00 ;11:00 ;1
1332 ;6311 ;IMPORT6311;De 09:00 a 17:00 R60 ;09:00 ;17:00 ;15 ;15 ;08:00 ;60 ;7:00;13:00 ;14:00 ;1
1333 ;6312 ;IMPORT6312;De 06:30 a 14:30 R60 ;06:30 ;14:30 ;15 ;15 ;08:00 ;60 ;7:00;11:00 ;12:00 ;1
1334 ;6313 ;IMPORT6313;De 06:30 a 15:30 R60 ;06:30 ;15:30 ;15 ;15 ;09:00 ;60 ;8:00;12:10 ;13:10 ;1
1335 ;6314 ;IMPORT6314;De 09:00 a 17:00 R60 ;09:00 ;17:00 ;15 ;15 ;08:00 ;60 ;7:00;12:45 ;13:45 ;1
1336 ;6315 ;IMPORT6315;De 09:00 a 18:00 R60 ;09:00 ;18:00 ;15 ;15 ;09:00 ;60 ;8:00;12:25 ;13:25 ;1
1337 ;6316 ;IMPORT6316;De 10:00 a 18:00 R60 ;10:00 ;18:00 ;15 ;15 ;08:00 ;60 ;7:00;13:30 ;14:30 ;1
1338 ;6317 ;IMPORT6317;De 07:00 a 15:00 R60 ;07:00 ;15:00 ;15 ;15 ;08:00 ;60 ;7:00;10:15 ;11:15 ;1
1339 ;6318 ;IMPORT6318;De 07:00 a 15:00 R60 ;07:00 ;15:00 ;15 ;15 ;08:00 ;60 ;7:00;10:30 ;11:30 ;1
1340 ;6319 ;IMPORT6319;De 07:00 a 15:00 R60 ;07:00 ;15:00 ;15 ;15 ;08:00 ;60 ;7:00;11:15 ;12:15 ;1
1341 ;6320 ;IMPORT6320;De 07:30 a 16:30 R60 ;07:30 ;16:30 ;15 ;15 ;09:00 ;60 ;8:00;13:05 ;14:05 ;1
1342 ;6321 ;IMPORT6321;De 08:00 a 16:00 R60 ;08:00 ;16:00 ;15 ;15 ;08:00 ;60 ;7:00;12:15 ;13:15 ;1
1343 ;6322 ;IMPORT6322;De 11:00 a 19:00 R60 ;11:00 ;19:00 ;15 ;15 ;08:00 ;60 ;7:00;14:45 ;15:45 ;1
1344 ;6323 ;IMPORT6323;De 11:30 a 20:30 R60 ;11:30 ;20:30 ;15 ;15 ;09:00 ;60 ;8:00;15:35 ;16:35 ;1
1345 ;6324 ;IMPORT6324;De 00:00 a 10:00 R60 ;00:00 ;10:00 ;30 ;0 ;10:00 ;60 ;9:00;06:10 ;07:10 ;0
1346 ;6325 ;IMPORT6325;De 08:00 a 18:00 R60 ;08:00 ;18:00 ;15 ;15 ;10:00 ;60 ;9:00;11:15 ;12:15 ;0
1347 ;6326 ;IMPORT6326;De 09:00 a 19:00 R60 ;09:00 ;19:00 ;15 ;15 ;10:00 ;60 ;9:00;12:15 ;13:15 ;0
1348 ;6327 ;IMPORT6327;De 10:00 a 20:00 R60 ;10:00 ;20:00 ;15 ;15 ;10:00 ;60 ;9:00;13:30 ;14:30 ;0
1349 ;6328 ;IMPORT6328;De 06:00 a 14:00 R60 ;06:00 ;14:00 ;15 ;15 ;08:00 ;60 ;7:00;10:30 ;11:30 ;1
1350 ;6329 ;IMPORT6329;De 07:30 a 16:30 R60 ;07:30 ;16:30 ;30 ;0 ;09:00 ;60 ;8:00;11:00 ;12:00 ;1
1351 ;6330 ;IMPORT6330;De 08:30 a 16:30 R60 ;08:30 ;16:30 ;15 ;15 ;08:00 ;60 ;7:00;11:45 ;12:45 ;1
1352 ;6331 ;IMPORT6331;De 10:00 a 19:00 R60 ;10:00 ;19:00 ;15 ;15 ;09:00 ;60 ;8:00;13:55 ;14:55 ;1
1353 ;6332 ;IMPORT6332;De 10:30 a 18:30 R60 ;10:30 ;18:30 ;15 ;15 ;08:00 ;60 ;7:00;15:00 ;16:00 ;1
1354 ;6333 ;IMPORT6333;De 07:00 a 15:00 R60 ;07:00 ;15:00 ;15 ;15 ;08:00 ;60 ;7:00;10:35 ;11:35 ;1
1355 ;6334 ;IMPORT6334;De 09:30 a 20:00 R60 ;09:30 ;20:00 ;15 ;15 ;10:30 ;60 ;9:30;14:05 ;15:05 ;0
1356 ;6335 ;IMPORT6335;De 10:00 a 20:00 R60 ;10:00 ;20:00 ;15 ;15 ;10:00 ;60 ;9:00;14:15 ;15:15 ;0
1357 ;6336 ;IMPORT6336;De 12:30 a 20:30 R60 ;12:30 ;20:30 ;15 ;15 ;08:00 ;60 ;7:00;16:30 ;17:30 ;1
1358 ;6337 ;IMPORT6337;De 15:00 a 01:00 R60 ;15:00 ;01:00 ;30 ;0 ;10:00 ;60 ;9:00;22:00 ;23:00 ;0
1359 ;6338 ;IMPORT6338;De 23:00 a 09:00 R60 ;23:00 ;09:00 ;30 ;0 ;10:00 ;60 ;9:00;03:00 ;04:00 ;0
1360 ;6339 ;IMPORT6339;De 05:00 a 14:00 R60 ;05:00 ;14:00 ;15 ;15 ;09:00 ;60 ;8:00;08:15 ;09:15 ;1
1361 ;6340 ;IMPORT6340;De 07:30 a 15:30 R60 ;07:30 ;15:30 ;15 ;15 ;08:00 ;60 ;7:00;11:00 ;12:00 ;1
1362 ;6341 ;IMPORT6341;De 07:30 a 15:30 R60 ;07:30 ;15:30 ;15 ;15 ;08:00 ;60 ;7:00;12:00 ;13:00 ;1
1363 ;6342 ;IMPORT6342;De 08:00 a 16:00 R60 ;08:00 ;16:00 ;15 ;15 ;08:00 ;60 ;7:00;11:00 ;12:00 ;1
1364 ;6343 ;IMPORT6343;De 08:30 a 16:30 R60 ;08:30 ;16:30 ;15 ;15 ;08:00 ;60 ;7:00;12:15 ;13:15 ;1
1365 ;6344 ;IMPORT6344;De 09:00 a 18:00 R60 ;09:00 ;18:00 ;15 ;15 ;09:00 ;60 ;8:00;14:35 ;15:35 ;1
1366 ;6345 ;IMPORT6345;De 10:00 a 18:00 R60 ;10:00 ;18:00 ;15 ;15 ;08:00 ;60 ;7:00;13:00 ;14:00 ;1
1367 ;6346 ;IMPORT6346;De 10:00 a 20:00 R60 ;10:00 ;20:00 ;15 ;15 ;10:00 ;60 ;9:00;15:15 ;16:15 ;0
1368 ;6347 ;IMPORT6347;De 08:00 a 18:30 R60 ;08:00 ;18:30 ;15 ;15 ;10:30 ;60 ;9:30;12:20 ;13:20 ;0
1369 ;6348 ;IMPORT6348;De 09:15 a 13:15 R0 ;09:15 ;13:15 ;0 ;0 ;04:00 ;0 ;4:00;;;0
1370 ;6349 ;IMPORT6349;De 10:30 a 18:30 R60 ;10:30 ;18:30 ;15 ;15 ;08:00 ;60 ;7:00;14:00 ;15:00 ;1
1371 ;6350 ;IMPORT6350;De 22:30 a 05:30 R0 ;22:30 ;05:30 ;30 ;0 ;07:00 ;0 ;7:00;;;1
1372 ;6351 ;IMPORT6351;De 02:00 a 10:00 R60 ;02:00 ;10:00 ;15 ;15 ;08:00 ;60 ;7:00;05:00 ;06:00 ;1
1373 ;6352 ;IMPORT6352;De 07:30 a 16:30 R60 ;07:30 ;16:30 ;15 ;15 ;09:00 ;60 ;8:00;13:10 ;14:10 ;1
1374 ;6353 ;IMPORT6353;De 08:30 a 16:30 R60 ;08:30 ;16:30 ;15 ;15 ;08:00 ;60 ;7:00;13:00 ;14:00 ;1
1375 ;6354 ;IMPORT6354;De 08:30 a 17:30 R0 ;08:30 ;17:30 ;30 ;0 ;09:00 ;0 ;9:00;;;1
1376 ;6355 ;IMPORT6355;De 11:00 a 20:00 R60 ;11:00 ;20:00 ;15 ;15 ;09:00 ;60 ;8:00;14:10 ;15:10 ;1
1377 ;6356 ;IMPORT6356;De 11:00 a 20:00 R60 ;11:00 ;20:00 ;15 ;15 ;09:00 ;60 ;8:00;14:55 ;15:55 ;1
1378 ;6357 ;IMPORT6357;De 06:00 a 14:00 R60 ;06:00 ;14:00 ;15 ;15 ;08:00 ;60 ;7:00;09:00 ;10:00 ;1
1379 ;6358 ;IMPORT6358;De 06:00 a 14:00 R60 ;06:00 ;14:00 ;15 ;15 ;08:00 ;60 ;7:00;09:35 ;10:35 ;1
1380 ;6359 ;IMPORT6359;De 09:30 a 17:30 R60 ;09:30 ;17:30 ;15 ;15 ;08:00 ;60 ;7:00;13:45 ;14:45 ;1
1381 ;6360 ;IMPORT6360;De 11:30 a 20:30 R60 ;11:30 ;20:30 ;15 ;15 ;09:00 ;60 ;8:00;14:45 ;15:45 ;1
1382 ;6361 ;IMPORT6361;De 07:00 a 15:00 R60 ;07:00 ;15:00 ;15 ;15 ;08:00 ;60 ;7:00;10:45 ;11:45 ;1
1383 ;6362 ;IMPORT6362;De 11:00 a 19:00 R60 ;11:00 ;19:00 ;15 ;15 ;08:00 ;60 ;7:00;15:30 ;16:30 ;1
1384 ;6363 ;IMPORT6363;De 06:30 a 14:30 R60 ;06:30 ;14:30 ;15 ;15 ;08:00 ;60 ;7:00;10:55 ;11:55 ;1
1385 ;6364 ;IMPORT6364;De 08:00 a 18:30 R60 ;08:00 ;18:30 ;15 ;15 ;10:30 ;60 ;9:30;12:25 ;13:25 ;0
1386 ;6365 ;IMPORT6365;De 09:30 a 20:00 R60 ;09:30 ;20:00 ;15 ;15 ;10:30 ;60 ;9:30;14:50 ;15:50 ;0
1387 ;6366 ;IMPORT6366;De 10:00 a 19:00 R60 ;10:00 ;19:00 ;15 ;15 ;09:00 ;60 ;8:00;13:25 ;14:25 ;1
1388 ;6367 ;IMPORT6367;De 10:00 a 19:00 R60 ;10:00 ;19:00 ;15 ;15 ;09:00 ;60 ;8:00;13:45 ;14:45 ;1
1389 ;6368 ;IMPORT6368;De 10:00 a 19:00 R60 ;10:00 ;19:00 ;15 ;15 ;09:00 ;60 ;8:00;15:05 ;16:05 ;1
1390 ;6369 ;IMPORT6369;De 10:00 a 20:00 R60 ;10:00 ;20:00 ;15 ;15 ;10:00 ;60 ;9:00;13:35 ;14:35 ;0
1391 ;6370 ;IMPORT6370;De 10:00 a 20:00 R60 ;10:00 ;20:00 ;15 ;15 ;10:00 ;60 ;9:00;14:35 ;15:35 ;0
1392 ;6371 ;IMPORT6371;De 11:30 a 20:30 R60 ;11:30 ;20:30 ;15 ;15 ;09:00 ;60 ;8:00;16:15 ;17:15 ;1
1393 ;6372 ;IMPORT6372;De 15:30 a 23:30 R60 ;15:30 ;23:30 ;15 ;15 ;08:00 ;60 ;7:00;18:30 ;19:30 ;1
1394 ;6373 ;IMPORT6373;De 16:30 a 00:30 R60 ;16:30 ;00:30 ;15 ;15 ;08:00 ;60 ;7:00;20:15 ;21:15 ;1
1395 ;6374 ;IMPORT6374;De 18:30 a 03:30 R60 ;18:30 ;03:30 ;15 ;15 ;09:00 ;60 ;8:00;21:30 ;22:30 ;1
1396 ;6375 ;IMPORT6375;De 19:00 a 04:00 R60 ;19:00 ;04:00 ;15 ;15 ;09:00 ;60 ;8:00;22:00 ;23:00 ;1
1397 ;6376 ;IMPORT6376;De 20:00 a 05:00 R60 ;20:00 ;05:00 ;15 ;15 ;09:00 ;60 ;8:00;23:15 ;00:15 ;1
1398 ;6377 ;IMPORT6377;De 04:00 a 13:00 R60 ;04:00 ;13:00 ;15 ;15 ;09:00 ;60 ;8:00;07:00 ;08:00 ;1
1399 ;6378 ;IMPORT6378;De 06:30 a 14:30 R60 ;06:30 ;14:30 ;15 ;15 ;08:00 ;60 ;7:00;10:45 ;11:45 ;1
1400 ;6379 ;IMPORT6379;De 07:00 a 17:00 R60 ;07:00 ;17:00 ;15 ;15 ;10:00 ;60 ;9:00;10:45 ;11:45 ;0
1401 ;6380 ;IMPORT6380;De 07:00 a 17:30 R60 ;07:00 ;17:30 ;15 ;15 ;10:30 ;60 ;9:30;12:00 ;13:00 ;0
1402 ;6381 ;IMPORT6381;De 07:30 a 15:30 R60 ;07:30 ;15:30 ;15 ;15 ;08:00 ;60 ;7:00;11:45 ;12:45 ;1
1403 ;6382 ;IMPORT6382;De 08:30 a 18:00 R60 ;08:30 ;18:00 ;15 ;15 ;09:30 ;60 ;8:30;12:50 ;13:50 ;1
1404 ;6383 ;IMPORT6383;De 09:00 a 18:00 R60 ;09:00 ;18:00 ;15 ;15 ;09:00 ;60 ;8:00;14:20 ;15:20 ;1
1405 ;6384 ;IMPORT6384;De 09:00 a 18:00 R60 ;09:00 ;18:00 ;15 ;15 ;09:00 ;60 ;8:00;14:40 ;15:40 ;1
1406 ;6385 ;IMPORT6385;De 21:30 a 06:30 R60 ;21:30 ;06:30 ;15 ;15 ;09:00 ;60 ;8:00;00:30 ;01:30 ;1
1407 ;6386 ;IMPORT6386;De 03:30 a 12:30 R60 ;03:30 ;12:30 ;15 ;15 ;09:00 ;60 ;8:00;07:45 ;08:45 ;1
1408 ;6387 ;IMPORT6387;De 05:00 a 14:00 R60 ;05:00 ;14:00 ;15 ;15 ;09:00 ;60 ;8:00;10:30 ;11:30 ;1
1409 ;6388 ;IMPORT6388;De 19:30 a 04:30 R60 ;19:30 ;04:30 ;15 ;15 ;09:00 ;60 ;8:00;22:30 ;23:30 ;1
1410 ;6389 ;IMPORT6389;De 00:30 a 08:30 R60 ;00:30 ;08:30 ;15 ;15 ;08:00 ;60 ;7:00;03:30 ;04:30 ;1
1411 ;6390 ;IMPORT6390;De 00:30 a 09:30 R60 ;00:30 ;09:30 ;15 ;15 ;09:00 ;60 ;8:00;04:00 ;05:00 ;1
1412 ;6391 ;IMPORT6391;De 03:00 a 12:00 R60 ;03:00 ;12:00 ;15 ;15 ;09:00 ;60 ;8:00;07:30 ;08:30 ;1
1413 ;6392 ;IMPORT6392;De 03:30 a 11:30 R60 ;03:30 ;11:30 ;15 ;15 ;08:00 ;60 ;7:00;07:30 ;08:30 ;1
1414 ;6393 ;IMPORT6393;De 03:30 a 12:30 R60 ;03:30 ;12:30 ;15 ;15 ;09:00 ;60 ;8:00;06:30 ;07:30 ;1
1415 ;6394 ;IMPORT6394;De 04:30 a 12:30 R60 ;04:30 ;12:30 ;15 ;15 ;08:00 ;60 ;7:00;07:30 ;08:30 ;1
1416 ;6395 ;IMPORT6395;De 05:00 a 14:00 R60 ;05:00 ;14:00 ;15 ;15 ;09:00 ;60 ;8:00;08:00 ;09:00 ;1
1417 ;6396 ;IMPORT6396;De 05:30 a 14:30 R60 ;05:30 ;14:30 ;15 ;15 ;09:00 ;60 ;8:00;11:15 ;12:15 ;1
1418 ;6397 ;IMPORT6397;De 07:00 a 16:00 R60 ;07:00 ;16:00 ;15 ;15 ;09:00 ;60 ;8:00;12:40 ;13:40 ;1
1419 ;6398 ;IMPORT6398;De 08:30 a 17:30 R60 ;08:30 ;17:30 ;15 ;15 ;09:00 ;60 ;8:00;13:35 ;14:35 ;1
1420 ;6399 ;IMPORT6399;De 09:30 a 18:30 R60 ;09:30 ;18:30 ;15 ;15 ;09:00 ;60 ;8:00;12:40 ;13:40 ;1
1421 ;6400 ;IMPORT6400;De 09:30 a 18:30 R60 ;09:30 ;18:30 ;15 ;15 ;09:00 ;60 ;8:00;12:55 ;13:55 ;1
1422 ;6401 ;IMPORT6401;De 10:30 a 19:30 R60 ;10:30 ;19:30 ;15 ;15 ;09:00 ;60 ;8:00;14:15 ;15:15 ;1
1423 ;6402 ;IMPORT6402;De 11:30 a 19:30 R60 ;11:30 ;19:30 ;15 ;15 ;08:00 ;60 ;7:00;14:40 ;15:40 ;1
1424 ;6403 ;IMPORT6403;De 11:30 a 20:30 R60 ;11:30 ;20:30 ;15 ;15 ;09:00 ;60 ;8:00;15:10 ;16:10 ;1
1425 ;6404 ;IMPORT6404;De 12:30 a 20:30 R60 ;12:30 ;20:30 ;15 ;15 ;08:00 ;60 ;7:00;15:30 ;16:30 ;1
1426 ;6405 ;IMPORT6405;De 12:30 a 21:30 R60 ;12:30 ;21:30 ;15 ;15 ;09:00 ;60 ;8:00;15:35 ;16:35 ;1
1427 ;6406 ;IMPORT6406;De 13:00 a 21:00 R60 ;13:00 ;21:00 ;15 ;15 ;08:00 ;60 ;7:00;16:00 ;17:00 ;1
1428 ;6407 ;IMPORT6407;De 14:30 a 22:30 R60 ;14:30 ;22:30 ;15 ;15 ;08:00 ;60 ;7:00;17:30 ;18:30 ;1
1429 ;6408 ;IMPORT6408;De 19:00 a 04:00 R60 ;19:00 ;04:00 ;15 ;15 ;09:00 ;60 ;8:00;22:30 ;23:30 ;1
1430 ;6409 ;IMPORT6409;De 19:30 a 03:30 R60 ;19:30 ;03:30 ;15 ;15 ;08:00 ;60 ;7:00;23:30 ;00:30 ;1
1431 ;6410 ;IMPORT6410;De 20:30 a 05:30 R60 ;20:30 ;05:30 ;15 ;15 ;09:00 ;60 ;8:00;00:00 ;01:00 ;1
1432 ;6411 ;IMPORT6411;De 10:00 a 18:00 R60 ;10:00 ;18:00 ;15 ;15 ;08:00 ;60 ;7:00;14:30 ;15:30 ;1
1433 ;6412 ;IMPORT6412;De 06:00 a 14:00 R60 ;06:00 ;14:00 ;15 ;15 ;08:00 ;60 ;7:00;10:15 ;11:15 ;1
1434 ;6413 ;IMPORT6413;De 09:00 a 19:00 R60 ;09:00 ;19:00 ;15 ;15 ;10:00 ;60 ;9:00;14:40 ;15:40 ;0
1435 ;6414 ;IMPORT6414;De 10:00 a 20:00 R60 ;10:00 ;20:00 ;15 ;15 ;10:00 ;60 ;9:00;16:10 ;17:10 ;0
1436 ;6415 ;IMPORT6415;De 08:30 a 17:30 R60 ;08:30 ;17:30 ;15 ;15 ;09:00 ;60 ;8:00;13:25 ;14:25 ;1
1437 ;6416 ;IMPORT6416;De 10:30 a 18:30 R60 ;10:30 ;18:30 ;15 ;15 ;08:00 ;60 ;7:00;14:15 ;15:15 ;1
1438 ;6417 ;IMPORT6417;De 11:00 a 20:00 R60 ;11:00 ;20:00 ;15 ;15 ;09:00 ;60 ;8:00;14:05 ;15:05 ;1
1439 ;6418 ;IMPORT6418;De 12:00 a 21:00 R60 ;12:00 ;21:00 ;15 ;15 ;09:00 ;60 ;8:00;15:10 ;16:10 ;1
1440 ;6419 ;IMPORT6419;De 06:00 a 15:00 R60 ;06:00 ;15:00 ;15 ;15 ;09:00 ;60 ;8:00;11:40 ;12:40 ;1
1441 ;6420 ;IMPORT6420;De 08:00 a 19:00 R60 ;08:00 ;19:00 ;15 ;15 ;11:00 ;60 ;10:00;13:50 ;14:50 ;0
1442 ;6421 ;IMPORT6421;De 09:00 a 18:00 R60 ;09:00 ;18:00 ;15 ;15 ;09:00 ;60 ;8:00;14:05 ;15:05 ;1
1443 ;6422 ;IMPORT6422;De 11:00 a 20:00 R60 ;11:00 ;20:00 ;15 ;15 ;09:00 ;60 ;8:00;14:20 ;15:20 ;1
1444 ;6423 ;IMPORT6423;De 10:30 a 18:30 R60 ;10:30 ;18:30 ;15 ;15 ;08:00 ;60 ;7:00;14:30 ;15:30 ;1
1445 ;6424 ;IMPORT6424;De 06:30 a 14:30 R60 ;06:30 ;14:30 ;15 ;15 ;08:00 ;60 ;7:00;09:30 ;10:30 ;1
1446 ;6425 ;IMPORT6425;De 09:30 a 19:30 R60 ;09:30 ;19:30 ;30 ;0 ;10:00 ;60 ;9:00;15:15 ;16:15 ;0
1447 ;6426 ;IMPORT6426;De 10:30 a 20:30 R60 ;10:30 ;20:30 ;30 ;0 ;10:00 ;60 ;9:00;14:55 ;15:55 ;0
1448 ;6427 ;IMPORT6427;De 14:00 a 00:00 R60 ;14:00 ;00:00 ;30 ;0 ;10:00 ;60 ;9:00;20:00 ;21:00 ;0
1449 ;6428 ;IMPORT6428;De 14:00 a 00:00 R60 ;14:00 ;00:00 ;30 ;0 ;10:00 ;60 ;9:00;21:00 ;22:00 ;0
1450 ;6429 ;IMPORT6429;De 14:00 a 23:00 R60 ;14:00 ;23:00 ;30 ;0 ;09:00 ;60 ;8:00;20:00 ;21:00 ;1
1451 ;6430 ;IMPORT6430;De 14:30 a 00:30 R60 ;14:30 ;00:30 ;30 ;0 ;10:00 ;60 ;9:00;21:00 ;22:00 ;0
1452 ;6431 ;IMPORT6431;De 15:00 a 00:00 R60 ;15:00 ;00:00 ;30 ;0 ;09:00 ;60 ;8:00;20:00 ;21:00 ;1
1453 ;6432 ;IMPORT6432;De 15:00 a 01:00 R60 ;15:00 ;01:00 ;30 ;0 ;10:00 ;60 ;9:00;21:30 ;22:30 ;0
1454 ;6433 ;IMPORT6433;De 15:30 a 01:30 R60 ;15:30 ;01:30 ;30 ;0 ;10:00 ;60 ;9:00;22:30 ;23:30 ;0
1455 ;6434 ;IMPORT6434;De 16:30 a 01:30 R60 ;16:30 ;01:30 ;15 ;15 ;09:00 ;60 ;8:00;20:45 ;21:45 ;1
1456 ;6435 ;IMPORT6435;De 08:30 a 16:30 R60 ;08:30 ;16:30 ;15 ;15 ;08:00 ;60 ;7:00;12:40 ;13:40 ;1
1457 ;6436 ;IMPORT6436;De 09:30 a 18:30 R60 ;09:30 ;18:30 ;15 ;15 ;09:00 ;60 ;8:00;14:50 ;15:50 ;1
1458 ;6437 ;IMPORT6437;De 08:30 a 17:30 R60 ;08:30 ;17:30 ;15 ;15 ;09:00 ;60 ;8:00;11:55 ;12:55 ;1
1459 ;6438 ;IMPORT6438;De 15:30 a 00:30 R60 ;15:30 ;00:30 ;15 ;15 ;09:00 ;60 ;8:00;20:30 ;21:30 ;1
1460 ;6439 ;IMPORT6439;De 15:30 a 23:30 R60 ;15:30 ;23:30 ;15 ;15 ;08:00 ;60 ;7:00;18:45 ;19:45 ;1
1461 ;6440 ;IMPORT6440;De 05:00 a 14:00 R60 ;05:00 ;14:00 ;30 ;0 ;09:00 ;60 ;8:00;11:30 ;12:30 ;1
1462 ;6441 ;IMPORT6441;De 15:00 a 23:00 R60 ;15:00 ;23:00 ;15 ;15 ;08:00 ;60 ;7:00;18:35 ;19:35 ;1
1463 ;6442 ;IMPORT6442;De 20:30 a 03:30 R0 ;20:30 ;03:30 ;15 ;15 ;07:00 ;0 ;7:00;;;1
1464 ;6443 ;IMPORT6443;De 11:30 a 19:30 R60 ;11:30 ;19:30 ;15 ;15 ;08:00 ;60 ;7:00;15:15 ;16:15 ;1
1465 ;6444 ;IMPORT6444;De 04:00 a 12:00 R60 ;04:00 ;12:00 ;15 ;15 ;08:00 ;60 ;7:00;07:00 ;08:00 ;1
1466 ;6445 ;IMPORT6445;De 06:30 a 15:30 R60 ;06:30 ;15:30 ;15 ;15 ;09:00 ;60 ;8:00;11:45 ;12:45 ;1
1467 ;6446 ;IMPORT6446;De 07:30 a 16:30 R60 ;07:30 ;16:30 ;15 ;15 ;09:00 ;60 ;8:00;12:20 ;13:20 ;1
1468 ;6447 ;IMPORT6447;De 08:30 a 16:30 R60 ;08:30 ;16:30 ;15 ;15 ;08:00 ;60 ;7:00;12:50 ;13:50 ;1
1469 ;6448 ;IMPORT6448;De 04:30 a 14:30 R60 ;04:30 ;14:30 ;30 ;0 ;10:00 ;60 ;9:00;11:00 ;12:00 ;0
1470 ;6449 ;IMPORT6449;De 09:00 a 19:00 R60 ;09:00 ;19:00 ;15 ;15 ;10:00 ;60 ;9:00;12:00 ;13:00 ;0
1471 ;6450 ;IMPORT6450;De 21:00 a 07:00 R60 ;21:00 ;07:00 ;30 ;0 ;10:00 ;60 ;9:00;02:30 ;03:30 ;0
1472 ;6451 ;IMPORT6451;De 07:30 a 15:30 R60 ;07:30 ;15:30 ;15 ;15 ;08:00 ;60 ;7:00;11:15 ;12:15 ;1
1473 ;6452 ;IMPORT6452;De 09:30 a 18:30 R60 ;09:30 ;18:30 ;15 ;15 ;09:00 ;60 ;8:00;14:05 ;15:05 ;1
1474 ;6453 ;IMPORT6453;De 06:00 a 14:00 R60 ;06:00 ;14:00 ;15 ;15 ;08:00 ;60 ;7:00;09:15 ;10:15 ;1
1475 ;6454 ;IMPORT6454;De 06:00 a 14:00 R60 ;06:00 ;14:00 ;15 ;15 ;08:00 ;60 ;7:00;09:45 ;10:45 ;1
1476 ;6455 ;IMPORT6455;De 08:00 a 16:00 R60 ;08:00 ;16:00 ;15 ;15 ;08:00 ;60 ;7:00;12:25 ;13:25 ;1
1477 ;6456 ;IMPORT6456;De 08:00 a 17:00 R60 ;08:00 ;17:00 ;15 ;15 ;09:00 ;60 ;8:00;11:50 ;12:50 ;1
1478 ;6457 ;IMPORT6457;De 10:30 a 18:30 R60 ;10:30 ;18:30 ;15 ;15 ;08:00 ;60 ;7:00;14:45 ;15:45 ;1
1479 ;6458 ;IMPORT6458;De 11:30 a 19:30 R60 ;11:30 ;19:30 ;15 ;15 ;08:00 ;60 ;7:00;15:30 ;16:30 ;1
1480 ;6459 ;IMPORT6459;De 12:30 a 20:30 R60 ;12:30 ;20:30 ;15 ;15 ;08:00 ;60 ;7:00;16:00 ;17:00 ;1
1481 ;6460 ;IMPORT6460;De 14:00 a 22:00 R60 ;14:00 ;22:00 ;15 ;15 ;08:00 ;60 ;7:00;17:15 ;18:15 ;1
1482 ;6461 ;IMPORT6461;De 07:30 a 15:30 R60 ;07:30 ;15:30 ;15 ;15 ;08:00 ;60 ;7:00;10:45 ;11:45 ;1
1483 ;6462 ;IMPORT6462;De 08:00 a 16:00 R60 ;08:00 ;16:00 ;15 ;15 ;08:00 ;60 ;7:00;11:45 ;12:45 ;1
1484 ;6463 ;IMPORT6463;De 09:30 a 19:00 R60 ;09:30 ;19:00 ;15 ;15 ;09:30 ;60 ;8:30;15:30 ;16:30 ;1
1485 ;6464 ;IMPORT6464;De 10:00 a 19:00 R60 ;10:00 ;19:00 ;15 ;15 ;09:00 ;60 ;8:00;14:55 ;15:55 ;1
1486 ;6465 ;IMPORT6465;De 16:30 a 01:30 R60 ;16:30 ;01:30 ;15 ;15 ;09:00 ;60 ;8:00;22:00 ;23:00 ;1
1487 ;6466 ;IMPORT6466;De 19:00 a 03:00 R60 ;19:00 ;03:00 ;15 ;15 ;08:00 ;60 ;7:00;22:15 ;23:15 ;1
1488 ;6467 ;IMPORT6467;De 03:30 a 11:30 R60 ;03:30 ;11:30 ;15 ;15 ;08:00 ;60 ;7:00;06:30 ;07:30 ;1
1489 ;6468 ;IMPORT6468;De 11:00 a 20:00 R60 ;11:00 ;20:00 ;15 ;15 ;09:00 ;60 ;8:00;15:20 ;16:20 ;1
1490 ;6469 ;IMPORT6469;De 11:30 a 20:30 R60 ;11:30 ;20:30 ;15 ;15 ;09:00 ;60 ;8:00;15:15 ;16:15 ;1
1491 ;6470 ;IMPORT6470;De 12:30 a 21:30 R60 ;12:30 ;21:30 ;15 ;15 ;09:00 ;60 ;8:00;15:55 ;16:55 ;1
1492 ;6471 ;IMPORT6471;De 17:30 a 02:30 R60 ;17:30 ;02:30 ;15 ;15 ;09:00 ;60 ;8:00;23:00 ;00:00 ;1
1493 ;6472 ;IMPORT6472;De 07:30 a 15:30 R60 ;07:30 ;15:30 ;15 ;15 ;08:00 ;60 ;7:00;11:40 ;12:40 ;1
1494 ;6473 ;IMPORT6473;De 12:00 a 20:00 R60 ;12:00 ;20:00 ;15 ;15 ;08:00 ;60 ;7:00;15:45 ;16:45 ;1
1495 ;6474 ;IMPORT6474;De 15:00 a 23:00 R60 ;15:00 ;23:00 ;15 ;15 ;08:00 ;60 ;7:00;19:15 ;20:15 ;1
1496 ;6475 ;IMPORT6475;De 15:30 a 23:30 R60 ;15:30 ;23:30 ;15 ;15 ;08:00 ;60 ;7:00;19:00 ;20:00 ;1
1497 ;6476 ;IMPORT6476;De 12:00 a 20:00 R60 ;12:00 ;20:00 ;15 ;15 ;08:00 ;60 ;7:00;16:15 ;17:15 ;1
1498 ;6477 ;IMPORT6477;De 11:30 a 20:30 R60 ;11:30 ;20:30 ;30 ;0 ;09:00 ;60 ;8:00;14:00 ;15:00 ;1
1499 ;6478 ;IMPORT6478;De 06:30 a 14:30 R60 ;06:30 ;14:30 ;15 ;15 ;08:00 ;60 ;7:00;10:05 ;11:05 ;1
1500 ;6479 ;IMPORT6479;De 07:30 a 15:30 R60 ;07:30 ;15:30 ;15 ;15 ;08:00 ;60 ;7:00;11:05 ;12:05 ;1
1501 ;6480 ;IMPORT6480;De 08:00 a 16:00 R60 ;08:00 ;16:00 ;15 ;15 ;08:00 ;60 ;7:00;11:35 ;12:35 ;1
1502 ;6481 ;IMPORT6481;De 08:30 a 16:30 R60 ;08:30 ;16:30 ;15 ;15 ;08:00 ;60 ;7:00;12:05 ;13:05 ;1
1503 ;6482 ;IMPORT6482;De 09:00 a 17:00 R60 ;09:00 ;17:00 ;15 ;15 ;08:00 ;60 ;7:00;12:35 ;13:35 ;1
1504 ;6483 ;IMPORT6483;De 10:00 a 18:00 R60 ;10:00 ;18:00 ;15 ;15 ;08:00 ;60 ;7:00;13:35 ;14:35 ;1
1505 ;6484 ;IMPORT6484;De 13:00 a 22:00 R60 ;13:00 ;22:00 ;30 ;0 ;09:00 ;60 ;8:00;15:30 ;16:30 ;1
1506 ;6485 ;IMPORT6485;De 11:30 a 19:30 R60 ;11:30 ;19:30 ;30 ;0 ;08:00 ;60 ;7:00;15:45 ;16:45 ;1
1507 ;6486 ;IMPORT6486;De 14:00 a 23:00 R60 ;14:00 ;23:00 ;30 ;0 ;09:00 ;60 ;8:00;16:30 ;17:30 ;1
1508 ;6487 ;IMPORT6487;De 14:30 a 22:30 R60 ;14:30 ;22:30 ;30 ;0 ;08:00 ;60 ;7:00;17:45 ;18:45 ;1
1509 ;6488 ;IMPORT6488;De 07:30 a 15:30 R60 ;07:30 ;15:30 ;30 ;0 ;08:00 ;60 ;7:00;10:30 ;11:30 ;1
1510 ;6489 ;IMPORT6489;De 14:00 a 23:00 R60 ;14:00 ;23:00 ;30 ;0 ;09:00 ;60 ;8:00;17:30 ;18:30 ;1
1511 ;6490 ;IMPORT6490;De 08:30 a 00:00 R60 ;08:30 ;00:00 ;30 ;0 ;15:30 ;60 ;14:30;14:00 ;15:00 ;0
1512 ;6491 ;IMPORT6491;De 14:00 a 22:00 R60 ;14:00 ;22:00 ;30 ;0 ;08:00 ;60 ;7:00;18:00 ;19:00 ;1
1513 ;6492 ;IMPORT6492;De 07:00 a 16:00 R60 ;07:00 ;16:00 ;15 ;15 ;09:00 ;60 ;8:00;10:40 ;11:40 ;1
1514 ;6493 ;IMPORT6493;De 08:00 a 17:00 R60 ;08:00 ;17:00 ;15 ;15 ;09:00 ;60 ;8:00;11:40 ;12:40 ;1
1515 ;6494 ;IMPORT6494;De 15:00 a 23:00 R60 ;15:00 ;23:00 ;30 ;0 ;08:00 ;60 ;7:00;18:25 ;19:25 ;1
1516 ;6495 ;IMPORT6495;De 07:00 a 16:00 R60 ;07:00 ;16:00 ;15 ;15 ;09:00 ;60 ;8:00;10:55 ;11:55 ;1
1517 ;6496 ;IMPORT6496;De 08:30 a 16:30 R60 ;08:30 ;16:30 ;15 ;15 ;08:00 ;60 ;7:00;11:30 ;12:30 ;1
1518 ;6497 ;IMPORT6497;De 08:00 a 17:00 R60 ;08:00 ;17:00 ;15 ;15 ;09:00 ;60 ;8:00;11:20 ;12:20 ;1
1519 ;6498 ;IMPORT6498;De 14:00 a 23:00 R60 ;14:00 ;23:00 ;15 ;15 ;09:00 ;60 ;8:00;17:55 ;18:55 ;1
1520 ;6499 ;IMPORT6499;De 07:00 a 16:00 R60 ;07:00 ;16:00 ;15 ;15 ;09:00 ;60 ;8:00;10:20 ;11:20 ;1
1521 ;6500 ;IMPORT6500;De 15:00 a 23:00 R60 ;15:00 ;23:00 ;30 ;0 ;08:00 ;60 ;7:00;17:15 ;18:15 ;1
1522 ;6504 ;IMPORT6504;De 13:00 a 21:00 R60 ;13:00 ;21:00 ;30 ;0 ;08:00 ;60 ;7:00;15:30 ;16:30 ;1
1523 ;6505 ;IMPORT6505;De 08:30 a 16:30 R60 ;08:30 ;16:30 ;15 ;15 ;08:00 ;60 ;7:00;12:00 ;13:00 ;1
1524 ;6506 ;IMPORT6506;De 09:30 a 17:30 R60 ;09:30 ;17:30 ;15 ;15 ;08:00 ;60 ;7:00;13:00 ;14:00 ;1
1525 ;6507 ;IMPORT6507;De 09:30 a 17:30 R60 ;09:30 ;17:30 ;15 ;15 ;08:00 ;60 ;7:00;13:55 ;14:55 ;1
1526 ;6508 ;IMPORT6508;De 11:30 a 19:30 R60 ;11:30 ;19:30 ;15 ;15 ;08:00 ;60 ;7:00;15:00 ;16:00 ;1
1527 ;6509 ;IMPORT6509;De 10:00 a 18:00 R60 ;10:00 ;18:00 ;15 ;15 ;08:00 ;60 ;7:00;13:45 ;14:45 ;1
1528 ;6510 ;IMPORT6510;De 11:30 a 20:30 R60 ;11:30 ;20:30 ;15 ;15 ;09:00 ;60 ;8:00;14:40 ;15:40 ;1
1529 ;6511 ;IMPORT6511;De 10:30 a 19:30 R60 ;10:30 ;19:30 ;15 ;15 ;09:00 ;60 ;8:00;13:40 ;14:40 ;1
1530 ;6512 ;IMPORT6512;De 06:00 a 15:00 R60 ;06:00 ;15:00 ;15 ;15 ;09:00 ;60 ;8:00;10:45 ;11:45 ;1
1531 ;6513 ;IMPORT6513;De 08:30 a 17:30 R60 ;08:30 ;17:30 ;15 ;15 ;09:00 ;60 ;8:00;14:10 ;15:10 ;1
1532 ;6514 ;IMPORT6514;De 10:00 a 18:00 R60 ;10:00 ;18:00 ;30 ;0 ;08:00 ;60 ;7:00;15:00 ;16:00 ;1
1533 ;6515 ;IMPORT6515;De 05:00 a 15:00 R60 ;05:00 ;15:00 ;30 ;0 ;10:00 ;60 ;9:00;10:30 ;11:30 ;0
1534 ;6516 ;IMPORT6516;De 21:00 a 07:00 R60 ;21:00 ;07:00 ;30 ;0 ;10:00 ;60 ;9:00;04:00 ;05:00 ;0
1535 ;6517 ;IMPORT6517;De 01:30 a 09:30 R60 ;01:30 ;09:30 ;15 ;15 ;08:00 ;60 ;7:00;04:30 ;05:30 ;1
1536 ;6518 ;IMPORT6518;De 07:30 a 16:30 R60 ;07:30 ;16:30 ;15 ;15 ;09:00 ;60 ;8:00;12:05 ;13:05 ;1
1537 ;6519 ;IMPORT6519;De 09:30 a 17:30 R60 ;09:30 ;17:30 ;15 ;15 ;08:00 ;60 ;7:00;12:30 ;13:30 ;1
1538 ;6520 ;IMPORT6520;De 07:30 a 16:30 R60 ;07:30 ;16:30 ;15 ;15 ;09:00 ;60 ;8:00;10:45 ;11:45 ;1
1539 ;6521 ;IMPORT6521;De 08:30 a 16:30 R60 ;08:30 ;16:30 ;30 ;0 ;08:00 ;60 ;7:00;13:30 ;14:30 ;1
1540 ;6522 ;IMPORT6522;De 10:30 a 19:30 R0 ;10:30 ;19:30 ;30 ;0 ;09:00 ;0 ;9:00;;;1
1541 ;6523 ;IMPORT6523;De 11:30 a 19:30 R60 ;11:30 ;19:30 ;15 ;15 ;08:00 ;60 ;7:00;14:30 ;15:30 ;1
1542 ;6524 ;IMPORT6524;De 11:30 a 19:30 R60 ;11:30 ;19:30 ;15 ;15 ;08:00 ;60 ;7:00;14:45 ;15:45 ;1
1543 ;6525 ;IMPORT6525;De 09:30 a 18:30 R60 ;09:30 ;18:30 ;15 ;15 ;09:00 ;60 ;8:00;13:20 ;14:20 ;1
1544 ;6526 ;IMPORT6526;De 09:00 a 18:30 R60 ;09:00 ;18:30 ;15 ;15 ;09:30 ;60 ;8:30;14:45 ;15:45 ;1
1545 ;6527 ;IMPORT6527;De 04:00 a 13:00 R60 ;04:00 ;13:00 ;15 ;15 ;09:00 ;60 ;8:00;07:15 ;08:15 ;1
1546 ;6528 ;IMPORT6528;De 08:30 a 17:30 R60 ;08:30 ;17:30 ;15 ;15 ;09:00 ;60 ;8:00;12:10 ;13:10 ;1
1547 ;6529 ;IMPORT6529;De 12:30 a 21:30 R60 ;12:30 ;21:30 ;15 ;15 ;09:00 ;60 ;8:00;15:40 ;16:40 ;1
1548 ;6530 ;IMPORT6530;De 00:30 a 09:30 R60 ;00:30 ;09:30 ;15 ;15 ;09:00 ;60 ;8:00;03:30 ;04:30 ;1
1549 ;6531 ;IMPORT6531;De 08:00 a 17:00 R60 ;08:00 ;17:00 ;15 ;15 ;09:00 ;60 ;8:00;11:55 ;12:55 ;1
1550 ;6532 ;IMPORT6532;De 10:00 a 19:00 R60 ;10:00 ;19:00 ;15 ;15 ;09:00 ;60 ;8:00;13:40 ;14:40 ;1
1551 ;6533 ;IMPORT6533;De 13:00 a 21:00 R60 ;13:00 ;21:00 ;15 ;15 ;08:00 ;60 ;7:00;16:15 ;17:15 ;1
1552 ;6534 ;IMPORT6534;De 16:00 a 00:00 R60 ;16:00 ;00:00 ;15 ;15 ;08:00 ;60 ;7:00;19:15 ;20:15 ;1
1553 ;6535 ;IMPORT6535;De 20:00 a 05:00 R60 ;20:00 ;05:00 ;15 ;15 ;09:00 ;60 ;8:00;00:30 ;01:30 ;1
1554 ;6536 ;IMPORT6536;De 22:30 a 07:30 R60 ;22:30 ;07:30 ;15 ;15 ;09:00 ;60 ;8:00;02:45 ;03:45 ;1
1555 ;6537 ;IMPORT6537;De 07:00 a 17:00 R60 ;07:00 ;17:00 ;30 ;0 ;10:00 ;60 ;9:00;12:15 ;13:15 ;0
1556 ;6538 ;IMPORT6538;De 07:00 a 17:00 R60 ;07:00 ;17:00 ;30 ;0 ;10:00 ;60 ;9:00;13:45 ;14:45 ;0
1557 ;6539 ;IMPORT6539;De 07:00 a 17:00 R60 ;07:00 ;17:00 ;30 ;0 ;10:00 ;60 ;9:00;13:55 ;14:55 ;0
1558 ;6540 ;IMPORT6540;De 05:30 a 14:30 R60 ;05:30 ;14:30 ;15 ;15 ;09:00 ;60 ;8:00;08:30 ;09:30 ;1
1559 ;6541 ;IMPORT6541;De 17:30 a 01:30 R60 ;17:30 ;01:30 ;15 ;15 ;08:00 ;60 ;7:00;20:30 ;21:30 ;1
1560 ;6542 ;IMPORT6542;De 12:30 a 22:30 R60 ;12:30 ;22:30 ;15 ;15 ;10:00 ;60 ;9:00;15:45 ;16:45 ;0
1561 ;6543 ;IMPORT6543;De 20:00 a 23:00 R0 ;20:00 ;23:00 ;0 ;0 ;03:00 ;0 ;3:00;;;0
1562 ;6544 ;IMPORT6544;De 20:30 a 05:30 R60 ;20:30 ;05:30 ;15 ;15 ;09:00 ;60 ;8:00;23:30 ;00:30 ;1
1563 ;6545 ;IMPORT6545;De 03:00 a 12:00 R60 ;03:00 ;12:00 ;15 ;15 ;09:00 ;60 ;8:00;06:15 ;07:15 ;1
1564 ;6546 ;IMPORT6546;De 03:00 a 12:00 R60 ;03:00 ;12:00 ;15 ;15 ;09:00 ;60 ;8:00;08:00 ;09:00 ;1
1565 ;6547 ;IMPORT6547;De 04:30 a 12:30 R60 ;04:30 ;12:30 ;15 ;15 ;08:00 ;60 ;7:00;08:15 ;09:15 ;1
1566 ;6548 ;IMPORT6548;De 05:00 a 13:00 R60 ;05:00 ;13:00 ;15 ;15 ;08:00 ;60 ;7:00;09:30 ;10:30 ;1
1567 ;6549 ;IMPORT6549;De 05:30 a 13:30 R60 ;05:30 ;13:30 ;15 ;15 ;08:00 ;60 ;7:00;10:00 ;11:00 ;1
1568 ;6550 ;IMPORT6550;De 06:00 a 14:00 R60 ;06:00 ;14:00 ;15 ;15 ;08:00 ;60 ;7:00;09:30 ;10:30 ;1
1569 ;6551 ;IMPORT6551;De 09:00 a 18:00 R60 ;09:00 ;18:00 ;15 ;15 ;09:00 ;60 ;8:00;12:20 ;13:20 ;1
1570 ;6552 ;IMPORT6552;De 09:30 a 18:30 R60 ;09:30 ;18:30 ;15 ;15 ;09:00 ;60 ;8:00;13:10 ;14:10 ;1
1571 ;6553 ;IMPORT6553;De 11:30 a 20:30 R60 ;11:30 ;20:30 ;15 ;15 ;09:00 ;60 ;8:00;14:55 ;15:55 ;1
1572 ;6554 ;IMPORT6554;De 16:00 a 00:00 R60 ;16:00 ;00:00 ;15 ;15 ;08:00 ;60 ;7:00;20:00 ;21:00 ;1
1573 ;6555 ;IMPORT6555;De 16:30 a 01:30 R60 ;16:30 ;01:30 ;15 ;15 ;09:00 ;60 ;8:00;22:15 ;23:15 ;1
1574 ;6556 ;IMPORT6556;De 17:30 a 01:30 R60 ;17:30 ;01:30 ;15 ;15 ;08:00 ;60 ;7:00;21:00 ;22:00 ;1
1575 ;6557 ;IMPORT6557;De 18:00 a 02:00 R60 ;18:00 ;02:00 ;15 ;15 ;08:00 ;60 ;7:00;22:00 ;23:00 ;1
1576 ;6558 ;IMPORT6558;De 18:30 a 03:30 R60 ;18:30 ;03:30 ;15 ;15 ;09:00 ;60 ;8:00;22:30 ;23:30 ;1
1577 ;6559 ;IMPORT6559;De 07:30 a 15:30 R60 ;07:30 ;15:30 ;15 ;15 ;08:00 ;60 ;7:00;11:55 ;12:55 ;1
1578 ;6560 ;IMPORT6560;De 09:00 a 17:00 R60 ;09:00 ;17:00 ;30 ;0 ;08:00 ;60 ;7:00;14:00 ;15:00 ;1
1579 ;6561 ;IMPORT6561;De 13:00 a 21:00 R60 ;13:00 ;21:00 ;30 ;0 ;08:00 ;60 ;7:00;17:00 ;18:00 ;1
1580 ;6562 ;IMPORT6562;De 08:00 a 16:00 R60 ;08:00 ;16:00 ;15 ;15 ;08:00 ;60 ;7:00;12:10 ;13:10 ;1
1581 ;6563 ;IMPORT6563;De 06:30 a 15:30 R60 ;06:30 ;15:30 ;15 ;15 ;09:00 ;60 ;8:00;11:00 ;12:00 ;1
1582 ;6564 ;IMPORT6564;De 07:00 a 15:00 R60 ;07:00 ;15:00 ;15 ;15 ;08:00 ;60 ;7:00;11:10 ;12:10 ;1
1583 ;6565 ;IMPORT6565;De 09:00 a 18:00 R60 ;09:00 ;18:00 ;15 ;15 ;09:00 ;60 ;8:00;12:40 ;13:40 ;1
1584 ;6566 ;IMPORT6566;De 01:30 a 10:30 R60 ;01:30 ;10:30 ;15 ;15 ;09:00 ;60 ;8:00;06:45 ;07:45 ;1
1585 ;6567 ;IMPORT6567;De 08:00 a 16:00 R60 ;08:00 ;16:00 ;15 ;15 ;08:00 ;60 ;7:00;11:40 ;12:40 ;1
1586 ;6568 ;IMPORT6568;De 13:30 a 21:30 R60 ;13:30 ;21:30 ;15 ;15 ;08:00 ;60 ;7:00;17:15 ;18:15 ;1
1587 ;6569 ;IMPORT6569;De 13:30 a 21:30 R60 ;13:30 ;21:30 ;15 ;15 ;08:00 ;60 ;7:00;18:00 ;19:00 ;1
1588 ;6570 ;IMPORT6570;De 10:30 a 21:30 R60 ;10:30 ;21:30 ;30 ;0 ;11:00 ;60 ;10:00;16:45 ;17:45 ;0
1589 ;6571 ;IMPORT6571;De 17:30 a 03:30 R0 ;17:30 ;03:30 ;15 ;15 ;10:00 ;0 ;10:00;;;0
1590 ;6572 ;IMPORT6572;De 21:00 a 07:00 R0 ;21:00 ;07:00 ;15 ;15 ;10:00 ;0 ;10:00;;;0
1591 ;6573 ;IMPORT6573;De 13:30 a 23:30 R60 ;13:30 ;23:30 ;30 ;0 ;10:00 ;60 ;9:00;17:30 ;18:30 ;0
1592 ;6574 ;IMPORT6574;De 14:00 a 00:00 R60 ;14:00 ;00:00 ;30 ;0 ;10:00 ;60 ;9:00;19:00 ;20:00 ;0
1593 ;6575 ;IMPORT6575;De 17:00 a 02:00 R60 ;17:00 ;02:00 ;15 ;15 ;09:00 ;60 ;8:00;21:30 ;22:30 ;1
1594 ;6576 ;IMPORT6576;De 08:30 a 17:30 R60 ;08:30 ;17:30 ;15 ;15 ;09:00 ;60 ;8:00;11:50 ;12:50 ;1
1595 ;6577 ;IMPORT6577;De 09:30 a 18:30 R60 ;09:30 ;18:30 ;15 ;15 ;09:00 ;60 ;8:00;14:25 ;15:25 ;1
1596 ;6578 ;IMPORT6578;De 15:30 a 23:30 R60 ;15:30 ;23:30 ;15 ;15 ;08:00 ;60 ;7:00;20:00 ;21:00 ;1
1597 ;6579 ;IMPORT6579;De 14:30 a 00:30 R60 ;14:30 ;00:30 ;30 ;0 ;10:00 ;60 ;9:00;18:30 ;19:30 ;0
1598 ;6580 ;IMPORT6580;De 15:00 a 01:00 R60 ;15:00 ;01:00 ;30 ;0 ;10:00 ;60 ;9:00;20:00 ;21:00 ;0
1599 ;6581 ;IMPORT6581;De 11:30 a 20:30 R60 ;11:30 ;20:30 ;15 ;15 ;09:00 ;60 ;8:00;16:10 ;17:10 ;1
1600 ;6582 ;IMPORT6582;De 14:00 a 23:00 R60 ;14:00 ;23:00 ;30 ;0 ;09:00 ;60 ;8:00;19:00 ;20:00 ;1
1601 ;6583 ;IMPORT6583;De 15:00 a 23:00 R60 ;15:00 ;23:00 ;15 ;15 ;08:00 ;60 ;7:00;19:30 ;20:30 ;1
1602 ;6584 ;IMPORT6584;De 16:30 a 01:30 R60 ;16:30 ;01:30 ;15 ;15 ;09:00 ;60 ;8:00;21:00 ;22:00 ;1
1603 ;6585 ;IMPORT6585;De 09:00 a 18:30 R60 ;09:00 ;18:30 ;15 ;15 ;09:30 ;60 ;8:30;14:30 ;15:30 ;1
1604 ;6586 ;IMPORT6586;De 10:00 a 19:30 R60 ;10:00 ;19:30 ;15 ;15 ;09:30 ;60 ;8:30;15:45 ;16:45 ;1
1605 ;6587 ;IMPORT6587;De 10:00 a 20:30 R60 ;10:00 ;20:30 ;15 ;15 ;10:30 ;60 ;9:30;14:30 ;15:30 ;0
1606 ;6588 ;IMPORT6588;De 10:30 a 21:00 R60 ;10:30 ;21:00 ;15 ;15 ;10:30 ;60 ;9:30;15:00 ;16:00 ;0
1607 ;6589 ;IMPORT6589;De 05:00 a 14:00 R60 ;05:00 ;14:00 ;15 ;15 ;09:00 ;60 ;8:00;10:10 ;11:10 ;1
1608 ;6590 ;IMPORT6590;De 08:30 a 17:30 R60 ;08:30 ;17:30 ;15 ;15 ;09:00 ;60 ;8:00;12:20 ;13:20 ;1
1609 ;6591 ;IMPORT6591;De 10:00 a 19:30 R60 ;10:00 ;19:30 ;15 ;15 ;09:30 ;60 ;8:30;13:10 ;14:10 ;1
1610 ;6592 ;IMPORT6592;De 10:30 a 21:30 R60 ;10:30 ;21:30 ;30 ;0 ;11:00 ;60 ;10:00;15:40 ;16:40 ;0
1611 ;6593 ;IMPORT6593;De 10:30 a 19:30 R60 ;10:30 ;19:30 ;30 ;0 ;09:00 ;60 ;8:00;12:30 ;13:30 ;1
1612 ;6594 ;IMPORT6594;De 11:30 a 20:30 R60 ;11:30 ;20:30 ;30 ;0 ;09:00 ;60 ;8:00;13:30 ;14:30 ;1
1613 ;6595 ;IMPORT6595;De 11:30 a 20:30 R60 ;11:30 ;20:30 ;15 ;15 ;09:00 ;60 ;8:00;15:45 ;16:45 ;1
1614 ;6596 ;IMPORT6596;De 10:30 a 21:00 R60 ;10:30 ;21:00 ;15 ;15 ;10:30 ;60 ;9:30;15:15 ;16:15 ;0
1615 ;6597 ;IMPORT6597;De 10:30 a 21:00 R60 ;10:30 ;21:00 ;15 ;15 ;10:30 ;60 ;9:30;15:30 ;16:30 ;0
1616 ;6598 ;IMPORT6598;De 10:30 a 21:00 R60 ;10:30 ;21:00 ;15 ;15 ;10:30 ;60 ;9:30;16:15 ;17:15 ;0
1617 ;6599 ;IMPORT6599;De 07:00 a 16:00 R60 ;07:00 ;16:00 ;15 ;15 ;09:00 ;60 ;8:00;10:45 ;11:45 ;1
1618 ;6600 ;IMPORT6600;De 12:00 a 21:00 R60 ;12:00 ;21:00 ;15 ;15 ;09:00 ;60 ;8:00;15:40 ;16:40 ;1
1619 ;6601 ;IMPORT6601;De 08:30 a 18:30 R60 ;08:30 ;18:30 ;30 ;0 ;10:00 ;60 ;9:00;15:15 ;16:15 ;0
1620 ;6602 ;IMPORT6602;De 12:30 a 22:30 R60 ;12:30 ;22:30 ;30 ;0 ;10:00 ;60 ;9:00;16:30 ;17:30 ;0
1621 ;6603 ;IMPORT6603;De 10:30 a 21:00 R60 ;10:30 ;21:00 ;15 ;15 ;10:30 ;60 ;9:30;15:45 ;16:45 ;0
1622 ;6604 ;IMPORT6604;De 10:30 a 21:30 R60 ;10:30 ;21:30 ;30 ;0 ;11:00 ;60 ;10:00;15:45 ;16:45 ;0
1623 ;6605 ;IMPORT6605;De 14:00 a 22:00 R60 ;14:00 ;22:00 ;15 ;15 ;08:00 ;60 ;7:00;18:30 ;19:30 ;1
1624 ;6606 ;IMPORT6606;De 06:30 a 15:30 R60 ;06:30 ;15:30 ;15 ;15 ;09:00 ;60 ;8:00;10:45 ;11:45 ;1
1625 ;6607 ;IMPORT6607;De 08:30 a 18:00 R60 ;08:30 ;18:00 ;15 ;15 ;09:30 ;60 ;8:30;13:40 ;14:40 ;1
1626 ;6608 ;IMPORT6608;De 06:30 a 15:30 R60 ;06:30 ;15:30 ;15 ;15 ;09:00 ;60 ;8:00;11:35 ;12:35 ;1
1627 ;6609 ;IMPORT6609;De 15:00 a 02:00 R60 ;15:00 ;02:00 ;15 ;15 ;11:00 ;60 ;10:00;20:00 ;21:00 ;0
1628 ;6610 ;IMPORT6610;De 15:00 a 02:00 R60 ;15:00 ;02:00 ;15 ;15 ;11:00 ;60 ;10:00;20:45 ;21:45 ;0
1629 ;6611 ;IMPORT6611;De 15:00 a 02:00 R60 ;15:00 ;02:00 ;15 ;15 ;11:00 ;60 ;10:00;21:45 ;22:45 ;0
1630 ;6612 ;IMPORT6612;De 16:00 a 01:00 R60 ;16:00 ;01:00 ;15 ;15 ;09:00 ;60 ;8:00;20:45 ;21:45 ;1
1631 ;6613 ;IMPORT6613;De 16:00 a 01:00 R60 ;16:00 ;01:00 ;15 ;15 ;09:00 ;60 ;8:00;21:30 ;22:30 ;1
1632 ;6614 ;IMPORT6614;De 19:30 a 02:30 R0 ;19:30 ;02:30 ;15 ;15 ;07:00 ;0 ;7:00;;;1
1633 ;6615 ;IMPORT6615;De 09:00 a 17:00 R60 ;09:00 ;17:00 ;15 ;15 ;08:00 ;60 ;7:00;13:10 ;14:10 ;1
1634 ;6616 ;IMPORT6616;De 07:30 a 15:30 R60 ;07:30 ;15:30 ;15 ;15 ;08:00 ;60 ;7:00;11:50 ;12:50 ;1
1635 ;6617 ;IMPORT6617;De 10:30 a 20:30 R60 ;10:30 ;20:30 ;15 ;15 ;10:00 ;60 ;9:00;15:15 ;16:15 ;0
1636 ;6618 ;IMPORT6618;De 10:30 a 20:30 R60 ;10:30 ;20:30 ;15 ;15 ;10:00 ;60 ;9:00;15:45 ;16:45 ;0
1637 ;6619 ;IMPORT6619;De 12:30 a 20:30 R60 ;12:30 ;20:30 ;15 ;15 ;08:00 ;60 ;7:00;15:45 ;16:45 ;1
1638 ;6620 ;IMPORT6620;De 09:30 a 17:30 R60 ;09:30 ;17:30 ;15 ;15 ;08:00 ;60 ;7:00;13:10 ;14:10 ;1
1639 ;6621 ;IMPORT6621;De 10:30 a 19:30 R60 ;10:30 ;19:30 ;15 ;15 ;09:00 ;60 ;8:00;14:05 ;15:05 ;1
1640 ;6622 ;IMPORT6622;De 12:00 a 23:00 R60 ;12:00 ;23:00 ;15 ;15 ;11:00 ;60 ;10:00;19:45 ;20:45 ;0
1641 ;6623 ;IMPORT6623;De 08:30 a 18:30 R60 ;08:30 ;18:30 ;15 ;15 ;10:00 ;60 ;9:00;11:30 ;12:30 ;0
1642 ;6624 ;IMPORT6624;De 08:30 a 18:30 R60 ;08:30 ;18:30 ;15 ;15 ;10:00 ;60 ;9:00;12:15 ;13:15 ;0
1643 ;6625 ;IMPORT6625;De 08:30 a 18:30 R60 ;08:30 ;18:30 ;15 ;15 ;10:00 ;60 ;9:00;13:00 ;14:00 ;0
1644 ;6626 ;IMPORT6626;De 09:00 a 19:00 R60 ;09:00 ;19:00 ;15 ;15 ;10:00 ;60 ;9:00;14:15 ;15:15 ;0
1645 ;6627 ;IMPORT6627;De 03:00 a 11:00 R60 ;03:00 ;11:00 ;15 ;15 ;08:00 ;60 ;7:00;07:15 ;08:15 ;1
1646 ;6628 ;IMPORT6628;De 04:00 a 12:00 R60 ;04:00 ;12:00 ;15 ;15 ;08:00 ;60 ;7:00;07:15 ;08:15 ;1
1647 ;6629 ;IMPORT6629;De 09:00 a 19:00 R60 ;09:00 ;19:00 ;15 ;15 ;10:00 ;60 ;9:00;12:30 ;13:30 ;0
1648 ;6630 ;IMPORT6630;De 10:30 a 19:30 R60 ;10:30 ;19:30 ;15 ;15 ;09:00 ;60 ;8:00;15:55 ;16:55 ;1
1649 ;6631 ;IMPORT6631;De 08:00 a 17:30 R60 ;08:00 ;17:30 ;15 ;15 ;09:30 ;60 ;8:30;12:55 ;13:55 ;1
1650 ;6632 ;IMPORT6632;De 08:30 a 18:30 R60 ;08:30 ;18:30 ;15 ;15 ;10:00 ;60 ;9:00;13:45 ;14:45 ;0
1651 ;6633 ;IMPORT6633;De 10:00 a 20:00 R60 ;10:00 ;20:00 ;15 ;15 ;10:00 ;60 ;9:00;16:15 ;17:15 ;0
1652 ;6634 ;IMPORT6634;De 07:30 a 15:30 R60 ;07:30 ;15:30 ;30 ;0 ;08:00 ;60 ;7:00;12:30 ;13:30 ;1
1653 ;6635 ;IMPORT6635;De 10:00 a 18:00 R60 ;10:00 ;18:00 ;30 ;0 ;08:00 ;60 ;7:00;12:30 ;13:30 ;1
1654 ;6636 ;IMPORT6636;De 11:30 a 19:30 R60 ;11:30 ;19:30 ;15 ;15 ;08:00 ;60 ;7:00;14:55 ;15:55 ;1
1655 ;6637 ;IMPORT6637;De 12:00 a 21:00 R60 ;12:00 ;21:00 ;15 ;15 ;09:00 ;60 ;8:00;15:25 ;16:25 ;1
1656 ;6638 ;IMPORT6638;De 12:00 a 23:00 R60 ;12:00 ;23:00 ;15 ;15 ;11:00 ;60 ;10:00;18:30 ;19:30 ;0
1657 ;6639 ;IMPORT6639;De 12:00 a 23:00 R60 ;12:00 ;23:00 ;15 ;15 ;11:00 ;60 ;10:00;19:00 ;20:00 ;0
1658 ;6640 ;IMPORT6640;De 12:30 a 22:30 R60 ;12:30 ;22:30 ;15 ;15 ;10:00 ;60 ;9:00;18:45 ;19:45 ;0
1659 ;6641 ;IMPORT6641;De 13:00 a 21:00 R60 ;13:00 ;21:00 ;15 ;15 ;08:00 ;60 ;7:00;16:30 ;17:30 ;1
1660 ;6642 ;IMPORT6642;De 08:30 a 17:30 R60 ;08:30 ;17:30 ;15 ;15 ;09:00 ;60 ;8:00;13:20 ;14:20 ;1
1661 ;6643 ;IMPORT6643;De 08:30 a 18:30 R60 ;08:30 ;18:30 ;15 ;15 ;10:00 ;60 ;9:00;13:40 ;14:40 ;0
1662 ;6644 ;IMPORT6644;De 08:30 a 19:30 R60 ;08:30 ;19:30 ;15 ;15 ;11:00 ;60 ;10:00;13:15 ;14:15 ;0
1663 ;6645 ;IMPORT6645;De 08:30 a 18:30 R60 ;08:30 ;18:30 ;15 ;15 ;10:00 ;60 ;9:00;13:10 ;14:10 ;0
1664 ;6646 ;IMPORT6646;De 08:30 a 18:30 R60 ;08:30 ;18:30 ;15 ;15 ;10:00 ;60 ;9:00;13:15 ;14:15 ;0
1665 ;6647 ;IMPORT6647;De 08:30 a 18:30 R60 ;08:30 ;18:30 ;15 ;15 ;10:00 ;60 ;9:00;14:15 ;15:15 ;0
1666 ;6648 ;IMPORT6648;De 10:30 a 18:30 R60 ;10:30 ;18:30 ;30 ;0 ;08:00 ;60 ;7:00;15:30 ;16:30 ;1
1667 ;6649 ;IMPORT6649;De 11:30 a 19:30 R60 ;11:30 ;19:30 ;30 ;0 ;08:00 ;60 ;7:00;16:00 ;17:00 ;1
1668 ;6650 ;IMPORT6650;De 12:00 a 20:00 R60 ;12:00 ;20:00 ;30 ;0 ;08:00 ;60 ;7:00;14:30 ;15:30 ;1
1669 ;6651 ;IMPORT6651;De 14:00 a 22:00 R60 ;14:00 ;22:00 ;30 ;0 ;08:00 ;60 ;7:00;16:30 ;17:30 ;1
1670 ;6652 ;IMPORT6652;De 08:30 a 17:30 R60 ;08:30 ;17:30 ;15 ;15 ;09:00 ;60 ;8:00;12:25 ;13:25 ;1
1671 ;6653 ;IMPORT6653;De 09:30 a 20:30 R60 ;09:30 ;20:30 ;15 ;15 ;11:00 ;60 ;10:00;14:45 ;15:45 ;0
1672 ;6656 ;IMPORT6656;De 15:00 a 02:00 R60 ;15:00 ;02:00 ;15 ;15 ;11:00 ;60 ;10:00;21:00 ;22:00 ;0
1673 ;6657 ;IMPORT6657;De 11:30 a 19:30 R60 ;11:30 ;19:30 ;30 ;0 ;08:00 ;60 ;7:00;14:00 ;15:00 ;1
1674 ;6658 ;IMPORT6658;De 09:00 a 19:00 R60 ;09:00 ;19:00 ;15 ;15 ;10:00 ;60 ;9:00;13:10 ;14:10 ;0
1675 ;6659 ;IMPORT6659;De 09:00 a 20:00 R60 ;09:00 ;20:00 ;15 ;15 ;11:00 ;60 ;10:00;12:45 ;13:45 ;0
1676 ;6660 ;IMPORT6660;De 09:30 a 19:30 R60 ;09:30 ;19:30 ;15 ;15 ;10:00 ;60 ;9:00;15:45 ;16:45 ;0
1677 ;6661 ;IMPORT6661;De 00:00 a 23:30 R0 ;00:00 ;23:30 ;0 ;0 ;23:30 ;0 ;23:30;;;0
1678 ;6662 ;IMPORT6662;De 13:00 a 22:00 R60 ;13:00 ;22:00 ;15 ;15 ;09:00 ;60 ;8:00;17:10 ;18:10 ;1
1679 ;6663 ;IMPORT6663;De 14:30 a 01:30 R60 ;14:30 ;01:30 ;15 ;15 ;11:00 ;60 ;10:00;19:30 ;20:30 ;0
1680 ;6664 ;IMPORT6664;De 08:30 a 18:00 R60 ;08:30 ;18:00 ;15 ;15 ;09:30 ;60 ;8:30;14:25 ;15:25 ;1
1681 ;6665 ;IMPORT6665;De 07:30 a 16:30 R60 ;07:30 ;16:30 ;30 ;0 ;09:00 ;60 ;8:00;13:45 ;14:45 ;1
1682 ;6666 ;IMPORT6666;De 07:30 a 17:30 R60 ;07:30 ;17:30 ;30 ;0 ;10:00 ;60 ;9:00;13:45 ;14:45 ;0
1683 ;6667 ;IMPORT6667;De 07:00 a 14:15 R0 ;07:00 ;14:15 ;30 ;0 ;07:15 ;0 ;7:15;;;1
1684 ;6668 ;IMPORT6668;De 07:00 a 18:00 R60 ;07:00 ;18:00 ;15 ;15 ;11:00 ;60 ;10:00;14:45 ;15:45 ;0
1685 ;6669 ;IMPORT6669;De 09:00 a 20:00 R60 ;09:00 ;20:00 ;15 ;15 ;11:00 ;60 ;10:00;12:30 ;13:30 ;0
1686 ;6670 ;IMPORT6670;De 09:00 a 20:00 R60 ;09:00 ;20:00 ;15 ;15 ;11:00 ;60 ;10:00;13:30 ;14:30 ;0
1687 ;6671 ;IMPORT6671;De 09:30 a 19:30 R60 ;09:30 ;19:30 ;15 ;15 ;10:00 ;60 ;9:00;13:15 ;14:15 ;0
1688 ;6672 ;IMPORT6672;De 09:30 a 19:30 R60 ;09:30 ;19:30 ;15 ;15 ;10:00 ;60 ;9:00;13:45 ;14:45 ;0
1689 ;6673 ;IMPORT6673;De 09:30 a 19:30 R60 ;09:30 ;19:30 ;15 ;15 ;10:00 ;60 ;9:00;14:45 ;15:45 ;0
1690 ;6674 ;IMPORT6674;De 09:00 a 18:00 R60 ;09:00 ;18:00 ;30 ;0 ;09:00 ;60 ;8:00;16:00 ;17:00 ;1
1691 ;6675 ;IMPORT6675;De 09:00 a 20:00 R60 ;09:00 ;20:00 ;15 ;15 ;11:00 ;60 ;10:00;13:00 ;14:00 ;0
1692 ;6676 ;IMPORT6676;De 09:00 a 20:00 R60 ;09:00 ;20:00 ;15 ;15 ;11:00 ;60 ;10:00;13:45 ;14:45 ;0
1693 ;6677 ;IMPORT6677;De 09:30 a 19:30 R60 ;09:30 ;19:30 ;15 ;15 ;10:00 ;60 ;9:00;14:15 ;15:15 ;0
1694 ;6678 ;IMPORT6678;De 11:00 a 20:00 R60 ;11:00 ;20:00 ;30 ;0 ;09:00 ;60 ;8:00;17:15 ;18:15 ;1
1695 ;6679 ;IMPORT6679;De 07:00 a 15:15 R0 ;07:00 ;15:15 ;30 ;0 ;08:15 ;0 ;8:15;;;1
1696 ;6680 ;IMPORT6680;De 09:15 a 18:00 R60 ;09:15 ;18:00 ;15 ;15 ;08:45 ;60 ;7:45;14:30 ;15:30 ;1
1697 ;6681 ;IMPORT6681;De 08:30 a 11:30 R0 ;08:30 ;11:30 ;30 ;0 ;03:00 ;0 ;3:00;;;1
1698 ;6682 ;IMPORT6682;De 14:30 a 17:30 R0 ;14:30 ;17:30 ;30 ;0 ;03:00 ;0 ;3:00;;;1
1699 ;6683 ;IMPORT6683;De 20:30 a 06:30 R60 ;20:30 ;06:30 ;30 ;0 ;10:00 ;60 ;9:00;03:30 ;04:30 ;0
1700 ;6684 ;IMPORT6684;De 21:00 a 07:00 R60 ;21:00 ;07:00 ;30 ;0 ;10:00 ;60 ;9:00;03:30 ;04:30 ;0
1701 ;6685 ;IMPORT6685;De 08:30 a 18:30 R60 ;08:30 ;18:30 ;15 ;15 ;10:00 ;60 ;9:00;14:45 ;15:45 ;0
1702 ;6686 ;IMPORT6686;De 09:00 a 17:00 R60 ;09:00 ;17:00 ;15 ;15 ;08:00 ;60 ;7:00;13:25 ;14:25 ;1
1703 ;6687 ;IMPORT6687;De 09:30 a 19:30 R60 ;09:30 ;19:30 ;15 ;15 ;10:00 ;60 ;9:00;13:30 ;14:30 ;0
1704 ;6688 ;IMPORT6688;De 07:00 a 15:00 R60 ;07:00 ;15:00 ;30 ;0 ;08:00 ;60 ;7:00;11:50 ;12:50 ;1
1705 ;6689 ;IMPORT6689;De 15:00 a 23:00 R60 ;15:00 ;23:00 ;15 ;15 ;08:00 ;60 ;7:00;18:30 ;19:30 ;1
1706 ;6690 ;IMPORT6690;De 10:00 a 19:30 R60 ;10:00 ;19:30 ;15 ;15 ;09:30 ;60 ;8:30;13:30 ;14:30 ;1
1707 ;6691 ;IMPORT6691;De 16:30 a 00:30 R60 ;16:30 ;00:30 ;15 ;15 ;08:00 ;60 ;7:00;21:00 ;22:00 ;1
1708 ;6692 ;IMPORT6692;De 07:30 a 18:30 R60 ;07:30 ;18:30 ;15 ;15 ;11:00 ;60 ;10:00;11:15 ;12:15 ;0
1709 ;6693 ;IMPORT6693;De 07:30 a 18:30 R60 ;07:30 ;18:30 ;15 ;15 ;11:00 ;60 ;10:00;14:30 ;15:30 ;0
1710 ;6694 ;IMPORT6694;De 07:00 a 16:00 R60 ;07:00 ;16:00 ;15 ;15 ;09:00 ;60 ;8:00;10:05 ;11:05 ;1
1711 ;6695 ;IMPORT6695;De 09:00 a 20:00 R60 ;09:00 ;20:00 ;15 ;15 ;11:00 ;60 ;10:00;12:15 ;13:15 ;0
1712 ;6696 ;IMPORT6696;De 02:30 a 11:30 R60 ;02:30 ;11:30 ;15 ;15 ;09:00 ;60 ;8:00;06:45 ;07:45 ;1
1713 ;6697 ;IMPORT6697;De 08:45 a 16:45 R0 ;08:45 ;16:45 ;30 ;0 ;08:00 ;0 ;8:00;;;1
1714 ;6698 ;IMPORT6698;De 09:30 a 19:30 R60 ;09:30 ;19:30 ;15 ;15 ;10:00 ;60 ;9:00;12:40 ;13:40 ;0
1715 ;6699 ;IMPORT6699;De 04:30 a 13:30 R60 ;04:30 ;13:30 ;15 ;15 ;09:00 ;60 ;8:00;07:30 ;08:30 ;1
1716 ;6700 ;IMPORT6700;De 19:30 a 03:30 R60 ;19:30 ;03:30 ;15 ;15 ;08:00 ;60 ;7:00;22:30 ;23:30 ;1
1717 ;6701 ;IMPORT6701;De 07:00 a 18:00 R60 ;07:00 ;18:00 ;15 ;15 ;11:00 ;60 ;10:00;10:00 ;11:00 ;0
1718 ;6702 ;IMPORT6702;De 07:30 a 17:30 R60 ;07:30 ;17:30 ;15 ;15 ;10:00 ;60 ;9:00;13:00 ;14:00 ;0
1719 ;6703 ;IMPORT6703;De 08:00 a 16:00 R60 ;08:00 ;16:00 ;15 ;15 ;08:00 ;60 ;7:00;11:55 ;12:55 ;1
1720 ;6704 ;IMPORT6704;De 10:00 a 19:00 R60 ;10:00 ;19:00 ;15 ;15 ;09:00 ;60 ;8:00;15:40 ;16:40 ;1
1721 ;6705 ;IMPORT6705;De 19:00 a 04:00 R60 ;19:00 ;04:00 ;15 ;15 ;09:00 ;60 ;8:00;23:30 ;00:30 ;1
1722 ;6706 ;IMPORT6706;De 16:00 a 01:00 R60 ;16:00 ;01:00 ;15 ;15 ;09:00 ;60 ;8:00;21:45 ;22:45 ;1
1723 ;6707 ;IMPORT6707;De 08:30 a 19:30 R60 ;08:30 ;19:30 ;15 ;15 ;11:00 ;60 ;10:00;12:00 ;13:00 ;0
1724 ;6708 ;IMPORT6708;De 09:00 a 19:00 R60 ;09:00 ;19:00 ;15 ;15 ;10:00 ;60 ;9:00;13:45 ;14:45 ;0
1725 ;6709 ;IMPORT6709;De 02:30 a 10:30 R60 ;02:30 ;10:30 ;15 ;15 ;08:00 ;60 ;7:00;05:30 ;06:30 ;1
1726 ;6710 ;IMPORT6710;De 03:30 a 11:30 R60 ;03:30 ;11:30 ;15 ;15 ;08:00 ;60 ;7:00;07:00 ;08:00 ;1
1727 ;6711 ;IMPORT6711;De 03:30 a 11:30 R60 ;03:30 ;11:30 ;15 ;15 ;08:00 ;60 ;7:00;07:45 ;08:45 ;1
1728 ;6712 ;IMPORT6712;De 06:30 a 14:30 R60 ;06:30 ;14:30 ;15 ;15 ;08:00 ;60 ;7:00;10:15 ;11:15 ;1
1729 ;6713 ;IMPORT6713;De 06:30 a 15:30 R60 ;06:30 ;15:30 ;15 ;15 ;09:00 ;60 ;8:00;11:15 ;12:15 ;1
1730 ;6714 ;IMPORT6714;De 16:30 a 00:30 R60 ;16:30 ;00:30 ;15 ;15 ;08:00 ;60 ;7:00;20:25 ;21:25 ;1
1731 ;6715 ;IMPORT6715;De 17:30 a 02:30 R60 ;17:30 ;02:30 ;15 ;15 ;09:00 ;60 ;8:00;22:30 ;23:30 ;1
1732 ;6716 ;IMPORT6716;De 18:30 a 02:30 R60 ;18:30 ;02:30 ;15 ;15 ;08:00 ;60 ;7:00;21:30 ;22:30 ;1
1733 ;6717 ;IMPORT6717;De 19:30 a 04:30 R60 ;19:30 ;04:30 ;15 ;15 ;09:00 ;60 ;8:00;00:00 ;01:00 ;1
1734 ;6718 ;IMPORT6718;De 19:30 a 04:30 R60 ;19:30 ;04:30 ;15 ;15 ;09:00 ;60 ;8:00;22:45 ;23:45 ;1
1735 ;6719 ;IMPORT6719;De 12:00 a 21:00 R60 ;12:00 ;21:00 ;15 ;15 ;09:00 ;60 ;8:00;16:25 ;17:25 ;1
1736 ;6720 ;IMPORT6720;De 05:00 a 14:00 R60 ;05:00 ;14:00 ;15 ;15 ;09:00 ;60 ;8:00;10:40 ;11:40 ;1
1737 ;6721 ;IMPORT6721;De 08:30 a 16:30 R60 ;08:30 ;16:30 ;15 ;15 ;08:00 ;60 ;7:00;12:10 ;13:10 ;1
1738 ;6722 ;IMPORT6722;De 09:30 a 19:30 R60 ;09:30 ;19:30 ;15 ;15 ;10:00 ;60 ;9:00;12:45 ;13:45 ;0
1739 ;6723 ;IMPORT6723;De 16:00 a 01:00 R60 ;16:00 ;01:00 ;15 ;15 ;09:00 ;60 ;8:00;19:45 ;20:45 ;1
1740 ;6724 ;IMPORT6724;De 09:30 a 18:30 R60 ;09:30 ;18:30 ;15 ;15 ;09:00 ;60 ;8:00;15:10 ;16:10 ;1
1741 ;6725 ;IMPORT6725;De 08:00 a 19:00 R60 ;08:00 ;19:00 ;15 ;15 ;11:00 ;60 ;10:00;12:30 ;13:30 ;0
1742 ;6726 ;IMPORT6726;De 14:00 a 22:30 R0 ;14:00 ;22:30 ;15 ;15 ;08:30 ;0 ;8:30;;;1
1743 ;6727 ;IMPORT6727;De 18:30 a 02:30 R60 ;18:30 ;02:30 ;15 ;15 ;08:00 ;60 ;7:00;23:00 ;00:00 ;1
1744 ;6728 ;IMPORT6728;De 16:00 a 00:00 R60 ;16:00 ;00:00 ;15 ;15 ;08:00 ;60 ;7:00;19:35 ;20:35 ;1
1745 ;6729 ;IMPORT6729;De 14:00 a 00:00 R60 ;14:00 ;00:00 ;30 ;0 ;10:00 ;60 ;9:00;18:30 ;19:30 ;0
1746 ;6730 ;IMPORT6730;De 07:30 a 16:30 R60 ;07:30 ;16:30 ;15 ;15 ;09:00 ;60 ;8:00;12:50 ;13:50 ;1
1747 ;6731 ;IMPORT6731;De 08:30 a 16:30 R60 ;08:30 ;16:30 ;15 ;15 ;08:00 ;60 ;7:00;12:25 ;13:25 ;1
1748 ;6732 ;IMPORT6732;De 15:30 a 23:30 R60 ;15:30 ;23:30 ;15 ;15 ;08:00 ;60 ;7:00;19:45 ;20:45 ;1
1749 ;6733 ;IMPORT6733;De 11:00 a 20:00 R60 ;11:00 ;20:00 ;15 ;15 ;09:00 ;60 ;8:00;14:40 ;15:40 ;1
1750 ;6734 ;IMPORT6734;De 09:30 a 20:30 R60 ;09:30 ;20:30 ;30 ;0 ;11:00 ;60 ;10:00;15:35 ;16:35 ;0
1751 ;6735 ;IMPORT6735;De 22:30 a 07:30 R60 ;22:30 ;07:30 ;15 ;15 ;09:00 ;60 ;8:00;03:00 ;04:00 ;1
1752 ;6736 ;IMPORT6736;De 08:00 a 16:00 R60 ;08:00 ;16:00 ;30 ;0 ;08:00 ;60 ;7:00;12:50 ;13:50 ;1
1753 ;6737 ;IMPORT6737;De 08:30 a 16:30 R60 ;08:30 ;16:30 ;15 ;15 ;08:00 ;60 ;7:00;11:40 ;12:40 ;1
1754 ;6738 ;IMPORT6738;De 10:00 a 19:30 R60 ;10:00 ;19:30 ;15 ;15 ;09:30 ;60 ;8:30;14:00 ;15:00 ;1
1755 ;6739 ;IMPORT6739;De 10:00 a 19:30 R60 ;10:00 ;19:30 ;15 ;15 ;09:30 ;60 ;8:30;14:05 ;15:05 ;1
1756 ;6740 ;IMPORT6740;De 12:30 a 21:30 R60 ;12:30 ;21:30 ;30 ;0 ;09:00 ;60 ;8:00;15:00 ;16:00 ;1
1757 ;6741 ;IMPORT6741;De 09:30 a 20:30 R60 ;09:30 ;20:30 ;15 ;15 ;11:00 ;60 ;10:00;12:30 ;13:30 ;0
1758 ;6742 ;IMPORT6742;De 09:30 a 20:30 R60 ;09:30 ;20:30 ;15 ;15 ;11:00 ;60 ;10:00;13:00 ;14:00 ;0
1759 ;6743 ;IMPORT6743;De 07:00 a 18:00 R60 ;07:00 ;18:00 ;15 ;15 ;11:00 ;60 ;10:00;11:15 ;12:15 ;0
1760 ;6744 ;IMPORT6744;De 07:30 a 17:30 R60 ;07:30 ;17:30 ;15 ;15 ;10:00 ;60 ;9:00;12:45 ;13:45 ;0
1761 ;6745 ;IMPORT6745;De 10:00 a 19:30 R60 ;10:00 ;19:30 ;15 ;15 ;09:30 ;60 ;8:30;13:00 ;14:00 ;1
1762 ;6746 ;IMPORT6746;De 11:30 a 20:30 R60 ;11:30 ;20:30 ;15 ;15 ;09:00 ;60 ;8:00;15:40 ;16:40 ;1
1763 ;6747 ;IMPORT6747;De 07:00 a 18:00 R60 ;07:00 ;18:00 ;15 ;15 ;11:00 ;60 ;10:00;11:45 ;12:45 ;0
1764 ;6748 ;IMPORT6748;De 07:30 a 17:30 R60 ;07:30 ;17:30 ;15 ;15 ;10:00 ;60 ;9:00;13:15 ;14:15 ;0
1765 ;6749 ;IMPORT6749;De 09:00 a 20:00 R60 ;09:00 ;20:00 ;15 ;15 ;11:00 ;60 ;10:00;12:55 ;13:55 ;0
1766 ;6750 ;IMPORT6750;De 09:30 a 19:30 R60 ;09:30 ;19:30 ;15 ;15 ;10:00 ;60 ;9:00;14:40 ;15:40 ;0
1767 ;6751 ;IMPORT6751;De 10:30 a 19:30 R60 ;10:30 ;19:30 ;15 ;15 ;09:00 ;60 ;8:00;14:10 ;15:10 ;1
1768 ;6752 ;IMPORT6752;De 10:30 a 21:00 R60 ;10:30 ;21:00 ;15 ;15 ;10:30 ;60 ;9:30;16:00 ;17:00 ;0
1769 ;6753 ;IMPORT6753;De 09:30 a 17:30 R60 ;09:30 ;17:30 ;15 ;15 ;08:00 ;60 ;7:00;12:55 ;13:55 ;1
1770 ;6754 ;IMPORT6754;De 08:30 a 16:30 R60 ;08:30 ;16:30 ;15 ;15 ;08:00 ;60 ;7:00;11:55 ;12:55 ;1
1771 ;6755 ;IMPORT6755;De 02:30 a 10:30 R60 ;02:30 ;10:30 ;15 ;15 ;08:00 ;60 ;7:00;07:00 ;08:00 ;1
1772 ;6756 ;IMPORT6756;De 03:30 a 11:30 R60 ;03:30 ;11:30 ;15 ;15 ;08:00 ;60 ;7:00;07:15 ;08:15 ;1
1773 ;6757 ;IMPORT6757;De 05:00 a 13:00 R60 ;05:00 ;13:00 ;15 ;15 ;08:00 ;60 ;7:00;08:00 ;09:00 ;1
1774 ;6758 ;IMPORT6758;De 09:30 a 20:30 R60 ;09:30 ;20:30 ;15 ;15 ;11:00 ;60 ;10:00;14:00 ;15:00 ;0
1775 ;6759 ;IMPORT6759;De 09:30 a 20:30 R60 ;09:30 ;20:30 ;15 ;15 ;11:00 ;60 ;10:00;14:15 ;15:15 ;0
1776 ;6760 ;IMPORT6760;De 14:30 a 23:30 R60 ;14:30 ;23:30 ;30 ;0 ;09:00 ;60 ;8:00;18:00 ;19:00 ;1
1777 ;6761 ;IMPORT6761;De 15:00 a 00:00 R60 ;15:00 ;00:00 ;30 ;0 ;09:00 ;60 ;8:00;21:30 ;22:30 ;1
1778 ;6762 ;IMPORT6762;De 09:00 a 18:00 R60 ;09:00 ;18:00 ;15 ;15 ;09:00 ;60 ;8:00;12:10 ;13:10 ;1
1779 ;6763 ;IMPORT6763;De 09:30 a 20:30 R60 ;09:30 ;20:30 ;15 ;15 ;11:00 ;60 ;10:00;15:25 ;16:25 ;0
1780 ;6764 ;IMPORT6764;De 13:00 a 21:00 R60 ;13:00 ;21:00 ;15 ;15 ;08:00 ;60 ;7:00;17:30 ;18:30 ;1
1781 ;6765 ;IMPORT6765;De 13:00 a 21:00 R60 ;13:00 ;21:00 ;15 ;15 ;08:00 ;60 ;7:00;16:35 ;17:35 ;1
1782 ;6766 ;IMPORT6766;De 13:30 a 22:30 R60 ;13:30 ;22:30 ;30 ;0 ;09:00 ;60 ;8:00;20:00 ;21:00 ;1
1783 ;6767 ;IMPORT6767;De 14:00 a 23:00 R60 ;14:00 ;23:00 ;30 ;0 ;09:00 ;60 ;8:00;16:00 ;17:00 ;1
1784 ;6768 ;IMPORT6768;De 14:15 a 21:15 R0 ;14:15 ;21:15 ;30 ;0 ;07:00 ;0 ;7:00;;;1
1785 ;6769 ;IMPORT6769;De 08:15 a 16:15 R0 ;08:15 ;16:15 ;30 ;0 ;08:00 ;0 ;8:00;;;1
1786 ;6770 ;IMPORT6770;De 10:00 a 18:00 R60 ;10:00 ;18:00 ;30 ;0 ;08:00 ;60 ;7:00;12:00 ;13:00 ;1
1787 ;6771 ;IMPORT6771;De 11:00 a 19:00 R60 ;11:00 ;19:00 ;15 ;15 ;08:00 ;60 ;7:00;14:35 ;15:35 ;1
1788 ;6772 ;IMPORT6772;De 12:00 a 20:00 R60 ;12:00 ;20:00 ;15 ;15 ;08:00 ;60 ;7:00;15:35 ;16:35 ;1
1789 ;6773 ;IMPORT6773;De 14:00 a 22:00 R60 ;14:00 ;22:00 ;15 ;15 ;08:00 ;60 ;7:00;17:35 ;18:35 ;1
1790 ;6774 ;IMPORT6774;De 15:30 a 00:30 R60 ;15:30 ;00:30 ;15 ;15 ;09:00 ;60 ;8:00;21:00 ;22:00 ;1
1791 ;6775 ;IMPORT6775;De 08:00 a 16:00 R60 ;08:00 ;16:00 ;15 ;15 ;08:00 ;60 ;7:00;11:10 ;12:10 ;1
1792 ;6776 ;IMPORT6776;De 07:30 a 18:30 R60 ;07:30 ;18:30 ;15 ;15 ;11:00 ;60 ;10:00;11:00 ;12:00 ;0
1793 ;6777 ;IMPORT6777;De 13:00 a 21:00 R60 ;13:00 ;21:00 ;30 ;0 ;08:00 ;60 ;7:00;18:00 ;19:00 ;1
1794 ;6778 ;IMPORT6778;De 07:00 a 18:00 R60 ;07:00 ;18:00 ;15 ;15 ;11:00 ;60 ;10:00;11:30 ;12:30 ;0
1795 ;6779 ;IMPORT6779;De 07:30 a 17:30 R60 ;07:30 ;17:30 ;15 ;15 ;10:00 ;60 ;9:00;11:15 ;12:15 ;0
1796 ;6780 ;IMPORT6780;De 06:30 a 15:30 R60 ;06:30 ;15:30 ;30 ;0 ;09:00 ;60 ;8:00;09:30 ;10:30 ;1
1797 ;6781 ;IMPORT6781;De 17:00 a 02:00 R60 ;17:00 ;02:00 ;15 ;15 ;09:00 ;60 ;8:00;22:30 ;23:30 ;1
1798 ;6782 ;IMPORT6782;De 09:30 a 19:30 R60 ;09:30 ;19:30 ;15 ;15 ;10:00 ;60 ;9:00;13:00 ;14:00 ;0
1799 ;6783 ;IMPORT6783;De 09:00 a 20:00 R60 ;09:00 ;20:00 ;15 ;15 ;11:00 ;60 ;10:00;13:05 ;14:05 ;0
1800 ;6784 ;IMPORT6784;De 02:00 a 11:00 R60 ;02:00 ;11:00 ;15 ;15 ;09:00 ;60 ;8:00;05:30 ;06:30 ;1
1801 ;6785 ;IMPORT6785;De 05:00 a 14:00 R60 ;05:00 ;14:00 ;15 ;15 ;09:00 ;60 ;8:00;10:45 ;11:45 ;1
1802 ;6786 ;IMPORT6786;De 06:30 a 15:30 R60 ;06:30 ;15:30 ;15 ;15 ;09:00 ;60 ;8:00;10:40 ;11:40 ;1
1803 ;6787 ;IMPORT6787;De 07:00 a 15:00 R60 ;07:00 ;15:00 ;15 ;15 ;08:00 ;60 ;7:00;11:20 ;12:20 ;1
1804 ;6788 ;IMPORT6788;De 14:30 a 23:30 R60 ;14:30 ;23:30 ;15 ;15 ;09:00 ;60 ;8:00;17:45 ;18:45 ;1
1805 ;6789 ;IMPORT6789;De 18:00 a 02:00 R60 ;18:00 ;02:00 ;15 ;15 ;08:00 ;60 ;7:00;21:00 ;22:00 ;1
1806 ;6790 ;IMPORT6790;De 20:00 a 04:00 R60 ;20:00 ;04:00 ;15 ;15 ;08:00 ;60 ;7:00;23:30 ;00:30 ;1
1807 ;6791 ;IMPORT6791;De 20:30 a 05:30 R60 ;20:30 ;05:30 ;15 ;15 ;09:00 ;60 ;8:00;23:40 ;00:40 ;1
1808 ;6792 ;IMPORT6792;De 22:00 a 07:00 R60 ;22:00 ;07:00 ;15 ;15 ;09:00 ;60 ;8:00;01:45 ;02:45 ;1
1809 ;6793 ;IMPORT6793;De 03:00 a 11:00 R60 ;03:00 ;11:00 ;15 ;15 ;08:00 ;60 ;7:00;07:00 ;08:00 ;1
1810 ;6794 ;IMPORT6794;De 05:00 a 14:00 R60 ;05:00 ;14:00 ;15 ;15 ;09:00 ;60 ;8:00;09:30 ;10:30 ;1
1811 ;6795 ;IMPORT6795;De 05:30 a 13:30 R60 ;05:30 ;13:30 ;15 ;15 ;08:00 ;60 ;7:00;08:30 ;09:30 ;1
1812 ;6796 ;IMPORT6796;De 06:00 a 15:00 R60 ;06:00 ;15:00 ;15 ;15 ;09:00 ;60 ;8:00;11:35 ;12:35 ;1
1813 ;6797 ;IMPORT6797;De 07:30 a 16:30 R60 ;07:30 ;16:30 ;15 ;15 ;09:00 ;60 ;8:00;11:55 ;12:55 ;1
1814 ;6798 ;IMPORT6798;De 14:30 a 23:30 R60 ;14:30 ;23:30 ;15 ;15 ;09:00 ;60 ;8:00;20:15 ;21:15 ;1
1815 ;6799 ;IMPORT6799;De 16:00 a 01:00 R60 ;16:00 ;01:00 ;15 ;15 ;09:00 ;60 ;8:00;21:15 ;22:15 ;1
1816 ;6800 ;IMPORT6800;De 16:30 a 01:30 R60 ;16:30 ;01:30 ;15 ;15 ;09:00 ;60 ;8:00;20:00 ;21:00 ;1
1817 ;6801 ;IMPORT6801;De 21:00 a 05:00 R60 ;21:00 ;05:00 ;15 ;15 ;08:00 ;60 ;7:00;00:00 ;01:00 ;1
1818 ;6802 ;IMPORT6802;De 08:00 a 19:00 R60 ;08:00 ;19:00 ;15 ;15 ;11:00 ;60 ;10:00;11:15 ;12:15 ;0
1819 ;6803 ;IMPORT6803;De 08:00 a 19:00 R60 ;08:00 ;19:00 ;15 ;15 ;11:00 ;60 ;10:00;11:10 ;12:10 ;0
1820 ;6804 ;IMPORT6804;De 15:00 a 00:00 R60 ;15:00 ;00:00 ;15 ;15 ;09:00 ;60 ;8:00;18:05 ;19:05 ;1
1821 ;6805 ;IMPORT6805;De 11:30 a 21:30 R60 ;11:30 ;21:30 ;30 ;0 ;10:00 ;60 ;9:00;18:00 ;19:00 ;0
1822 ;6806 ;IMPORT6806;De 11:30 a 21:30 R60 ;11:30 ;21:30 ;30 ;0 ;10:00 ;60 ;9:00;18:30 ;19:30 ;0
1823 ;6807 ;IMPORT6807;De 13:00 a 22:00 R60 ;13:00 ;22:00 ;15 ;15 ;09:00 ;60 ;8:00;16:10 ;17:10 ;1
1824 ;6808 ;IMPORT6808;De 14:30 a 22:30 R60 ;14:30 ;22:30 ;15 ;15 ;08:00 ;60 ;7:00;17:55 ;18:55 ;1
1825 ;6809 ;IMPORT6809;De 03:30 a 11:30 R60 ;03:30 ;11:30 ;15 ;15 ;08:00 ;60 ;7:00;08:00 ;09:00 ;1
1826 ;6810 ;IMPORT6810;De 08:30 a 19:30 R60 ;08:30 ;19:30 ;15 ;15 ;11:00 ;60 ;10:00;13:00 ;14:00 ;0
1827 ;6811 ;IMPORT6811;De 08:30 a 19:30 R60 ;08:30 ;19:30 ;15 ;15 ;11:00 ;60 ;10:00;14:40 ;15:40 ;0
1828 ;6812 ;IMPORT6812;De 12:30 a 20:30 R60 ;12:30 ;20:30 ;15 ;15 ;08:00 ;60 ;7:00;16:15 ;17:15 ;1
1829 ;6813 ;IMPORT6813;De 10:30 a 19:30 R60 ;10:30 ;19:30 ;15 ;15 ;09:00 ;60 ;8:00;14:55 ;15:55 ;1
1830 ;6814 ;IMPORT6814;De 07:30 a 17:30 R60 ;07:30 ;17:30 ;15 ;15 ;10:00 ;60 ;9:00;12:00 ;13:00 ;0
1831 ;6815 ;IMPORT6815;De 08:00 a 18:00 R60 ;08:00 ;18:00 ;15 ;15 ;10:00 ;60 ;9:00;11:45 ;12:45 ;0
1832 ;6816 ;IMPORT6816;De 07:30 a 17:00 R60 ;07:30 ;17:00 ;15 ;15 ;09:30 ;60 ;8:30;12:55 ;13:55 ;1
1833 ;6817 ;IMPORT6817;De 14:30 a 22:30 R60 ;14:30 ;22:30 ;15 ;15 ;08:00 ;60 ;7:00;18:00 ;19:00 ;1
1834 ;6818 ;IMPORT6818;De 15:30 a 00:30 R60 ;15:30 ;00:30 ;30 ;0 ;09:00 ;60 ;8:00;19:00 ;20:00 ;1
1835 ;6819 ;IMPORT6819;De 21:30 a 06:30 R60 ;21:30 ;06:30 ;30 ;0 ;09:00 ;60 ;8:00;03:30 ;04:30 ;1
1836 ;6820 ;IMPORT6820;De 12:00 a 20:00 R60 ;12:00 ;20:00 ;15 ;15 ;08:00 ;60 ;7:00;16:10 ;17:10 ;1
1837 ;6821 ;IMPORT6821;De 10:30 a 18:30 R60 ;10:30 ;18:30 ;15 ;15 ;08:00 ;60 ;7:00;13:40 ;14:40 ;1
1838 ;6822 ;IMPORT6822;De 08:00 a 19:00 R60 ;08:00 ;19:00 ;15 ;15 ;11:00 ;60 ;10:00;11:45 ;12:45 ;0
1839 ;6823 ;IMPORT6823;De 15:00 a 00:00 R60 ;15:00 ;00:00 ;15 ;15 ;09:00 ;60 ;8:00;18:10 ;19:10 ;1
1840 ;6824 ;IMPORT6824;De 07:30 a 17:00 R60 ;07:30 ;17:00 ;15 ;15 ;09:30 ;60 ;8:30;13:05 ;14:05 ;1
1841 ;6825 ;IMPORT6825;De 07:00 a 16:30 R60 ;07:00 ;16:30 ;15 ;15 ;09:30 ;60 ;8:30;12:50 ;13:50 ;1
1842 ;6826 ;IMPORT6826;De 15:00 a 00:00 R60 ;15:00 ;00:00 ;15 ;15 ;09:00 ;60 ;8:00;18:25 ;19:25 ;1
1843 ;6827 ;IMPORT6827;De 18:00 a 02:00 R60 ;18:00 ;02:00 ;15 ;15 ;08:00 ;60 ;7:00;21:15 ;22:15 ;1
1844 ;6828 ;IMPORT6828;De 19:30 a 03:30 R60 ;19:30 ;03:30 ;15 ;15 ;08:00 ;60 ;7:00;22:45 ;23:45 ;1
1845 ;6829 ;IMPORT6829;De 15:00 a 00:00 R60 ;15:00 ;00:00 ;15 ;15 ;09:00 ;60 ;8:00;18:40 ;19:40 ;1
1846 ;6830 ;IMPORT6830;De 08:00 a 19:00 R60 ;08:00 ;19:00 ;15 ;15 ;11:00 ;60 ;10:00;12:15 ;13:15 ;0
1847 ;6831 ;IMPORT6831;De 08:00 a 19:00 R60 ;08:00 ;19:00 ;15 ;15 ;11:00 ;60 ;10:00;12:55 ;13:55 ;0
1848 ;6832 ;IMPORT6832;De 10:30 a 19:30 R60 ;10:30 ;19:30 ;15 ;15 ;09:00 ;60 ;8:00;14:25 ;15:25 ;1
1849 ;6833 ;IMPORT6833;De 04:30 a 13:30 R60 ;04:30 ;13:30 ;15 ;15 ;09:00 ;60 ;8:00;10:15 ;11:15 ;1
1850 ;6834 ;IMPORT6834;De 08:00 a 19:00 R60 ;08:00 ;19:00 ;30 ;0 ;11:00 ;60 ;10:00;15:45 ;16:45 ;0
1851 ;6835 ;IMPORT6835;De 09:00 a 20:00 R60 ;09:00 ;20:00 ;15 ;15 ;11:00 ;60 ;10:00;12:25 ;13:25 ;0
1852 ;6836 ;IMPORT6836;De 13:30 a 22:30 R60 ;13:30 ;22:30 ;15 ;15 ;09:00 ;60 ;8:00;16:45 ;17:45 ;1
1853 ;6837 ;IMPORT6837;De 15:00 a 23:00 R60 ;15:00 ;23:00 ;15 ;15 ;08:00 ;60 ;7:00;18:45 ;19:45 ;1
1854 ;6838 ;IMPORT6838;De 13:30 a 21:30 R60 ;13:30 ;21:30 ;15 ;15 ;08:00 ;60 ;7:00;17:00 ;18:00 ;1
1855 ;6839 ;IMPORT6839;De 11:00 a 22:00 R60 ;11:00 ;22:00 ;15 ;15 ;11:00 ;60 ;10:00;15:00 ;16:00 ;0
1856 ;6840 ;IMPORT6840;De 11:30 a 22:30 R60 ;11:30 ;22:30 ;15 ;15 ;11:00 ;60 ;10:00;15:00 ;16:00 ;0
1857 ;6841 ;IMPORT6841;De 07:30 a 17:30 R60 ;07:30 ;17:30 ;15 ;15 ;10:00 ;60 ;9:00;10:55 ;11:55 ;0
1858 ;6842 ;IMPORT6842;De 07:30 a 18:30 R60 ;07:30 ;18:30 ;15 ;15 ;11:00 ;60 ;10:00;11:45 ;12:45 ;0
1859 ;6843 ;IMPORT6843;De 08:00 a 19:00 R60 ;08:00 ;19:00 ;15 ;15 ;11:00 ;60 ;10:00;14:55 ;15:55 ;0
1860 ;6844 ;IMPORT6844;De 11:00 a 19:00 R60 ;11:00 ;19:00 ;15 ;15 ;08:00 ;60 ;7:00;14:10 ;15:10 ;1
1861 ;6845 ;IMPORT6845;De 07:30 a 15:30 R60 ;07:30 ;15:30 ;15 ;15 ;08:00 ;60 ;7:00;10:40 ;11:40 ;1
1862 ;6846 ;IMPORT6846;De 07:30 a 15:30 R60 ;07:30 ;15:30 ;30 ;0 ;08:00 ;60 ;7:00;11:10 ;12:10 ;1
1863 ;6847 ;IMPORT6847;De 12:00 a 21:15 R0 ;12:00 ;21:15 ;0 ;0 ;09:15 ;0 ;9:15;;;0
1864 ;6848 ;IMPORT6848;De 13:00 a 21:15 R0 ;13:00 ;21:15 ;0 ;0 ;08:15 ;0 ;8:15;;;0
1865 ;6849 ;IMPORT6849;De 23:15 a 06:15 R0 ;23:15 ;06:15 ;0 ;0 ;07:00 ;0 ;7:00;;;0
1866 ;6850 ;IMPORT6850;De 14:00 a 23:00 R60 ;14:00 ;23:00 ;15 ;15 ;09:00 ;60 ;8:00;18:45 ;19:45 ;1
1867 ;6851 ;IMPORT6851;De 14:30 a 23:30 R60 ;14:30 ;23:30 ;15 ;15 ;09:00 ;60 ;8:00;18:40 ;19:40 ;1
1868 ;6852 ;IMPORT6852;De 13:30 a 22:30 R60 ;13:30 ;22:30 ;15 ;15 ;09:00 ;60 ;8:00;17:40 ;18:40 ;1
1869 ;6853 ;IMPORT6853;De 15:00 a 23:15 R0 ;15:00 ;23:15 ;30 ;0 ;08:15 ;0 ;8:15;;;1
1870 ;6854 ;IMPORT6854;De 16:00 a 23:15 R0 ;16:00 ;23:15 ;30 ;0 ;07:15 ;0 ;7:15;;;1
1871 ;6855 ;IMPORT6855;De 15:00 a 23:00 R60 ;15:00 ;23:00 ;15 ;15 ;08:00 ;60 ;7:00;18:15 ;19:15 ;1
1872 ;6856 ;IMPORT6856;De 12:00 a 21:00 R60 ;12:00 ;21:00 ;15 ;15 ;09:00 ;60 ;8:00;15:55 ;16:55 ;1
1873 ;6857 ;IMPORT6857;De 12:30 a 21:30 R60 ;12:30 ;21:30 ;15 ;15 ;09:00 ;60 ;8:00;16:15 ;17:15 ;1
1874 ;6858 ;IMPORT6858;De 14:30 a 22:30 R60 ;14:30 ;22:30 ;15 ;15 ;08:00 ;60 ;7:00;18:30 ;19:30 ;1
1875 ;6859 ;IMPORT6859;De 14:30 a 22:30 R60 ;14:30 ;22:30 ;15 ;15 ;08:00 ;60 ;7:00;18:45 ;19:45 ;1
1876 ;6860 ;IMPORT6860;De 12:00 a 20:00 R60 ;12:00 ;20:00 ;15 ;15 ;08:00 ;60 ;7:00;15:10 ;16:10 ;1
1877 ;6861 ;IMPORT6861;De 07:00 a 16:30 R60 ;07:00 ;16:30 ;15 ;15 ;09:30 ;60 ;8:30;13:30 ;14:30 ;1
1878 ;6862 ;IMPORT6862;De 07:00 a 15:00 R60 ;07:00 ;15:00 ;15 ;15 ;08:00 ;60 ;7:00;10:25 ;11:25 ;1
1879 ;6863 ;IMPORT6863;De 12:30 a 20:30 R60 ;12:30 ;20:30 ;15 ;15 ;08:00 ;60 ;7:00;16:45 ;17:45 ;1
1880 ;6864 ;IMPORT6864;De 12:00 a 20:00 R60 ;12:00 ;20:00 ;30 ;0 ;08:00 ;60 ;7:00;14:00 ;15:00 ;1
1881 ;6865 ;IMPORT6865;De 08:30 a 17:30 R60 ;08:30 ;17:30 ;15 ;15 ;09:00 ;60 ;8:00;11:40 ;12:40 ;1
1882 ;6866 ;IMPORT6866;De 12:30 a 21:30 R60 ;12:30 ;21:30 ;30 ;0 ;09:00 ;60 ;8:00;18:30 ;19:30 ;1
1883 ;6867 ;IMPORT6867;De 13:00 a 22:30 R60 ;13:00 ;22:30 ;30 ;0 ;09:30 ;60 ;8:30;18:30 ;19:30 ;1
1884 ;6868 ;IMPORT6868;De 08:00 a 16:00 R60 ;08:00 ;16:00 ;30 ;0 ;08:00 ;60 ;7:00;13:00 ;14:00 ;1
1885 ;6869 ;IMPORT6869;De 08:00 a 19:00 R60 ;08:00 ;19:00 ;30 ;0 ;11:00 ;60 ;10:00;11:30 ;12:30 ;0
1886 ;6870 ;IMPORT6870;De 06:00 a 15:00 R60 ;06:00 ;15:00 ;30 ;0 ;09:00 ;60 ;8:00;13:00 ;14:00 ;1
1887 ;6871 ;IMPORT6871;De 08:00 a 17:00 R60 ;08:00 ;17:00 ;30 ;0 ;09:00 ;60 ;8:00;15:00 ;16:00 ;1
1888 ;6872 ;IMPORT6872;De 12:15 a 19:15 R0 ;12:15 ;19:15 ;0 ;0 ;07:00 ;0 ;7:00;;;0
1889 ;6873 ;IMPORT6873;De 15:15 a 22:15 R0 ;15:15 ;22:15 ;0 ;0 ;07:00 ;0 ;7:00;;;0
1890 ;6874 ;IMPORT6874;De 07:15 a 14:15 R0 ;07:15 ;14:15 ;15 ;15 ;07:00 ;0 ;7:00;;;1
1891 ;6875 ;IMPORT6875;De 08:00 a 16:00 R60 ;08:00 ;16:00 ;15 ;15 ;08:00 ;60 ;7:00;11:25 ;12:25 ;1
1892 ;6876 ;IMPORT6876;De 07:30 a 17:30 R60 ;07:30 ;17:30 ;15 ;15 ;10:00 ;60 ;9:00;11:45 ;12:45 ;0
1893 ;6877 ;IMPORT6877;De 13:30 a 21:30 R60 ;13:30 ;21:30 ;30 ;0 ;08:00 ;60 ;7:00;18:30 ;19:30 ;1
1894 ;6878 ;IMPORT6878;De 12:00 a 23:00 R60 ;12:00 ;23:00 ;15 ;15 ;11:00 ;60 ;10:00;15:00 ;16:00 ;0
1895 ;6879 ;IMPORT6879;De 10:30 a 20:00 R0 ;10:30 ;20:00 ;15 ;15 ;09:30 ;0 ;9:30;;;1
1896 ;6880 ;IMPORT6880;De 07:30 a 18:30 R60 ;07:30 ;18:30 ;15 ;15 ;11:00 ;60 ;10:00;10:55 ;11:55 ;0
1897 ;6881 ;IMPORT6881;De 08:30 a 18:30 R60 ;08:30 ;18:30 ;15 ;15 ;10:00 ;60 ;9:00;12:45 ;13:45 ;0
1898 ;6882 ;IMPORT6882;De 06:30 a 15:30 R60 ;06:30 ;15:30 ;30 ;0 ;09:00 ;60 ;8:00;10:00 ;11:00 ;1
1899 ;6883 ;IMPORT6883;De 13:00 a 22:00 R60 ;13:00 ;22:00 ;15 ;15 ;09:00 ;60 ;8:00;16:55 ;17:55 ;1
1900 ;6884 ;IMPORT6884;De 09:00 a 20:00 R60 ;09:00 ;20:00 ;15 ;15 ;11:00 ;60 ;10:00;13:55 ;14:55 ;0
1901 ;6885 ;IMPORT6885;De 17:00 a 02:00 R60 ;17:00 ;02:00 ;15 ;15 ;09:00 ;60 ;8:00;21:15 ;22:15 ;1
1902 ;6886 ;IMPORT6886;De 20:30 a 05:30 R60 ;20:30 ;05:30 ;15 ;15 ;09:00 ;60 ;8:00;02:15 ;03:15 ;1
1903 ;6887 ;IMPORT6887;De 13:00 a 21:00 R60 ;13:00 ;21:00 ;15 ;15 ;08:00 ;60 ;7:00;16:45 ;17:45 ;1
1904 ;6888 ;IMPORT6888;De 18:30 a 03:30 R60 ;18:30 ;03:30 ;15 ;15 ;09:00 ;60 ;8:00;00:10 ;01:10 ;1
1905 ;6889 ;IMPORT6889;De 19:00 a 04:00 R60 ;19:00 ;04:00 ;15 ;15 ;09:00 ;60 ;8:00;22:15 ;23:15 ;1
1906 ;6890 ;IMPORT6890;De 21:30 a 06:30 R60 ;21:30 ;06:30 ;15 ;15 ;09:00 ;60 ;8:00;01:10 ;02:10 ;1
1907 ;6891 ;IMPORT6891;De 04:00 a 13:00 R60 ;04:00 ;13:00 ;15 ;15 ;09:00 ;60 ;8:00;07:30 ;08:30 ;1
1908 ;6892 ;IMPORT6892;De 09:00 a 19:00 R60 ;09:00 ;19:00 ;15 ;15 ;10:00 ;60 ;9:00;12:45 ;13:45 ;0
1909 ;6893 ;IMPORT6893;De 10:00 a 20:00 R60 ;10:00 ;20:00 ;15 ;15 ;10:00 ;60 ;9:00;13:45 ;14:45 ;0
1910 ;6894 ;IMPORT6894;De 10:00 a 20:00 R60 ;10:00 ;20:00 ;15 ;15 ;10:00 ;60 ;9:00;13:55 ;14:55 ;0
1911 ;6895 ;IMPORT6895;De 17:00 a 02:00 R60 ;17:00 ;02:00 ;15 ;15 ;09:00 ;60 ;8:00;21:00 ;22:00 ;1
1912 ;6896 ;IMPORT6896;De 17:00 a 02:00 R60 ;17:00 ;02:00 ;15 ;15 ;09:00 ;60 ;8:00;22:15 ;23:15 ;1
1913 ;6897 ;IMPORT6897;De 20:00 a 04:00 R60 ;20:00 ;04:00 ;15 ;15 ;08:00 ;60 ;7:00;00:00 ;01:00 ;1
1914 ;6898 ;IMPORT6898;De 07:00 a 17:00 R60 ;07:00 ;17:00 ;15 ;15 ;10:00 ;60 ;9:00;10:30 ;11:30 ;0
1915 ;6899 ;IMPORT6899;De 18:30 a 02:30 R60 ;18:30 ;02:30 ;15 ;15 ;08:00 ;60 ;7:00;22:00 ;23:00 ;1
1916 ;6900 ;IMPORT6900;De 10:00 a 19:00 R60 ;10:00 ;19:00 ;15 ;15 ;09:00 ;60 ;8:00;13:10 ;14:10 ;1
1917 ;6901 ;IMPORT6901;De 12:00 a 20:00 R60 ;12:00 ;20:00 ;15 ;15 ;08:00 ;60 ;7:00;15:40 ;16:40 ;1
1918 ;6902 ;IMPORT6902;De 16:00 a 00:00 R60 ;16:00 ;00:00 ;15 ;15 ;08:00 ;60 ;7:00;19:10 ;20:10 ;1
1919 ;6903 ;IMPORT6903;De 11:00 a 19:00 R60 ;11:00 ;19:00 ;15 ;15 ;08:00 ;60 ;7:00;14:25 ;15:25 ;1
1920 ;6904 ;IMPORT6904;De 05:30 a 13:30 R60 ;05:30 ;13:30 ;15 ;15 ;08:00 ;60 ;7:00;09:45 ;10:45 ;1
1921 ;6905 ;IMPORT6905;De 07:30 a 17:30 R60 ;07:30 ;17:30 ;15 ;15 ;10:00 ;60 ;9:00;13:40 ;14:40 ;0
1922 ;6906 ;IMPORT6906;De 11:00 a 19:00 R60 ;11:00 ;19:00 ;15 ;15 ;08:00 ;60 ;7:00;14:40 ;15:40 ;1
1923 ;6907 ;IMPORT6907;De 07:00 a 15:00 R60 ;07:00 ;15:00 ;15 ;15 ;08:00 ;60 ;7:00;11:25 ;12:25 ;1
1924 ;6908 ;IMPORT6908;De 12:00 a 20:00 R60 ;12:00 ;20:00 ;15 ;15 ;08:00 ;60 ;7:00;16:25 ;17:25 ;1
1925 ;6909 ;IMPORT6909;De 12:30 a 20:30 R60 ;12:30 ;20:30 ;15 ;15 ;08:00 ;60 ;7:00;15:55 ;16:55 ;1
1926 ;6910 ;IMPORT6910;De 12:00 a 20:00 R60 ;12:00 ;20:00 ;30 ;0 ;08:00 ;60 ;7:00;14:45 ;15:45 ;1
1927 ;6911 ;IMPORT6911;De 11:00 a 19:00 R60 ;11:00 ;19:00 ;15 ;15 ;08:00 ;60 ;7:00;14:55 ;15:55 ;1
1928 ;6912 ;IMPORT6912;De 07:00 a 15:00 R60 ;07:00 ;15:00 ;15 ;15 ;08:00 ;60 ;7:00;10:55 ;11:55 ;1
1929 ;6913 ;IMPORT6913;De 11:30 a 20:30 R60 ;11:30 ;20:30 ;15 ;15 ;09:00 ;60 ;8:00;16:45 ;17:45 ;1
1930 ;6914 ;IMPORT6914;De 16:30 a 00:30 R60 ;16:30 ;00:30 ;15 ;15 ;08:00 ;60 ;7:00;20:00 ;21:00 ;1
1931 ;6915 ;IMPORT6915;De 12:30 a 20:30 R60 ;12:30 ;20:30 ;15 ;15 ;08:00 ;60 ;7:00;16:10 ;17:10 ;1
1932 ;6916 ;IMPORT6916;De 08:00 a 18:30 R60 ;08:00 ;18:30 ;15 ;15 ;10:30 ;60 ;9:30;15:15 ;16:15 ;0
1933 ;6917 ;IMPORT6917;De 08:30 a 18:30 R60 ;08:30 ;18:30 ;15 ;15 ;10:00 ;60 ;9:00;11:40 ;12:40 ;0
1934 ;6918 ;IMPORT6918;De 13:30 a 22:30 R60 ;13:30 ;22:30 ;15 ;15 ;09:00 ;60 ;8:00;16:40 ;17:40 ;1
1935 ;6919 ;IMPORT6919;De 11:30 a 20:30 R60 ;11:30 ;20:30 ;15 ;15 ;09:00 ;60 ;8:00;15:25 ;16:25 ;1
1936 ;6920 ;IMPORT6920;De 03:00 a 12:00 R60 ;03:00 ;12:00 ;15 ;15 ;09:00 ;60 ;8:00;07:15 ;08:15 ;1
1937 ;6921 ;IMPORT6921;De 10:00 a 19:00 R60 ;10:00 ;19:00 ;15 ;15 ;09:00 ;60 ;8:00;15:25 ;16:25 ;1
1938 ;6922 ;IMPORT6922;De 10:30 a 19:30 R60 ;10:30 ;19:30 ;15 ;15 ;09:00 ;60 ;8:00;14:50 ;15:50 ;1
1939 ;6923 ;IMPORT6923;De 18:00 a 02:00 R60 ;18:00 ;02:00 ;15 ;15 ;08:00 ;60 ;7:00;22:30 ;23:30 ;1
1940 ;6924 ;IMPORT6924;De 07:30 a 15:30 R60 ;07:30 ;15:30 ;15 ;15 ;08:00 ;60 ;7:00;11:25 ;12:25 ;1
1941 ;6925 ;IMPORT6925;De 13:00 a 21:00 R60 ;13:00 ;21:00 ;30 ;0 ;08:00 ;60 ;7:00;15:00 ;16:00 ;1
1942 ;6926 ;IMPORT6926;De 07:00 a 18:00 R60 ;07:00 ;18:00 ;15 ;15 ;11:00 ;60 ;10:00;10:30 ;11:30 ;0
1943 ;6927 ;IMPORT6927;De 07:30 a 17:30 R60 ;07:30 ;17:30 ;15 ;15 ;10:00 ;60 ;9:00;10:30 ;11:30 ;0
1944 ;6928 ;IMPORT6928;De 07:30 a 18:30 R60 ;07:30 ;18:30 ;15 ;15 ;11:00 ;60 ;10:00;10:30 ;11:30 ;0
1945 ;6929 ;IMPORT6929;De 07:30 a 18:30 R60 ;07:30 ;18:30 ;15 ;15 ;11:00 ;60 ;10:00;12:15 ;13:15 ;0
1946 ;6930 ;IMPORT6930;De 11:30 a 20:30 R0 ;11:30 ;20:30 ;30 ;0 ;09:00 ;0 ;9:00;;;1
1947 ;6931 ;IMPORT6931;De 07:00 a 18:00 R60 ;07:00 ;18:00 ;15 ;15 ;11:00 ;60 ;10:00;10:40 ;11:40 ;0
1948 ;6932 ;IMPORT6932;De 07:30 a 17:30 R60 ;07:30 ;17:30 ;15 ;15 ;10:00 ;60 ;9:00;12:15 ;13:15 ;0
1949 ;6933 ;IMPORT6933;De 09:30 a 17:30 R60 ;09:30 ;17:30 ;30 ;0 ;08:00 ;60 ;7:00;12:40 ;13:40 ;1
1950 ;6934 ;IMPORT6934;De 08:30 a 16:30 R60 ;08:30 ;16:30 ;15 ;15 ;08:00 ;60 ;7:00;11:35 ;12:35 ;1
1951 ;6935 ;IMPORT6935;De 08:00 a 19:00 R60 ;08:00 ;19:00 ;15 ;15 ;11:00 ;60 ;10:00;11:00 ;12:00 ;0
1952 ;6936 ;IMPORT6936;De 13:00 a 00:00 R60 ;13:00 ;00:00 ;15 ;15 ;11:00 ;60 ;10:00;18:05 ;19:05 ;0
1953 ;6937 ;IMPORT6937;De 13:30 a 21:30 R60 ;13:30 ;21:30 ;30 ;0 ;08:00 ;60 ;7:00;16:40 ;17:40 ;1
1954 ;6938 ;IMPORT6938;De 09:30 a 19:30 R60 ;09:30 ;19:30 ;15 ;15 ;10:00 ;60 ;9:00;12:55 ;13:55 ;0
1955 ;6939 ;IMPORT6939;De 09:00 a 18:00 R60 ;09:00 ;18:00 ;30 ;0 ;09:00 ;60 ;8:00;16:30 ;17:30 ;1
1956 ;6940 ;IMPORT6940;De 07:30 a 17:30 R60 ;07:30 ;17:30 ;15 ;15 ;10:00 ;60 ;9:00;11:00 ;12:00 ;0
1957 ;6941 ;IMPORT6941;De 09:00 a 17:00 R60 ;09:00 ;17:00 ;15 ;15 ;08:00 ;60 ;7:00;12:10 ;13:10 ;1
1958 ;6942 ;IMPORT6942;De 12:00 a 20:00 R60 ;12:00 ;20:00 ;15 ;15 ;08:00 ;60 ;7:00;15:55 ;16:55 ;1
1959 ;6943 ;IMPORT6943;De 10:30 a 21:30 R60 ;10:30 ;21:30 ;15 ;15 ;11:00 ;60 ;10:00;14:45 ;15:45 ;0
1960 ;6944 ;IMPORT6944;De 10:30 a 21:30 R60 ;10:30 ;21:30 ;15 ;15 ;11:00 ;60 ;10:00;15:00 ;16:00 ;0
1961 ;6945 ;IMPORT6945;De 12:30 a 20:30 R60 ;12:30 ;20:30 ;15 ;15 ;08:00 ;60 ;7:00;15:40 ;16:40 ;1
1962 ;6946 ;IMPORT6946;De 14:00 a 01:00 R60 ;14:00 ;01:00 ;15 ;15 ;11:00 ;60 ;10:00;19:45 ;20:45 ;0
1963 ;6947 ;IMPORT6947;De 14:00 a 01:00 R60 ;14:00 ;01:00 ;15 ;15 ;11:00 ;60 ;10:00;20:30 ;21:30 ;0
1964 ;6948 ;IMPORT6948;De 14:30 a 00:30 R60 ;14:30 ;00:30 ;15 ;15 ;10:00 ;60 ;9:00;18:45 ;19:45 ;0
1965 ;6949 ;IMPORT6949;De 14:30 a 22:30 R60 ;14:30 ;22:30 ;15 ;15 ;08:00 ;60 ;7:00;19:00 ;20:00 ;1
1966 ;6950 ;IMPORT6950;De 17:00 a 01:00 R60 ;17:00 ;01:00 ;15 ;15 ;08:00 ;60 ;7:00;21:15 ;22:15 ;1
1967 ;6951 ;IMPORT6951;De 09:30 a 19:00 R60 ;09:30 ;19:00 ;15 ;15 ;09:30 ;60 ;8:30;15:00 ;16:00 ;1
1968 ;6952 ;IMPORT6952;De 10:00 a 20:00 R60 ;10:00 ;20:00 ;15 ;15 ;10:00 ;60 ;9:00;14:45 ;15:45 ;0
1969 ;6953 ;IMPORT6953;De 13:00 a 22:00 R60 ;13:00 ;22:00 ;15 ;15 ;09:00 ;60 ;8:00;16:25 ;17:25 ;1
1970 ;6954 ;IMPORT6954;De 06:30 a 15:30 R60 ;06:30 ;15:30 ;15 ;15 ;09:00 ;60 ;8:00;11:10 ;12:10 ;1
1971 ;6955 ;IMPORT6955;De 07:00 a 18:00 R60 ;07:00 ;18:00 ;15 ;15 ;11:00 ;60 ;10:00;10:25 ;11:25 ;0
1972 ;6956 ;IMPORT6956;De 07:30 a 16:30 R60 ;07:30 ;16:30 ;15 ;15 ;09:00 ;60 ;8:00;11:10 ;12:10 ;1
1973 ;6957 ;IMPORT6957;De 13:00 a 21:00 R60 ;13:00 ;21:00 ;15 ;15 ;08:00 ;60 ;7:00;17:15 ;18:15 ;1
1974 ;6958 ;IMPORT6958;De 07:30 a 18:30 R60 ;07:30 ;18:30 ;15 ;15 ;11:00 ;60 ;10:00;12:00 ;13:00 ;0
1975 ;6959 ;IMPORT6959;De 07:30 a 18:30 R60 ;07:30 ;18:30 ;15 ;15 ;11:00 ;60 ;10:00;14:10 ;15:10 ;0
1976 ;6960 ;IMPORT6960;De 01:30 a 10:30 R60 ;01:30 ;10:30 ;15 ;15 ;09:00 ;60 ;8:00;04:30 ;05:30 ;1
1977 ;6961 ;IMPORT6961;De 05:00 a 13:00 R60 ;05:00 ;13:00 ;15 ;15 ;08:00 ;60 ;7:00;09:00 ;10:00 ;1
1978 ;6962 ;IMPORT6962;De 07:30 a 18:30 R60 ;07:30 ;18:30 ;15 ;15 ;11:00 ;60 ;10:00;14:25 ;15:25 ;0
1979 ;6963 ;IMPORT6963;De 11:00 a 20:00 R60 ;11:00 ;20:00 ;15 ;15 ;09:00 ;60 ;8:00;15:40 ;16:40 ;1
1980 ;6964 ;IMPORT6964;De 11:00 a 22:00 R60 ;11:00 ;22:00 ;15 ;15 ;11:00 ;60 ;10:00;14:30 ;15:30 ;0
1981 ;6965 ;IMPORT6965;De 18:30 a 03:30 R60 ;18:30 ;03:30 ;15 ;15 ;09:00 ;60 ;8:00;22:00 ;23:00 ;1
1982 ;6966 ;IMPORT6966;De 07:30 a 16:30 R60 ;07:30 ;16:30 ;15 ;15 ;09:00 ;60 ;8:00;11:25 ;12:25 ;1
1983 ;6967 ;IMPORT6967;De 11:30 a 20:30 R60 ;11:30 ;20:30 ;15 ;15 ;09:00 ;60 ;8:00;14:35 ;15:35 ;1
1984 ;6968 ;IMPORT6968;De 16:30 a 00:30 R60 ;16:30 ;00:30 ;15 ;15 ;08:00 ;60 ;7:00;20:30 ;21:30 ;1
1985 ;6969 ;IMPORT6969;De 21:00 a 05:00 R60 ;21:00 ;05:00 ;15 ;15 ;08:00 ;60 ;7:00;00:30 ;01:30 ;1
1986 ;6970 ;IMPORT6970;De 03:00 a 12:00 R60 ;03:00 ;12:00 ;15 ;15 ;09:00 ;60 ;8:00;07:45 ;08:45 ;1
1987 ;6971 ;IMPORT6971;De 21:00 a 06:00 R60 ;21:00 ;06:00 ;15 ;15 ;09:00 ;60 ;8:00;00:15 ;01:15 ;1
1988 ;6972 ;IMPORT6972;De 08:30 a 19:00 R60 ;08:30 ;19:00 ;15 ;15 ;10:30 ;60 ;9:30;12:35 ;13:35 ;0
1989 ;6973 ;IMPORT6973;De 08:30 a 19:00 R60 ;08:30 ;19:00 ;15 ;15 ;10:30 ;60 ;9:30;13:45 ;14:45 ;0
1990 ;6974 ;IMPORT6974;De 08:30 a 18:30 R60 ;08:30 ;18:30 ;15 ;15 ;10:00 ;60 ;9:00;11:55 ;12:55 ;0
1991 ;6975 ;IMPORT6975;De 09:30 a 20:00 R60 ;09:30 ;20:00 ;15 ;15 ;10:30 ;60 ;9:30;12:40 ;13:40 ;0
1992 ;6976 ;IMPORT6976;De 06:00 a 15:00 R60 ;06:00 ;15:00 ;15 ;15 ;09:00 ;60 ;8:00;11:25 ;12:25 ;1
1993 ;6977 ;IMPORT6977;De 07:00 a 17:00 R60 ;07:00 ;17:00 ;15 ;15 ;10:00 ;60 ;9:00;10:35 ;11:35 ;0
1994 ;6978 ;IMPORT6978;De 07:00 a 17:30 R60 ;07:00 ;17:30 ;15 ;15 ;10:30 ;60 ;9:30;10:50 ;11:50 ;0
1995 ;6979 ;IMPORT6979;De 07:00 a 18:00 R0 ;07:00 ;18:00 ;0 ;0 ;11:00 ;0 ;11:00;;;0
1996 ;6980 ;IMPORT6980;De 10:30 a 18:30 R60 ;10:30 ;18:30 ;15 ;15 ;08:00 ;60 ;7:00;13:55 ;14:55 ;1
1997 ;6981 ;IMPORT6981;De 13:00 a 20:15 R0 ;13:00 ;20:15 ;0 ;0 ;07:15 ;0 ;7:15;;;0
1998 ;6982 ;IMPORT6982;De 07:30 a 15:30 R60 ;07:30 ;15:30 ;15 ;15 ;08:00 ;60 ;7:00;10:35 ;11:35 ;1
1999 ;6983 ;IMPORT6983;De 14:00 a 00:00 R60 ;14:00 ;00:00 ;30 ;0 ;10:00 ;60 ;9:00;18:15 ;19:15 ;0
2000 ;6984 ;IMPORT6984;De 17:30 a 01:30 R60 ;17:30 ;01:30 ;15 ;15 ;08:00 ;60 ;7:00;21:30 ;22:30 ;1
2001 ;6985 ;IMPORT6985;De 09:30 a 18:30 R60 ;09:30 ;18:30 ;15 ;15 ;09:00 ;60 ;8:00;15:05 ;16:05 ;1
2002 ;6986 ;IMPORT6986;De 09:30 a 18:30 R60 ;09:30 ;18:30 ;15 ;15 ;09:00 ;60 ;8:00;13:25 ;14:25 ;1
2003 ;6987 ;IMPORT6987;De 11:00 a 22:00 R60 ;11:00 ;22:00 ;15 ;15 ;11:00 ;60 ;10:00;14:00 ;15:00 ;0
2004 ;6988 ;IMPORT6988;De 11:00 a 22:00 R60 ;11:00 ;22:00 ;15 ;15 ;11:00 ;60 ;10:00;18:45 ;19:45 ;0
2005 ;6989 ;IMPORT6989;De 16:30 a 00:30 R60 ;16:30 ;00:30 ;15 ;15 ;08:00 ;60 ;7:00;20:45 ;21:45 ;1
2006 ;6990 ;IMPORT6990;De 08:00 a 18:30 R60 ;08:00 ;18:30 ;15 ;15 ;10:30 ;60 ;9:30;14:45 ;15:45 ;0
2007 ;6991 ;IMPORT6991;De 08:30 a 18:30 R60 ;08:30 ;18:30 ;15 ;15 ;10:00 ;60 ;9:00;12:40 ;13:40 ;0
2008 ;6992 ;IMPORT6992;De 08:30 a 16:30 R60 ;08:30 ;16:30 ;15 ;15 ;08:00 ;60 ;7:00;12:20 ;13:20 ;1
2009 ;6993 ;IMPORT6993;De 07:00 a 18:00 R60 ;07:00 ;18:00 ;15 ;15 ;11:00 ;60 ;10:00;11:25 ;12:25 ;0
2010 ;6994 ;IMPORT6994;De 07:30 a 17:30 R60 ;07:30 ;17:30 ;15 ;15 ;10:00 ;60 ;9:00;12:25 ;13:25 ;0
2011 ;6995 ;IMPORT6995;De 09:30 a 19:30 R60 ;09:30 ;19:30 ;15 ;15 ;10:00 ;60 ;9:00;13:40 ;14:40 ;0
2012 ;6996 ;IMPORT6996;De 07:00 a 16:00 R60 ;07:00 ;16:00 ;30 ;0 ;09:00 ;60 ;8:00;14:00 ;15:00 ;1
2013 ;6997 ;IMPORT6997;De 08:00 a 16:15 R0 ;08:00 ;16:15 ;15 ;15 ;08:15 ;0 ;8:15;;;1
2014 ;6998 ;IMPORT6998;De 11:00 a 18:00 R60 ;11:00 ;18:00 ;15 ;15 ;07:00 ;60 ;6:00;14:15 ;15:15 ;1
2015 ;6999 ;IMPORT6999;De 11:15 a 20:15 R60 ;11:15 ;20:15 ;30 ;0 ;09:00 ;60 ;8:00;16:00 ;17:00 ;1
2016 ;7000 ;IMPORT7000;De 09:00 a 20:00 R60 ;09:00 ;20:00 ;15 ;15 ;11:00 ;60 ;10:00;13:10 ;14:10 ;0
2017 ;7001 ;IMPORT7001;De 08:30 a 18:30 R60 ;08:30 ;18:30 ;15 ;15 ;10:00 ;60 ;9:00;11:45 ;12:45 ;0
2018 ;7002 ;IMPORT7002;De 08:30 a 19:00 R60 ;08:30 ;19:00 ;15 ;15 ;10:30 ;60 ;9:30;12:40 ;13:40 ;0
2019 ;7003 ;IMPORT7003;De 09:00 a 17:00 R60 ;09:00 ;17:00 ;15 ;15 ;08:00 ;60 ;7:00;13:20 ;14:20 ;1
2020 ;7004 ;IMPORT7004;De 17:00 a 02:00 R60 ;17:00 ;02:00 ;15 ;15 ;09:00 ;60 ;8:00;22:00 ;23:00 ;1
2021 ;7005 ;IMPORT7005;De 11:00 a 22:00 R60 ;11:00 ;22:00 ;15 ;15 ;11:00 ;60 ;10:00;17:45 ;18:45 ;0
2022 ;7006 ;IMPORT7006;De 22:30 a 07:30 R60 ;22:30 ;07:30 ;15 ;15 ;09:00 ;60 ;8:00;04:00 ;05:00 ;1
2023 ;7007 ;IMPORT7007;De 17:00 a 02:00 R60 ;17:00 ;02:00 ;15 ;15 ;09:00 ;60 ;8:00;22:45 ;23:45 ;1
2024 ;7008 ;IMPORT7008;De 03:00 a 11:00 R60 ;03:00 ;11:00 ;15 ;15 ;08:00 ;60 ;7:00;07:30 ;08:30 ;1
2025 ;7009 ;IMPORT7009;De 06:30 a 15:30 R60 ;06:30 ;15:30 ;15 ;15 ;09:00 ;60 ;8:00;11:30 ;12:30 ;1
2026 ;7010 ;IMPORT7010;De 09:00 a 18:00 R60 ;09:00 ;18:00 ;15 ;15 ;09:00 ;60 ;8:00;12:35 ;13:35 ;1
2027 ;7011 ;IMPORT7011;De 10:30 a 19:30 R60 ;10:30 ;19:30 ;15 ;15 ;09:00 ;60 ;8:00;13:35 ;14:35 ;1
2028 ;7012 ;IMPORT7012;De 18:00 a 03:00 R60 ;18:00 ;03:00 ;15 ;15 ;09:00 ;60 ;8:00;22:00 ;23:00 ;1
2029 ;7013 ;IMPORT7013;De 18:00 a 03:00 R60 ;18:00 ;03:00 ;15 ;15 ;09:00 ;60 ;8:00;22:15 ;23:15 ;1
2030 ;7014 ;IMPORT7014;De 20:30 a 05:30 R60 ;20:30 ;05:30 ;15 ;15 ;09:00 ;60 ;8:00;23:45 ;00:45 ;1
2031 ;7015 ;IMPORT7015;De 22:30 a 07:30 R60 ;22:30 ;07:30 ;15 ;15 ;09:00 ;60 ;8:00;01:45 ;02:45 ;1
2032 ;7016 ;IMPORT7016;De 05:30 a 14:30 R60 ;05:30 ;14:30 ;15 ;15 ;09:00 ;60 ;8:00;10:45 ;11:45 ;1
2033 ;7017 ;IMPORT7017;De 06:00 a 15:00 R60 ;06:00 ;15:00 ;15 ;15 ;09:00 ;60 ;8:00;11:10 ;12:10 ;1
2034 ;7018 ;IMPORT7018;De 09:00 a 20:00 R60 ;09:00 ;20:00 ;15 ;15 ;11:00 ;60 ;10:00;12:10 ;13:10 ;0
2035 ;7019 ;IMPORT7019;De 10:00 a 20:00 R60 ;10:00 ;20:00 ;15 ;15 ;10:00 ;60 ;9:00;13:25 ;14:25 ;0
2036 ;7020 ;IMPORT7020;De 11:30 a 20:30 R60 ;11:30 ;20:30 ;15 ;15 ;09:00 ;60 ;8:00;15:55 ;16:55 ;1
2037 ;7021 ;IMPORT7021;De 08:00 a 16:00 R60 ;08:00 ;16:00 ;15 ;15 ;08:00 ;60 ;7:00;12:20 ;13:20 ;1
2038 ;7022 ;IMPORT7022;De 09:00 a 20:00 R60 ;09:00 ;20:00 ;15 ;15 ;11:00 ;60 ;10:00;13:40 ;14:40 ;0
2039 ;7023 ;IMPORT7023;De 06:30 a 15:30 R60 ;06:30 ;15:30 ;15 ;15 ;09:00 ;60 ;8:00;10:15 ;11:15 ;1
2040 ;7024 ;IMPORT7024;De 16:00 a 00:00 R60 ;16:00 ;00:00 ;15 ;15 ;08:00 ;60 ;7:00;19:45 ;20:45 ;1
2041 ;7025 ;IMPORT7025;De 19:00 a 03:00 R60 ;19:00 ;03:00 ;15 ;15 ;08:00 ;60 ;7:00;23:15 ;00:15 ;1
2042 ;7026 ;IMPORT7026;De 19:00 a 04:00 R60 ;19:00 ;04:00 ;30 ;0 ;09:00 ;60 ;8:00;00:30 ;01:30 ;1
2043 ;7027 ;IMPORT7027;De 19:30 a 04:30 R60 ;19:30 ;04:30 ;30 ;0 ;09:00 ;60 ;8:00;01:00 ;02:00 ;1
2044 ;7028 ;IMPORT7028;De 23:30 a 08:30 R60 ;23:30 ;08:30 ;30 ;0 ;09:00 ;60 ;8:00;05:00 ;06:00 ;1
2045 ;7029 ;IMPORT7029;De 06:00 a 15:00 R60 ;06:00 ;15:00 ;15 ;15 ;09:00 ;60 ;8:00;09:55 ;10:55 ;1
2046 ;7030 ;IMPORT7030;De 12:30 a 21:30 R60 ;12:30 ;21:30 ;15 ;15 ;09:00 ;60 ;8:00;16:25 ;17:25 ;1
2047 ;7031 ;IMPORT7031;De 21:30 a 06:30 R60 ;21:30 ;06:30 ;15 ;15 ;09:00 ;60 ;8:00;00:45 ;01:45 ;1
2048 ;7032 ;IMPORT7032;De 04:30 a 13:30 R60 ;04:30 ;13:30 ;30 ;0 ;09:00 ;60 ;8:00;08:30 ;09:30 ;1
2049 ;7033 ;IMPORT7033;De 18:30 a 02:30 R60 ;18:30 ;02:30 ;15 ;15 ;08:00 ;60 ;7:00;22:05 ;23:05 ;1
2050 ;7034 ;IMPORT7034;De 18:30 a 03:30 R60 ;18:30 ;03:30 ;30 ;0 ;09:00 ;60 ;8:00;23:30 ;00:30 ;1
2051 ;7035 ;IMPORT7035;De 20:30 a 04:30 R60 ;20:30 ;04:30 ;15 ;15 ;08:00 ;60 ;7:00;00:00 ;01:00 ;1
2052 ;7036 ;IMPORT7036;De 23:00 a 08:00 R60 ;23:00 ;08:00 ;30 ;0 ;09:00 ;60 ;8:00;03:30 ;04:30 ;1
2053 ;7037 ;IMPORT7037;De 23:00 a 08:00 R60 ;23:00 ;08:00 ;30 ;0 ;09:00 ;60 ;8:00;05:30 ;06:30 ;1
2054 ;7038 ;IMPORT7038;De 23:30 a 08:30 R60 ;23:30 ;08:30 ;30 ;0 ;09:00 ;60 ;8:00;05:30 ;06:30 ;1
2055 ;7039 ;IMPORT7039;De 23:30 a 08:30 R60 ;23:30 ;08:30 ;30 ;0 ;09:00 ;60 ;8:00;06:00 ;07:00 ;1
2056 ;7040 ;IMPORT7040;De 12:00 a 22:00 R60 ;12:00 ;22:00 ;30 ;0 ;10:00 ;60 ;9:00;16:15 ;17:15 ;0
2057 ;7041 ;IMPORT7041;De 08:00 a 16:00 R60 ;08:00 ;16:00 ;15 ;15 ;08:00 ;60 ;7:00;12:05 ;13:05 ;1
2058 ;7042 ;IMPORT7042;De 04:30 a 13:30 R60 ;04:30 ;13:30 ;30 ;0 ;09:00 ;60 ;8:00;11:00 ;12:00 ;1
2059 ;7043 ;IMPORT7043;De 05:00 a 14:00 R60 ;05:00 ;14:00 ;30 ;0 ;09:00 ;60 ;8:00;08:30 ;09:30 ;1
2060 ;7044 ;IMPORT7044;De 18:30 a 03:30 R60 ;18:30 ;03:30 ;30 ;0 ;09:00 ;60 ;8:00;00:00 ;01:00 ;1
2061 ;7045 ;IMPORT7045;De 16:00 a 00:00 R60 ;16:00 ;00:00 ;15 ;15 ;08:00 ;60 ;7:00;20:30 ;21:30 ;1
2062 ;7046 ;IMPORT7046;De 11:00 a 22:00 R60 ;11:00 ;22:00 ;15 ;15 ;11:00 ;60 ;10:00;17:15 ;18:15 ;0
2063 ;7047 ;IMPORT7047;De 06:30 a 15:30 R60 ;06:30 ;15:30 ;15 ;15 ;09:00 ;60 ;8:00;11:25 ;12:25 ;1
2064 ;7048 ;IMPORT7048;De 09:00 a 17:00 R60 ;09:00 ;17:00 ;15 ;15 ;08:00 ;60 ;7:00;12:25 ;13:25 ;1
2065 ;7049 ;IMPORT7049;De 19:00 a 03:00 R60 ;19:00 ;03:00 ;15 ;15 ;08:00 ;60 ;7:00;23:30 ;00:30 ;1
2066 ;7050 ;IMPORT7050;De 05:00 a 13:00 R60 ;05:00 ;13:00 ;15 ;15 ;08:00 ;60 ;7:00;08:30 ;09:30 ;1
2067 ;7051 ;IMPORT7051;De 08:30 a 19:00 R60 ;08:30 ;19:00 ;15 ;15 ;10:30 ;60 ;9:30;15:00 ;16:00 ;0
2068 ;7052 ;IMPORT7052;De 09:00 a 18:00 R60 ;09:00 ;18:00 ;15 ;15 ;09:00 ;60 ;8:00;12:50 ;13:50 ;1
2069 ;7053 ;IMPORT7053;De 22:00 a 07:00 R60 ;22:00 ;07:00 ;30 ;0 ;09:00 ;60 ;8:00;03:00 ;04:00 ;1
2070 ;7054 ;IMPORT7054;De 22:00 a 07:00 R60 ;22:00 ;07:00 ;30 ;0 ;09:00 ;60 ;8:00;04:30 ;05:30 ;1
2071 ;7055 ;IMPORT7055;De 22:30 a 06:30 R60 ;22:30 ;06:30 ;15 ;15 ;08:00 ;60 ;7:00;02:05 ;03:05 ;1
2072 ;7056 ;IMPORT7056;De 14:30 a 23:30 R60 ;14:30 ;23:30 ;30 ;0 ;09:00 ;60 ;8:00;21:00 ;22:00 ;1
2073 ;7057 ;IMPORT7057;De 16:30 a 01:30 R60 ;16:30 ;01:30 ;30 ;0 ;09:00 ;60 ;8:00;20:30 ;21:30 ;1
2074 ;7058 ;IMPORT7058;De 22:30 a 07:30 R60 ;22:30 ;07:30 ;30 ;0 ;09:00 ;60 ;8:00;05:00 ;06:00 ;1
2075 ;7059 ;IMPORT7059;De 23:00 a 07:00 R60 ;23:00 ;07:00 ;15 ;15 ;08:00 ;60 ;7:00;03:00 ;04:00 ;1
2076 ;7060 ;IMPORT7060;De 12:30 a 21:30 R60 ;12:30 ;21:30 ;15 ;15 ;09:00 ;60 ;8:00;16:40 ;17:40 ;1
2077 ;7061 ;IMPORT7061;De 13:30 a 21:30 R60 ;13:30 ;21:30 ;15 ;15 ;08:00 ;60 ;7:00;17:55 ;18:55 ;1
2078 ;7062 ;IMPORT7062;De 09:00 a 20:00 R60 ;09:00 ;20:00 ;15 ;15 ;11:00 ;60 ;10:00;13:25 ;14:25 ;0
2079 ;7063 ;IMPORT7063;De 12:30 a 20:30 R60 ;12:30 ;20:30 ;15 ;15 ;08:00 ;60 ;7:00;17:00 ;18:00 ;1
2080 ;7064 ;IMPORT7064;De 09:00 a 19:00 R60 ;09:00 ;19:00 ;15 ;15 ;10:00 ;60 ;9:00;12:55 ;13:55 ;0
2081 ;7065 ;IMPORT7065;De 14:00 a 00:00 R60 ;14:00 ;00:00 ;15 ;15 ;10:00 ;60 ;9:00;18:45 ;19:45 ;0
2082 ;7066 ;IMPORT7066;De 11:00 a 19:00 R60 ;11:00 ;19:00 ;15 ;15 ;08:00 ;60 ;7:00;15:10 ;16:10 ;1
2083 ;7067 ;IMPORT7067;De 10:00 a 19:00 R60 ;10:00 ;19:00 ;15 ;15 ;09:00 ;60 ;8:00;13:05 ;14:05 ;1
2084 ;7068 ;IMPORT7068;De 19:30 a 03:00 R0 ;19:30 ;03:00 ;30 ;0 ;07:30 ;0 ;7:30;;;1
2085 ;7069 ;IMPORT7069;De 18:30 a 02:00 R0 ;18:30 ;02:00 ;30 ;0 ;07:30 ;0 ;7:30;;;1
2086 ;7070 ;IMPORT7070;De 17:30 a 01:00 R0 ;17:30 ;01:00 ;30 ;0 ;07:30 ;0 ;7:30;;;1
2087 ;7071 ;IMPORT7071;De 08:00 a 15:00 R60 ;08:00 ;15:00 ;15 ;15 ;07:00 ;60 ;6:00;11:05 ;12:05 ;1
2088 ;7072 ;IMPORT7072;De 08:30 a 19:30 R60 ;08:30 ;19:30 ;15 ;15 ;11:00 ;60 ;10:00;12:45 ;13:45 ;0
2089 ;7073 ;IMPORT7073;De 10:00 a 21:00 R60 ;10:00 ;21:00 ;15 ;15 ;11:00 ;60 ;10:00;13:10 ;14:10 ;0
2090 ;7074 ;IMPORT7074;De 10:00 a 21:00 R60 ;10:00 ;21:00 ;15 ;15 ;11:00 ;60 ;10:00;13:30 ;14:30 ;0
2091 ;7075 ;IMPORT7075;De 10:00 a 21:00 R60 ;10:00 ;21:00 ;15 ;15 ;11:00 ;60 ;10:00;13:40 ;14:40 ;0
2092 ;7076 ;IMPORT7076;De 10:00 a 21:00 R60 ;10:00 ;21:00 ;15 ;15 ;11:00 ;60 ;10:00;14:00 ;15:00 ;0
2093 ;7077 ;IMPORT7077;De 11:00 a 18:00 R60 ;11:00 ;18:00 ;15 ;15 ;07:00 ;60 ;6:00;14:05 ;15:05 ;1
2094 ;7078 ;IMPORT7078;De 13:30 a 00:30 R60 ;13:30 ;00:30 ;15 ;15 ;11:00 ;60 ;10:00;17:55 ;18:55 ;0
2095 ;7079 ;IMPORT7079;De 14:30 a 01:30 R60 ;14:30 ;01:30 ;15 ;15 ;11:00 ;60 ;10:00;18:30 ;19:30 ;0
2096 ;7080 ;IMPORT7080;De 15:00 a 02:00 R60 ;15:00 ;02:00 ;15 ;15 ;11:00 ;60 ;10:00;18:30 ;19:30 ;0
2097 ;7081 ;IMPORT7081;De 15:00 a 02:00 R60 ;15:00 ;02:00 ;15 ;15 ;11:00 ;60 ;10:00;19:00 ;20:00 ;0
2098 ;7082 ;IMPORT7082;De 18:00 a 01:30 R0 ;18:00 ;01:30 ;15 ;15 ;07:30 ;0 ;7:30;;;1
2099 ;7083 ;IMPORT7083;De 09:00 a 16:00 R60 ;09:00 ;16:00 ;15 ;15 ;07:00 ;60 ;6:00;13:00 ;14:00 ;1
2100 ;7084 ;IMPORT7084;De 11:00 a 18:00 R60 ;11:00 ;18:00 ;15 ;15 ;07:00 ;60 ;6:00;14:00 ;15:00 ;1
2101 ;7085 ;IMPORT7085;De 11:30 a 18:30 R60 ;11:30 ;18:30 ;15 ;15 ;07:00 ;60 ;6:00;14:30 ;15:30 ;1
2102 ;7086 ;IMPORT7086;De 09:30 a 20:30 R60 ;09:30 ;20:30 ;15 ;15 ;11:00 ;60 ;10:00;13:30 ;14:30 ;0
2103 ;7087 ;IMPORT7087;De 09:30 a 20:30 R60 ;09:30 ;20:30 ;15 ;15 ;11:00 ;60 ;10:00;13:45 ;14:45 ;0
2104 ;7088 ;IMPORT7088;De 15:00 a 02:00 R60 ;15:00 ;02:00 ;15 ;15 ;11:00 ;60 ;10:00;18:25 ;19:25 ;0
2105 ;7089 ;IMPORT7089;De 15:00 a 02:00 R60 ;15:00 ;02:00 ;15 ;15 ;11:00 ;60 ;10:00;18:45 ;19:45 ;0
2106 ;7090 ;IMPORT7090;De 11:00 a 22:00 R60 ;11:00 ;22:00 ;15 ;15 ;11:00 ;60 ;10:00;14:45 ;15:45 ;0
2107 ;7091 ;IMPORT7091;De 11:00 a 22:00 R60 ;11:00 ;22:00 ;15 ;15 ;11:00 ;60 ;10:00;15:45 ;16:45 ;0
2108 ;7092 ;IMPORT7092;De 11:00 a 22:00 R60 ;11:00 ;22:00 ;15 ;15 ;11:00 ;60 ;10:00;16:55 ;17:55 ;0
2109 ;7093 ;IMPORT7093;De 10:00 a 21:00 R60 ;10:00 ;21:00 ;15 ;15 ;11:00 ;60 ;10:00;14:30 ;15:30 ;0
2110 ;7094 ;IMPORT7094;De 10:00 a 21:00 R60 ;10:00 ;21:00 ;15 ;15 ;11:00 ;60 ;10:00;17:10 ;18:10 ;0
2111 ;7095 ;IMPORT7095;De 10:30 a 19:30 R60 ;10:30 ;19:30 ;15 ;15 ;09:00 ;60 ;8:00;16:10 ;17:10 ;1
2112 ;7096 ;IMPORT7096;De 11:00 a 22:00 R60 ;11:00 ;22:00 ;15 ;15 ;11:00 ;60 ;10:00;14:25 ;15:25 ;0
2113 ;7097 ;IMPORT7097;De 11:00 a 22:00 R60 ;11:00 ;22:00 ;15 ;15 ;11:00 ;60 ;10:00;15:10 ;16:10 ;0
2114 ;7098 ;IMPORT7098;De 11:00 a 22:00 R60 ;11:00 ;22:00 ;15 ;15 ;11:00 ;60 ;10:00;15:15 ;16:15 ;0
2115 ;7099 ;IMPORT7099;De 11:00 a 22:00 R60 ;11:00 ;22:00 ;15 ;15 ;11:00 ;60 ;10:00;15:25 ;16:25 ;0
2116 ;7100 ;IMPORT7100;De 11:00 a 22:00 R60 ;11:00 ;22:00 ;15 ;15 ;11:00 ;60 ;10:00;15:30 ;16:30 ;0
2117 ;7101 ;IMPORT7101;De 11:00 a 22:00 R60 ;11:00 ;22:00 ;15 ;15 ;11:00 ;60 ;10:00;15:40 ;16:40 ;0
2118 ;7102 ;IMPORT7102;De 11:00 a 22:00 R60 ;11:00 ;22:00 ;15 ;15 ;11:00 ;60 ;10:00;16:40 ;17:40 ;0
2119 ;7103 ;IMPORT7103;De 06:00 a 14:00 R60 ;06:00 ;14:00 ;30 ;0 ;08:00 ;60 ;7:00;11:00 ;12:00 ;1
2120 ;7104 ;IMPORT7104;De 07:00 a 18:00 R60 ;07:00 ;18:00 ;30 ;0 ;11:00 ;60 ;10:00;15:00 ;16:00 ;0
2121 ;7105 ;IMPORT7105;De 07:30 a 18:30 R60 ;07:30 ;18:30 ;15 ;15 ;11:00 ;60 ;10:00;11:10 ;12:10 ;0
2122 ;7106 ;IMPORT7106;De 08:30 a 18:30 R60 ;08:30 ;18:30 ;15 ;15 ;10:00 ;60 ;9:00;12:05 ;13:05 ;0
2123 ;7107 ;IMPORT7107;De 06:30 a 15:30 R60 ;06:30 ;15:30 ;15 ;15 ;09:00 ;60 ;8:00;11:55 ;12:55 ;1
2124 ;7108 ;IMPORT7108;De 02:00 a 11:00 R60 ;02:00 ;11:00 ;15 ;15 ;09:00 ;60 ;8:00;05:15 ;06:15 ;1
2125 ;7109 ;IMPORT7109;De 23:30 a 08:30 R60 ;23:30 ;08:30 ;15 ;15 ;09:00 ;60 ;8:00;02:30 ;03:30 ;1
2126 ;7110 ;IMPORT7110;De 04:00 a 12:00 R60 ;04:00 ;12:00 ;15 ;15 ;08:00 ;60 ;7:00;07:45 ;08:45 ;1
2127 ;7111 ;IMPORT7111;De 04:30 a 13:30 R60 ;04:30 ;13:30 ;15 ;15 ;09:00 ;60 ;8:00;09:15 ;10:15 ;1
2128 ;7112 ;IMPORT7112;De 05:00 a 13:00 R60 ;05:00 ;13:00 ;15 ;15 ;08:00 ;60 ;7:00;09:25 ;10:25 ;1
2129 ;7113 ;IMPORT7113;De 09:30 a 18:30 R60 ;09:30 ;18:30 ;15 ;15 ;09:00 ;60 ;8:00;14:20 ;15:20 ;1
2130 ;7114 ;IMPORT7114;De 14:30 a 23:30 R60 ;14:30 ;23:30 ;15 ;15 ;09:00 ;60 ;8:00;19:15 ;20:15 ;1
2131 ;7115 ;IMPORT7115;De 18:00 a 03:00 R60 ;18:00 ;03:00 ;15 ;15 ;09:00 ;60 ;8:00;21:30 ;22:30 ;1
2132 ;7116 ;IMPORT7116;De 20:00 a 05:00 R60 ;20:00 ;05:00 ;15 ;15 ;09:00 ;60 ;8:00;00:15 ;01:15 ;1
2133 ;7117 ;IMPORT7117;De 01:30 a 10:30 R60 ;01:30 ;10:30 ;15 ;15 ;09:00 ;60 ;8:00;05:00 ;06:00 ;1
2134 ;7118 ;IMPORT7118;De 08:30 a 17:30 R60 ;08:30 ;17:30 ;15 ;15 ;09:00 ;60 ;8:00;12:05 ;13:05 ;1
2135 ;7119 ;IMPORT7119;De 16:30 a 01:30 R60 ;16:30 ;01:30 ;15 ;15 ;09:00 ;60 ;8:00;19:45 ;20:45 ;1
2136 ;7120 ;IMPORT7120;De 22:30 a 07:30 R60 ;22:30 ;07:30 ;15 ;15 ;09:00 ;60 ;8:00;02:00 ;03:00 ;1
2137 ;7121 ;IMPORT7121;De 10:00 a 20:00 R60 ;10:00 ;20:00 ;15 ;15 ;10:00 ;60 ;9:00;13:10 ;14:10 ;0
2138 ;7122 ;IMPORT7122;De 07:00 a 17:30 R60 ;07:00 ;17:30 ;15 ;15 ;10:30 ;60 ;9:30;10:10 ;11:10 ;0
2139 ;7123 ;IMPORT7123;De 07:00 a 17:30 R60 ;07:00 ;17:30 ;15 ;15 ;10:30 ;60 ;9:30;10:35 ;11:35 ;0
2140 ;7124 ;IMPORT7124;De 16:30 a 01:30 R60 ;16:30 ;01:30 ;30 ;0 ;09:00 ;60 ;8:00;22:30 ;23:30 ;1
2141 ;7125 ;IMPORT7125;De 16:30 a 01:30 R60 ;16:30 ;01:30 ;30 ;0 ;09:00 ;60 ;8:00;23:00 ;00:00 ;1
2142 ;7126 ;IMPORT7126;De 03:30 a 11:30 R60 ;03:30 ;11:30 ;15 ;15 ;08:00 ;60 ;7:00;06:45 ;07:45 ;1
2143 ;7127 ;IMPORT7127;De 12:30 a 21:30 R60 ;12:30 ;21:30 ;15 ;15 ;09:00 ;60 ;8:00;16:35 ;17:35 ;1
2144 ;7128 ;IMPORT7128;De 13:30 a 21:30 R60 ;13:30 ;21:30 ;15 ;15 ;08:00 ;60 ;7:00;17:05 ;18:05 ;1
2145 ;7129 ;IMPORT7129;De 07:30 a 16:30 R60 ;07:30 ;16:30 ;15 ;15 ;09:00 ;60 ;8:00;10:40 ;11:40 ;1
2146 ;7130 ;IMPORT7130;De 19:00 a 04:00 R60 ;19:00 ;04:00 ;30 ;0 ;09:00 ;60 ;8:00;00:00 ;01:00 ;1
2147 ;7131 ;IMPORT7131;De 19:30 a 04:30 R60 ;19:30 ;04:30 ;30 ;0 ;09:00 ;60 ;8:00;01:30 ;02:30 ;1
2148 ;7132 ;IMPORT7132;De 20:00 a 04:00 R60 ;20:00 ;04:00 ;15 ;15 ;08:00 ;60 ;7:00;23:55 ;00:55 ;1
2149 ;7133 ;IMPORT7133;De 20:00 a 05:00 R60 ;20:00 ;05:00 ;30 ;0 ;09:00 ;60 ;8:00;23:30 ;00:30 ;1
2150 ;7134 ;IMPORT7134;De 20:30 a 05:30 R60 ;20:30 ;05:30 ;30 ;0 ;09:00 ;60 ;8:00;02:00 ;03:00 ;1
2151 ;7135 ;IMPORT7135;De 23:00 a 08:00 R60 ;23:00 ;08:00 ;30 ;0 ;09:00 ;60 ;8:00;04:30 ;05:30 ;1
2152 ;7136 ;IMPORT7136;De 10:00 a 19:00 R60 ;10:00 ;19:00 ;15 ;15 ;09:00 ;60 ;8:00;15:20 ;16:20 ;1
2153 ;7137 ;IMPORT7137;De 22:00 a 06:00 R60 ;22:00 ;06:00 ;15 ;15 ;08:00 ;60 ;7:00;02:00 ;03:00 ;1
2154 ;7138 ;IMPORT7138;De 22:00 a 07:00 R60 ;22:00 ;07:00 ;30 ;0 ;09:00 ;60 ;8:00;03:30 ;04:30 ;1
2155 ;7139 ;IMPORT7139;De 22:30 a 07:30 R60 ;22:30 ;07:30 ;30 ;0 ;09:00 ;60 ;8:00;03:30 ;04:30 ;1
2156 ;7140 ;IMPORT7140;De 14:30 a 23:30 R60 ;14:30 ;23:30 ;15 ;15 ;09:00 ;60 ;8:00;19:40 ;20:40 ;1
2157 ;7141 ;IMPORT7141;De 18:30 a 02:30 R60 ;18:30 ;02:30 ;15 ;15 ;08:00 ;60 ;7:00;22:30 ;23:30 ;1
2158 ;7142 ;IMPORT7142;De 22:00 a 06:00 R60 ;22:00 ;06:00 ;15 ;15 ;08:00 ;60 ;7:00;01:45 ;02:45 ;1
2159 ;7143 ;IMPORT7143;De 08:30 a 19:30 R60 ;08:30 ;19:30 ;15 ;15 ;11:00 ;60 ;10:00;12:15 ;13:15 ;0
2160 ;7144 ;IMPORT7144;De 08:30 a 19:30 R60 ;08:30 ;19:30 ;15 ;15 ;11:00 ;60 ;10:00;12:40 ;13:40 ;0
2161 ;7145 ;IMPORT7145;De 08:30 a 17:30 R60 ;08:30 ;17:30 ;15 ;15 ;09:00 ;60 ;8:00;14:05 ;15:05 ;1
2162 ;7146 ;IMPORT7146;De 12:30 a 21:30 R0 ;12:30 ;21:30 ;30 ;0 ;09:00 ;0 ;9:00;;;1
2163 ;7147 ;IMPORT7147;De 21:30 a 06:30 R60 ;21:30 ;06:30 ;15 ;15 ;09:00 ;60 ;8:00;01:00 ;02:00 ;1
2164 ;7148 ;IMPORT7148;De 07:30 a 17:30 R60 ;07:30 ;17:30 ;15 ;15 ;10:00 ;60 ;9:00;12:55 ;13:55 ;0
2165 ;7149 ;IMPORT7149;De 17:00 a 01:00 R60 ;17:00 ;01:00 ;15 ;15 ;08:00 ;60 ;7:00;20:30 ;21:30 ;1
2166 ;7150 ;IMPORT7150;De 02:00 a 10:00 R60 ;02:00 ;10:00 ;15 ;15 ;08:00 ;60 ;7:00;05:15 ;06:15 ;1
2167 ;7151 ;IMPORT7151;De 23:30 a 07:30 R60 ;23:30 ;07:30 ;15 ;15 ;08:00 ;60 ;7:00;03:05 ;04:05 ;1
2168 ;7152 ;IMPORT7152;De 23:30 a 08:30 R60 ;23:30 ;08:30 ;30 ;0 ;09:00 ;60 ;8:00;03:00 ;04:00 ;1
2169 ;7153 ;IMPORT7153;De 14:00 a 01:00 R60 ;14:00 ;01:00 ;15 ;15 ;11:00 ;60 ;10:00;21:00 ;22:00 ;0
2170 ;7154 ;IMPORT7154;De 10:00 a 21:00 R60 ;10:00 ;21:00 ;15 ;15 ;11:00 ;60 ;10:00;14:40 ;15:40 ;0
2171 ;7155 ;IMPORT7155;De 08:00 a 17:00 R60 ;08:00 ;17:00 ;15 ;15 ;09:00 ;60 ;8:00;11:10 ;12:10 ;1
2172 ;7156 ;IMPORT7156;De 07:00 a 16:00 R60 ;07:00 ;16:00 ;15 ;15 ;09:00 ;60 ;8:00;10:10 ;11:10 ;1
2173 ;7157 ;IMPORT7157;De 07:00 a 16:30 R60 ;07:00 ;16:30 ;15 ;15 ;09:30 ;60 ;8:30;12:35 ;13:35 ;1
2174 ;7158 ;IMPORT7158;De 08:30 a 18:00 R60 ;08:30 ;18:00 ;15 ;15 ;09:30 ;60 ;8:30;12:35 ;13:35 ;1
2175 ;7159 ;IMPORT7159;De 08:30 a 18:00 R60 ;08:30 ;18:00 ;15 ;15 ;09:30 ;60 ;8:30;13:35 ;14:35 ;1
2176 ;7160 ;IMPORT7160;De 10:00 a 19:30 R60 ;10:00 ;19:30 ;15 ;15 ;09:30 ;60 ;8:30;13:45 ;14:45 ;1
2177 ;7161 ;IMPORT7161;De 10:30 a 20:00 R60 ;10:30 ;20:00 ;15 ;15 ;09:30 ;60 ;8:30;13:40 ;14:40 ;1
2178 ;7162 ;IMPORT7162;De 10:30 a 20:00 R60 ;10:30 ;20:00 ;15 ;15 ;09:30 ;60 ;8:30;13:55 ;14:55 ;1
2179 ;7163 ;IMPORT7163;De 20:30 a 01:30 R0 ;20:30 ;01:30 ;15 ;15 ;05:00 ;0 ;5:00;;;1
2180 ;7164 ;IMPORT7164;De 22:30 a 07:00 R0 ;22:30 ;07:00 ;15 ;15 ;08:30 ;0 ;8:30;;;1
2181 ;7165 ;IMPORT7165;De 23:00 a 07:30 R0 ;23:00 ;07:30 ;15 ;15 ;08:30 ;0 ;8:30;;;1
2182 ;7166 ;IMPORT7166;De 00:30 a 09:00 R0 ;00:30 ;09:00 ;15 ;15 ;08:30 ;0 ;8:30;;;1
2183 ;7167 ;IMPORT7167;De 10:00 a 18:00 R60 ;10:00 ;18:00 ;30 ;0 ;08:00 ;60 ;7:00;13:40 ;14:40 ;1
2184 ;7168 ;IMPORT7168;De 17:00 a 01:30 R0 ;17:00 ;01:30 ;15 ;15 ;08:30 ;0 ;8:30;;;1
2185 ;7169 ;IMPORT7169;De 08:00 a 18:30 R60 ;08:00 ;18:30 ;15 ;15 ;10:30 ;60 ;9:30;15:00 ;16:00 ;0
2186 ;7170 ;IMPORT7170;De 08:30 a 18:30 R60 ;08:30 ;18:30 ;15 ;15 ;10:00 ;60 ;9:00;12:35 ;13:35 ;0
2187 ;7171 ;IMPORT7171;De 09:30 a 20:00 R60 ;09:30 ;20:00 ;15 ;15 ;10:30 ;60 ;9:30;13:25 ;14:25 ;0
2188 ;7172 ;IMPORT7172;De 09:30 a 20:00 R60 ;09:30 ;20:00 ;15 ;15 ;10:30 ;60 ;9:30;13:40 ;14:40 ;0
2189 ;7173 ;IMPORT7173;De 10:00 a 20:30 R60 ;10:00 ;20:30 ;15 ;15 ;10:30 ;60 ;9:30;13:30 ;14:30 ;0
2190 ;7174 ;IMPORT7174;De 10:00 a 20:30 R60 ;10:00 ;20:30 ;15 ;15 ;10:30 ;60 ;9:30;14:15 ;15:15 ;0
2191 ;7175 ;IMPORT7175;De 16:30 a 01:30 R60 ;16:30 ;01:30 ;30 ;0 ;09:00 ;60 ;8:00;21:30 ;22:30 ;1
2192 ;7176 ;IMPORT7176;De 17:00 a 02:00 R60 ;17:00 ;02:00 ;30 ;0 ;09:00 ;60 ;8:00;23:00 ;00:00 ;1
2193 ;7177 ;IMPORT7177;De 17:00 a 02:00 R60 ;17:00 ;02:00 ;30 ;0 ;09:00 ;60 ;8:00;23:30 ;00:30 ;1
2194 ;7178 ;IMPORT7178;De 17:30 a 02:30 R60 ;17:30 ;02:30 ;30 ;0 ;09:00 ;60 ;8:00;00:00 ;01:00 ;1
2195 ;7179 ;IMPORT7179;De 17:30 a 02:30 R60 ;17:30 ;02:30 ;30 ;0 ;09:00 ;60 ;8:00;21:30 ;22:30 ;1
2196 ;7180 ;IMPORT7180;De 17:30 a 02:30 R60 ;17:30 ;02:30 ;30 ;0 ;09:00 ;60 ;8:00;23:30 ;00:30 ;1
2197 ;7181 ;IMPORT7181;De 18:00 a 03:00 R60 ;18:00 ;03:00 ;30 ;0 ;09:00 ;60 ;8:00;00:00 ;01:00 ;1
2198 ;7182 ;IMPORT7182;De 21:30 a 05:30 R60 ;21:30 ;05:30 ;30 ;0 ;08:00 ;60 ;7:00;01:00 ;02:00 ;1
2199 ;7183 ;IMPORT7183;De 21:30 a 05:30 R60 ;21:30 ;05:30 ;30 ;0 ;08:00 ;60 ;7:00;01:15 ;02:15 ;1
2200 ;7184 ;IMPORT7184;De 21:30 a 05:30 R60 ;21:30 ;05:30 ;30 ;0 ;08:00 ;60 ;7:00;01:25 ;02:25 ;1
2201 ;7185 ;IMPORT7185;De 21:30 a 06:30 R60 ;21:30 ;06:30 ;30 ;0 ;09:00 ;60 ;8:00;03:00 ;04:00 ;1
2202 ;7186 ;IMPORT7186;De 23:00 a 08:00 R60 ;23:00 ;08:00 ;30 ;0 ;09:00 ;60 ;8:00;02:30 ;03:30 ;1
2203 ;7187 ;IMPORT7187;De 22:30 a 06:30 R60 ;22:30 ;06:30 ;30 ;0 ;08:00 ;60 ;7:00;01:45 ;02:45 ;1
2204 ;7188 ;IMPORT7188;De 22:30 a 07:30 R60 ;22:30 ;07:30 ;30 ;0 ;09:00 ;60 ;8:00;02:30 ;03:30 ;1
2205 ;7189 ;IMPORT7189;De 22:00 a 07:00 R60 ;22:00 ;07:00 ;30 ;0 ;09:00 ;60 ;8:00;04:00 ;05:00 ;1
2206 ;7190 ;IMPORT7190;De 22:30 a 06:30 R60 ;22:30 ;06:30 ;30 ;0 ;08:00 ;60 ;7:00;02:00 ;03:00 ;1
2207 ;7191 ;IMPORT7191;De 10:30 a 18:30 R60 ;10:30 ;18:30 ;15 ;15 ;08:00 ;60 ;7:00;14:40 ;15:40 ;1
2208 ;7192 ;IMPORT7192;De 10:30 a 18:30 R60 ;10:30 ;18:30 ;15 ;15 ;08:00 ;60 ;7:00;14:25 ;15:25 ;1
2209 ;7193 ;IMPORT7193;De 10:30 a 20:30 R60 ;10:30 ;20:30 ;15 ;15 ;10:00 ;60 ;9:00;14:45 ;15:45 ;0
2210 ;7194 ;IMPORT7194;De 10:30 a 21:30 R60 ;10:30 ;21:30 ;15 ;15 ;11:00 ;60 ;10:00;14:30 ;15:30 ;0
2211 ;7195 ;IMPORT7195;De 10:30 a 21:30 R60 ;10:30 ;21:30 ;15 ;15 ;11:00 ;60 ;10:00;15:15 ;16:15 ;0
2212 ;7196 ;IMPORT7196;De 06:30 a 17:30 R60 ;06:30 ;17:30 ;15 ;15 ;11:00 ;60 ;10:00;11:30 ;12:30 ;0
2213 ;7197 ;IMPORT7197;De 06:30 a 17:30 R60 ;06:30 ;17:30 ;15 ;15 ;11:00 ;60 ;10:00;13:15 ;14:15 ;0
2214 ;7198 ;IMPORT7198;De 06:30 a 17:30 R60 ;06:30 ;17:30 ;15 ;15 ;11:00 ;60 ;10:00;13:30 ;14:30 ;0
2215 ;7199 ;IMPORT7199;De 06:00 a 17:00 R60 ;06:00 ;17:00 ;15 ;15 ;11:00 ;60 ;10:00;12:45 ;13:45 ;0
2216 ;7200 ;IMPORT7200;De 18:30 a 02:30 R60 ;18:30 ;02:30 ;15 ;15 ;08:00 ;60 ;7:00;21:45 ;22:45 ;1
2217 ;7201 ;IMPORT7201;De 06:30 a 15:30 R60 ;06:30 ;15:30 ;15 ;15 ;09:00 ;60 ;8:00;11:40 ;12:40 ;1
2218 ;7202 ;IMPORT7202;De 18:30 a 03:30 R60 ;18:30 ;03:30 ;15 ;15 ;09:00 ;60 ;8:00;22:45 ;23:45 ;1
2219 ;7203 ;IMPORT7203;De 03:00 a 11:00 R60 ;03:00 ;11:00 ;15 ;15 ;08:00 ;60 ;7:00;06:30 ;07:30 ;1
2220 ;7204 ;IMPORT7204;De 09:00 a 17:00 R60 ;09:00 ;17:00 ;15 ;15 ;08:00 ;60 ;7:00;12:55 ;13:55 ;1
2221 ;7205 ;IMPORT7205;De 02:00 a 11:00 R60 ;02:00 ;11:00 ;15 ;15 ;09:00 ;60 ;8:00;06:45 ;07:45 ;1
2222 ;7206 ;IMPORT7206;De 04:00 a 13:00 R60 ;04:00 ;13:00 ;15 ;15 ;09:00 ;60 ;8:00;09:45 ;10:45 ;1
2223 ;7207 ;IMPORT7207;De 02:30 a 10:30 R60 ;02:30 ;10:30 ;15 ;15 ;08:00 ;60 ;7:00;06:15 ;07:15 ;1
2224 ;7208 ;IMPORT7208;De 06:30 a 17:30 R60 ;06:30 ;17:30 ;15 ;15 ;11:00 ;60 ;10:00;12:00 ;13:00 ;0
2225 ;7209 ;IMPORT7209;De 06:30 a 17:30 R60 ;06:30 ;17:30 ;15 ;15 ;11:00 ;60 ;10:00;12:30 ;13:30 ;0
2226 ;7210 ;IMPORT7210;De 06:30 a 17:30 R60 ;06:30 ;17:30 ;15 ;15 ;11:00 ;60 ;10:00;12:45 ;13:45 ;0
2227 ;7211 ;IMPORT7211;De 06:30 a 17:30 R60 ;06:30 ;17:30 ;15 ;15 ;11:00 ;60 ;10:00;13:00 ;14:00 ;0
2228 ;7212 ;IMPORT7212;De 07:30 a 15:30 R60 ;07:30 ;15:30 ;15 ;15 ;08:00 ;60 ;7:00;11:35 ;12:35 ;1
2229 ;7213 ;IMPORT7213;De 01:30 a 10:30 R60 ;01:30 ;10:30 ;15 ;15 ;09:00 ;60 ;8:00;07:00 ;08:00 ;1
2230 ;7214 ;IMPORT7214;De 05:30 a 14:30 R60 ;05:30 ;14:30 ;15 ;15 ;09:00 ;60 ;8:00;10:30 ;11:30 ;1
2231 ;7215 ;IMPORT7215;De 05:30 a 14:30 R60 ;05:30 ;14:30 ;15 ;15 ;09:00 ;60 ;8:00;10:35 ;11:35 ;1
2232 ;7216 ;IMPORT7216;De 17:00 a 02:00 R60 ;17:00 ;02:00 ;15 ;15 ;09:00 ;60 ;8:00;20:15 ;21:15 ;1
2233 ;7217 ;IMPORT7217;De 19:30 a 04:30 R60 ;19:30 ;04:30 ;15 ;15 ;09:00 ;60 ;8:00;23:45 ;00:45 ;1
2234 ;7218 ;IMPORT7218;De 15:30 a 00:30 R60 ;15:30 ;00:30 ;15 ;15 ;09:00 ;60 ;8:00;20:45 ;21:45 ;1
2235 ;7219 ;IMPORT7219;De 20:30 a 05:30 R60 ;20:30 ;05:30 ;15 ;15 ;09:00 ;60 ;8:00;00:45 ;01:45 ;1
2236 ;7220 ;IMPORT7220;De 02:00 a 11:00 R60 ;02:00 ;11:00 ;15 ;15 ;09:00 ;60 ;8:00;05:00 ;06:00 ;1
2237 ;7221 ;IMPORT7221;De 03:30 a 12:30 R60 ;03:30 ;12:30 ;15 ;15 ;09:00 ;60 ;8:00;07:15 ;08:15 ;1
2238 ;7222 ;IMPORT7222;De 23:00 a 07:00 R60 ;23:00 ;07:00 ;15 ;15 ;08:00 ;60 ;7:00;02:15 ;03:15 ;1
2239 ;7223 ;IMPORT7223;De 13:00 a 23:00 R60 ;13:00 ;23:00 ;15 ;15 ;10:00 ;60 ;9:00;18:45 ;19:45 ;0
2240 ;7224 ;IMPORT7224;De 17:00 a 01:00 R60 ;17:00 ;01:00 ;15 ;15 ;08:00 ;60 ;7:00;20:15 ;21:15 ;1
2241 ;7225 ;IMPORT7225;De 12:00 a 20:00 R60 ;12:00 ;20:00 ;15 ;15 ;08:00 ;60 ;7:00;15:25 ;16:25 ;1
2242 ;7226 ;IMPORT7226;De 10:00 a 18:00 R60 ;10:00 ;18:00 ;15 ;15 ;08:00 ;60 ;7:00;13:55 ;14:55 ;1
2243 ;7227 ;IMPORT7227;De 12:00 a 21:00 R60 ;12:00 ;21:00 ;15 ;15 ;09:00 ;60 ;8:00;15:20 ;16:20 ;1
2244 ;7228 ;IMPORT7228;De 12:00 a 20:00 R60 ;12:00 ;20:00 ;15 ;15 ;08:00 ;60 ;7:00;15:05 ;16:05 ;1
2245 ;7229 ;IMPORT7229;De 12:30 a 22:30 R60 ;12:30 ;22:30 ;15 ;15 ;10:00 ;60 ;9:00;18:00 ;19:00 ;0
2246 ;7230 ;IMPORT7230;De 12:30 a 23:00 R60 ;12:30 ;23:00 ;15 ;15 ;10:30 ;60 ;9:30;17:45 ;18:45 ;0
2247 ;7231 ;IMPORT7231;De 12:30 a 23:00 R60 ;12:30 ;23:00 ;15 ;15 ;10:30 ;60 ;9:30;18:00 ;19:00 ;0
2248 ;7232 ;IMPORT7232;De 12:30 a 23:00 R60 ;12:30 ;23:00 ;15 ;15 ;10:30 ;60 ;9:30;18:30 ;19:30 ;0
2249 ;7233 ;IMPORT7233;De 16:00 a 02:00 R60 ;16:00 ;02:00 ;15 ;15 ;10:00 ;60 ;9:00;19:00 ;20:00 ;0
2250 ;7234 ;IMPORT7234;De 09:00 a 19:30 R60 ;09:00 ;19:30 ;15 ;15 ;10:30 ;60 ;9:30;12:15 ;13:15 ;0
2251 ;7235 ;IMPORT7235;De 12:30 a 22:30 R60 ;12:30 ;22:30 ;15 ;15 ;10:00 ;60 ;9:00;18:15 ;19:15 ;0
2252 ;7236 ;IMPORT7236;De 12:30 a 23:00 R60 ;12:30 ;23:00 ;15 ;15 ;10:30 ;60 ;9:30;18:15 ;19:15 ;0
2253 ;7237 ;IMPORT7237;De 09:00 a 19:30 R60 ;09:00 ;19:30 ;15 ;15 ;10:30 ;60 ;9:30;13:05 ;14:05 ;0
2254 ;7238 ;IMPORT7238;De 08:30 a 19:30 R60 ;08:30 ;19:30 ;15 ;15 ;11:00 ;60 ;10:00;16:15 ;17:15 ;0
2255 ;7239 ;IMPORT7239;De 10:00 a 21:00 R60 ;10:00 ;21:00 ;15 ;15 ;11:00 ;60 ;10:00;17:45 ;18:45 ;0
2256 ;7240 ;IMPORT7240;De 11:00 a 22:00 R60 ;11:00 ;22:00 ;15 ;15 ;11:00 ;60 ;10:00;16:10 ;17:10 ;0
2257 ;7241 ;IMPORT7241;De 09:00 a 19:30 R60 ;09:00 ;19:30 ;15 ;15 ;10:30 ;60 ;9:30;14:15 ;15:15 ;0
2258 ;7242 ;IMPORT7242;De 09:00 a 19:30 R60 ;09:00 ;19:30 ;15 ;15 ;10:30 ;60 ;9:30;16:00 ;17:00 ;0
2259 ;7243 ;IMPORT7243;De 09:00 a 19:30 R60 ;09:00 ;19:30 ;15 ;15 ;10:30 ;60 ;9:30;15:25 ;16:25 ;0
2260 ;7244 ;IMPORT7244;De 09:00 a 19:30 R60 ;09:00 ;19:30 ;15 ;15 ;10:30 ;60 ;9:30;16:15 ;17:15 ;0
2261 ;7245 ;IMPORT7245;De 04:30 a 13:30 R60 ;04:30 ;13:30 ;30 ;0 ;09:00 ;60 ;8:00;09:30 ;10:30 ;1
2262 ;7246 ;IMPORT7246;De 04:30 a 13:30 R60 ;04:30 ;13:30 ;30 ;0 ;09:00 ;60 ;8:00;10:00 ;11:00 ;1
2263 ;7247 ;IMPORT7247;De 04:30 a 13:30 R60 ;04:30 ;13:30 ;30 ;0 ;09:00 ;60 ;8:00;10:30 ;11:30 ;1
2264 ;7248 ;IMPORT7248;De 16:00 a 01:00 R60 ;16:00 ;01:00 ;30 ;0 ;09:00 ;60 ;8:00;22:00 ;23:00 ;1
2265 ;7249 ;IMPORT7249;De 18:30 a 03:30 R60 ;18:30 ;03:30 ;30 ;0 ;09:00 ;60 ;8:00;00:30 ;01:30 ;1
2266 ;7250 ;IMPORT7250;De 23:00 a 07:00 R60 ;23:00 ;07:00 ;30 ;0 ;08:00 ;60 ;7:00;02:40 ;03:40 ;1
2267 ;7251 ;IMPORT7251;De 23:00 a 07:00 R60 ;23:00 ;07:00 ;30 ;0 ;08:00 ;60 ;7:00;02:45 ;03:45 ;1
2268 ;7252 ;IMPORT7252;De 10:30 a 18:30 R60 ;10:30 ;18:30 ;30 ;0 ;08:00 ;60 ;7:00;14:55 ;15:55 ;1
2269 ;7253 ;IMPORT7253;De 21:00 a 06:00 R60 ;21:00 ;06:00 ;30 ;0 ;09:00 ;60 ;8:00;03:00 ;04:00 ;1
2270 ;7254 ;IMPORT7254;De 22:30 a 06:30 R60 ;22:30 ;06:30 ;30 ;0 ;08:00 ;60 ;7:00;03:00 ;04:00 ;1
2271 ;7255 ;IMPORT7255;De 08:00 a 19:00 R60 ;08:00 ;19:00 ;15 ;15 ;11:00 ;60 ;10:00;14:05 ;15:05 ;0
2272 ;7256 ;IMPORT7256;De 08:30 a 19:00 R60 ;08:30 ;19:00 ;15 ;15 ;10:30 ;60 ;9:30;13:40 ;14:40 ;0
2273 ;7257 ;IMPORT7257;De 09:00 a 19:00 R60 ;09:00 ;19:00 ;15 ;15 ;10:00 ;60 ;9:00;12:05 ;13:05 ;0
2274 ;7258 ;IMPORT7258;De 04:30 a 12:30 R60 ;04:30 ;12:30 ;15 ;15 ;08:00 ;60 ;7:00;09:00 ;10:00 ;1
2275 ;7259 ;IMPORT7259;De 21:30 a 06:30 R60 ;21:30 ;06:30 ;30 ;0 ;09:00 ;60 ;8:00;02:00 ;03:00 ;1
2276 ;7260 ;IMPORT7260;De 03:30 a 12:30 R60 ;03:30 ;12:30 ;15 ;15 ;09:00 ;60 ;8:00;06:45 ;07:45 ;1
2277 ;7261 ;IMPORT7261;De 18:30 a 03:30 R60 ;18:30 ;03:30 ;15 ;15 ;09:00 ;60 ;8:00;21:45 ;22:45 ;1
2278 ;7262 ;IMPORT7262;De 01:30 a 10:30 R60 ;01:30 ;10:30 ;15 ;15 ;09:00 ;60 ;8:00;06:15 ;07:15 ;1
2279 ;7263 ;IMPORT7263;De 02:30 a 10:30 R60 ;02:30 ;10:30 ;15 ;15 ;08:00 ;60 ;7:00;05:45 ;06:45 ;1
2280 ;7264 ;IMPORT7264;De 17:30 a 01:30 R60 ;17:30 ;01:30 ;15 ;15 ;08:00 ;60 ;7:00;20:45 ;21:45 ;1
2281 ;7265 ;IMPORT7265;De 17:30 a 02:30 R60 ;17:30 ;02:30 ;15 ;15 ;09:00 ;60 ;8:00;21:00 ;22:00 ;1
2282 ;7266 ;IMPORT7266;De 23:00 a 08:00 R60 ;23:00 ;08:00 ;15 ;15 ;09:00 ;60 ;8:00;03:15 ;04:15 ;1
2283 ;7267 ;IMPORT7267;De 05:30 a 14:30 R60 ;05:30 ;14:30 ;15 ;15 ;09:00 ;60 ;8:00;11:10 ;12:10 ;1
2284 ;7268 ;IMPORT7268;De 06:30 a 15:30 R60 ;06:30 ;15:30 ;15 ;15 ;09:00 ;60 ;8:00;10:25 ;11:25 ;1
2285 ;7269 ;IMPORT7269;De 12:30 a 21:30 R60 ;12:30 ;21:30 ;15 ;15 ;09:00 ;60 ;8:00;16:10 ;17:10 ;1
2286 ;7270 ;IMPORT7270;De 13:00 a 22:00 R60 ;13:00 ;22:00 ;15 ;15 ;09:00 ;60 ;8:00;18:40 ;19:40 ;1
2287 ;7271 ;IMPORT7271;De 12:00 a 22:00 R60 ;12:00 ;22:00 ;30 ;0 ;10:00 ;60 ;9:00;16:25 ;17:25 ;0
2288 ;7272 ;IMPORT7272;De 10:30 a 18:30 R60 ;10:30 ;18:30 ;15 ;15 ;08:00 ;60 ;7:00;14:10 ;15:10 ;1
2289 ;7273 ;IMPORT7273;De 06:30 a 15:30 R60 ;06:30 ;15:30 ;15 ;15 ;09:00 ;60 ;8:00;09:45 ;10:45 ;1
2290 ;7274 ;IMPORT7274;De 12:30 a 20:30 R60 ;12:30 ;20:30 ;15 ;15 ;08:00 ;60 ;7:00;15:35 ;16:35 ;1
2291 ;7275 ;IMPORT7275;De 13:00 a 21:00 R60 ;13:00 ;21:00 ;15 ;15 ;08:00 ;60 ;7:00;16:05 ;17:05 ;1
2292 ;7276 ;IMPORT7276;De 11:00 a 19:00 R60 ;11:00 ;19:00 ;15 ;15 ;08:00 ;60 ;7:00;15:25 ;16:25 ;1
2293 ;7277 ;IMPORT7277;De 10:00 a 18:00 R60 ;10:00 ;18:00 ;15 ;15 ;08:00 ;60 ;7:00;14:25 ;15:25 ;1
2294 ;7278 ;IMPORT7278;De 08:00 a 18:00 R60 ;08:00 ;18:00 ;15 ;15 ;10:00 ;60 ;9:00;13:10 ;14:10 ;0
2295 ;7279 ;IMPORT7279;De 11:00 a 21:00 R60 ;11:00 ;21:00 ;15 ;15 ;10:00 ;60 ;9:00;14:10 ;15:10 ;0
2296 ;7280 ;IMPORT7280;De 09:00 a 19:30 R60 ;09:00 ;19:30 ;15 ;15 ;10:30 ;60 ;9:30;13:40 ;14:40 ;0
2297 ;7281 ;IMPORT7281;De 10:00 a 20:30 R60 ;10:00 ;20:30 ;15 ;15 ;10:30 ;60 ;9:30;13:00 ;14:00 ;0
2298 ;7282 ;IMPORT7282;De 10:30 a 20:30 R60 ;10:30 ;20:30 ;15 ;15 ;10:00 ;60 ;9:00;13:30 ;14:30 ;0
2299 ;7283 ;IMPORT7283;De 08:30 a 18:30 R60 ;08:30 ;18:30 ;15 ;15 ;10:00 ;60 ;9:00;12:25 ;13:25 ;0
2300 ;7284 ;IMPORT7284;De 10:00 a 20:30 R60 ;10:00 ;20:30 ;15 ;15 ;10:30 ;60 ;9:30;14:00 ;15:00 ;0
2301 ;7285 ;IMPORT7285;De 08:30 a 18:30 R60 ;08:30 ;18:30 ;15 ;15 ;10:00 ;60 ;9:00;12:55 ;13:55 ;0
2302 ;7286 ;IMPORT7286;De 09:00 a 19:30 R60 ;09:00 ;19:30 ;15 ;15 ;10:30 ;60 ;9:30;12:40 ;13:40 ;0
2303 ;7287 ;IMPORT7287;De 06:45 a 15:45 R60 ;06:45 ;15:45 ;30 ;0 ;09:00 ;60 ;8:00;12:00 ;13:00 ;1
2304 ;7288 ;IMPORT7288;De 12:00 a 20:00 R60 ;12:00 ;20:00 ;30 ;0 ;08:00 ;60 ;7:00;16:50 ;17:50 ;1
2305 ;7289 ;IMPORT7289;De 11:30 a 20:30 R60 ;11:30 ;20:30 ;15 ;15 ;09:00 ;60 ;8:00;16:25 ;17:25 ;1
2306 ;7290 ;IMPORT7290;De 05:00 a 14:00 R60 ;05:00 ;14:00 ;15 ;15 ;09:00 ;60 ;8:00;10:15 ;11:15 ;1
2307 ;7291 ;IMPORT7291;De 05:30 a 13:30 R60 ;05:30 ;13:30 ;15 ;15 ;08:00 ;60 ;7:00;09:00 ;10:00 ;1
2308 ;7292 ;IMPORT7292;De 17:30 a 02:30 R60 ;17:30 ;02:30 ;15 ;15 ;09:00 ;60 ;8:00;23:15 ;00:15 ;1
2309 ;7293 ;IMPORT7293;De 07:00 a 17:00 R60 ;07:00 ;17:00 ;30 ;0 ;10:00 ;60 ;9:00;13:10 ;14:10 ;0
2310 ;7294 ;IMPORT7294;De 07:30 a 15:30 R60 ;07:30 ;15:30 ;15 ;15 ;08:00 ;60 ;7:00;10:55 ;11:55 ;1
2311 ;7295 ;IMPORT7295;De 08:30 a 19:00 R60 ;08:30 ;19:00 ;15 ;15 ;10:30 ;60 ;9:30;13:25 ;14:25 ;0
2312 ;7296 ;IMPORT7296;De 23:00 a 07:00 R60 ;23:00 ;07:00 ;15 ;15 ;08:00 ;60 ;7:00;02:00 ;03:00 ;1
2313 ;7297 ;IMPORT7297;De 00:00 a 09:00 R60 ;00:00 ;09:00 ;15 ;15 ;09:00 ;60 ;8:00;04:45 ;05:45 ;1
2314 ;7298 ;IMPORT7298;De 00:00 a 09:00 R60 ;00:00 ;09:00 ;15 ;15 ;09:00 ;60 ;8:00;05:45 ;06:45 ;1
2315 ;7299 ;IMPORT7299;De 01:00 a 10:00 R60 ;01:00 ;10:00 ;15 ;15 ;09:00 ;60 ;8:00;04:45 ;05:45 ;1
2316 ;7300 ;IMPORT7300;De 06:30 a 14:30 R60 ;06:30 ;14:30 ;15 ;15 ;08:00 ;60 ;7:00;10:40 ;11:40 ;1
2317 ;7301 ;IMPORT7301;De 19:30 a 03:30 R60 ;19:30 ;03:30 ;15 ;15 ;08:00 ;60 ;7:00;00:00 ;01:00 ;1
2318 ;7302 ;IMPORT7302;De 08:30 a 18:30 R60 ;08:30 ;18:30 ;15 ;15 ;10:00 ;60 ;9:00;11:35 ;12:35 ;0
2319 ;7303 ;IMPORT7303;De 10:00 a 20:00 R60 ;10:00 ;20:00 ;15 ;15 ;10:00 ;60 ;9:00;13:40 ;14:40 ;0
2320 ;7304 ;IMPORT7304;De 01:00 a 09:00 R60 ;01:00 ;09:00 ;15 ;15 ;08:00 ;60 ;7:00;04:00 ;05:00 ;1
2321 ;7305 ;IMPORT7305;De 23:30 a 08:00 R0 ;23:30 ;08:00 ;15 ;15 ;08:30 ;0 ;8:30;;;1
2322 ;7306 ;IMPORT7306;De 07:00 a 17:00 R60 ;07:00 ;17:00 ;15 ;15 ;10:00 ;60 ;9:00;10:40 ;11:40 ;0
2323 ;7307 ;IMPORT7307;De 07:00 a 17:30 R60 ;07:00 ;17:30 ;15 ;15 ;10:30 ;60 ;9:30;11:05 ;12:05 ;0
2324 ;7308 ;IMPORT7308;De 11:00 a 22:00 R60 ;11:00 ;22:00 ;15 ;15 ;11:00 ;60 ;10:00;16:25 ;17:25 ;0
2325 ;7309 ;IMPORT7309;De 00:00 a 08:00 R60 ;00:00 ;08:00 ;15 ;15 ;08:00 ;60 ;7:00;03:30 ;04:30 ;1
2326 ;7310 ;IMPORT7310;De 09:30 a 18:30 R60 ;09:30 ;18:30 ;15 ;15 ;09:00 ;60 ;8:00;14:35 ;15:35 ;1
2327 ;7311 ;IMPORT7311;De 15:00 a 00:00 R60 ;15:00 ;00:00 ;15 ;15 ;09:00 ;60 ;8:00;19:50 ;20:50 ;1
2328 ;7312 ;IMPORT7312;De 05:30 a 13:30 R60 ;05:30 ;13:30 ;15 ;15 ;08:00 ;60 ;7:00;09:15 ;10:15 ;1
2329 ;7313 ;IMPORT7313;De 06:00 a 17:00 R60 ;06:00 ;17:00 ;15 ;15 ;11:00 ;60 ;10:00;09:10 ;10:10 ;0
2330 ;7314 ;IMPORT7314;De 06:30 a 16:30 R60 ;06:30 ;16:30 ;15 ;15 ;10:00 ;60 ;9:00;12:45 ;13:45 ;0
2331 ;7315 ;IMPORT7315;De 15:00 a 00:00 R60 ;15:00 ;00:00 ;15 ;15 ;09:00 ;60 ;8:00;19:55 ;20:55 ;1
2332 ;7316 ;IMPORT7316;De 08:30 a 18:00 R60 ;08:30 ;18:00 ;15 ;15 ;09:30 ;60 ;8:30;12:05 ;13:05 ;1
2333 ;7317 ;IMPORT7317;De 10:30 a 20:00 R60 ;10:30 ;20:00 ;15 ;15 ;09:30 ;60 ;8:30;14:25 ;15:25 ;1
2334 ;7318 ;IMPORT7318;De 16:00 a 01:00 R60 ;16:00 ;01:00 ;15 ;15 ;09:00 ;60 ;8:00;20:30 ;21:30 ;1
2335 ;7319 ;IMPORT7319;De 06:30 a 16:30 R60 ;06:30 ;16:30 ;15 ;15 ;10:00 ;60 ;9:00;11:45 ;12:45 ;0
2336 ;7320 ;IMPORT7320;De 06:30 a 17:30 R60 ;06:30 ;17:30 ;15 ;15 ;11:00 ;60 ;10:00;10:45 ;11:45 ;0
2337 ;7321 ;IMPORT7321;De 06:30 a 17:30 R60 ;06:30 ;17:30 ;15 ;15 ;11:00 ;60 ;10:00;11:00 ;12:00 ;0
2338 ;7322 ;IMPORT7322;De 07:00 a 17:30 R60 ;07:00 ;17:30 ;15 ;15 ;10:30 ;60 ;9:30;12:55 ;13:55 ;0
2339 ;7323 ;IMPORT7323;De 07:00 a 17:30 R60 ;07:00 ;17:30 ;15 ;15 ;10:30 ;60 ;9:30;13:00 ;14:00 ;0
2340 ;7324 ;IMPORT7324;De 07:30 a 18:00 R60 ;07:30 ;18:00 ;15 ;15 ;10:30 ;60 ;9:30;13:15 ;14:15 ;0
2341 ;7325 ;IMPORT7325;De 08:30 a 19:30 R60 ;08:30 ;19:30 ;15 ;15 ;11:00 ;60 ;10:00;11:30 ;12:30 ;0
2342 ;7326 ;IMPORT7326;De 08:30 a 19:30 R60 ;08:30 ;19:30 ;15 ;15 ;11:00 ;60 ;10:00;11:45 ;12:45 ;0
2343 ;7327 ;IMPORT7327;De 07:00 a 17:30 R60 ;07:00 ;17:30 ;15 ;15 ;10:30 ;60 ;9:30;13:30 ;14:30 ;0
2344 ;7328 ;IMPORT7328;De 08:00 a 18:00 R60 ;08:00 ;18:00 ;15 ;15 ;10:00 ;60 ;9:00;12:40 ;13:40 ;0
2345 ;7329 ;IMPORT7329;De 08:00 a 19:00 R60 ;08:00 ;19:00 ;15 ;15 ;11:00 ;60 ;10:00;12:10 ;13:10 ;0
2346 ;7330 ;IMPORT7330;De 02:00 a 10:00 R60 ;02:00 ;10:00 ;15 ;15 ;08:00 ;60 ;7:00;05:45 ;06:45 ;1
2347 ;7331 ;IMPORT7331;De 08:00 a 19:00 R60 ;08:00 ;19:00 ;15 ;15 ;11:00 ;60 ;10:00;12:40 ;13:40 ;0
2348 ;7332 ;IMPORT7332;De 09:00 a 19:00 R60 ;09:00 ;19:00 ;15 ;15 ;10:00 ;60 ;9:00;12:25 ;13:25 ;0
2349 ;7333 ;IMPORT7333;De 13:00 a 21:00 R60 ;13:00 ;21:00 ;15 ;15 ;08:00 ;60 ;7:00;16:10 ;17:10 ;1
2350 ;7334 ;IMPORT7334;De 08:00 a 17:00 R60 ;08:00 ;17:00 ;15 ;15 ;09:00 ;60 ;8:00;11:35 ;12:35 ;1
2351 ;7335 ;IMPORT7335;De 09:30 a 17:30 R60 ;09:30 ;17:30 ;15 ;15 ;08:00 ;60 ;7:00;13:05 ;14:05 ;1
2352 ;7336 ;IMPORT7336;De 12:30 a 20:30 R60 ;12:30 ;20:30 ;30 ;0 ;08:00 ;60 ;7:00;15:00 ;16:00 ;1
2353 ;7337 ;IMPORT7337;De 09:00 a 19:30 R60 ;09:00 ;19:30 ;15 ;15 ;10:30 ;60 ;9:30;15:00 ;16:00 ;0
2354 ;7338 ;IMPORT7338;De 10:00 a 21:00 R60 ;10:00 ;21:00 ;15 ;15 ;11:00 ;60 ;10:00;13:00 ;14:00 ;0
2355 ;7339 ;IMPORT7339;De 09:00 a 20:00 R60 ;09:00 ;20:00 ;15 ;15 ;11:00 ;60 ;10:00;16:40 ;17:40 ;0
2356 ;7340 ;IMPORT7340;De 08:00 a 16:00 R60 ;08:00 ;16:00 ;30 ;0 ;08:00 ;60 ;7:00;13:30 ;14:30 ;1
2357 ;7341 ;IMPORT7341;De 02:30 a 11:30 R60 ;02:30 ;11:30 ;15 ;15 ;09:00 ;60 ;8:00;06:30 ;07:30 ;1
2358 ;7342 ;IMPORT7342;De 21:30 a 06:30 R60 ;21:30 ;06:30 ;15 ;15 ;09:00 ;60 ;8:00;02:30 ;03:30 ;1
2359 ;7343 ;IMPORT7343;De 22:00 a 06:00 R60 ;22:00 ;06:00 ;15 ;15 ;08:00 ;60 ;7:00;01:10 ;02:10 ;1
2360 ;7344 ;IMPORT7344;De 22:30 a 06:30 R60 ;22:30 ;06:30 ;15 ;15 ;08:00 ;60 ;7:00;02:30 ;03:30 ;1
2361 ;7345 ;IMPORT7345;De 23:30 a 08:30 R60 ;23:30 ;08:30 ;15 ;15 ;09:00 ;60 ;8:00;04:15 ;05:15 ;1
2362 ;7346 ;IMPORT7346;De 08:30 a 19:00 R60 ;08:30 ;19:00 ;15 ;15 ;10:30 ;60 ;9:30;12:50 ;13:50 ;0
2363 ;7347 ;IMPORT7347;De 00:00 a 09:00 R60 ;00:00 ;09:00 ;15 ;15 ;09:00 ;60 ;8:00;03:30 ;04:30 ;1
2364 ;7348 ;IMPORT7348;De 02:30 a 11:30 R60 ;02:30 ;11:30 ;15 ;15 ;09:00 ;60 ;8:00;05:30 ;06:30 ;1
2365 ;7349 ;IMPORT7349;De 02:30 a 11:30 R60 ;02:30 ;11:30 ;15 ;15 ;09:00 ;60 ;8:00;07:00 ;08:00 ;1
2366 ;7350 ;IMPORT7350;De 05:00 a 13:00 R60 ;05:00 ;13:00 ;15 ;15 ;08:00 ;60 ;7:00;08:15 ;09:15 ;1
2367 ;7351 ;IMPORT7351;De 14:00 a 23:00 R60 ;14:00 ;23:00 ;15 ;15 ;09:00 ;60 ;8:00;17:15 ;18:15 ;1
2368 ;7352 ;IMPORT7352;De 20:30 a 05:30 R60 ;20:30 ;05:30 ;15 ;15 ;09:00 ;60 ;8:00;00:40 ;01:40 ;1
2369 ;7353 ;IMPORT7353;De 09:00 a 19:00 R60 ;09:00 ;19:00 ;15 ;15 ;10:00 ;60 ;9:00;12:10 ;13:10 ;0
2370 ;7354 ;IMPORT7354;De 08:30 a 19:00 R60 ;08:30 ;19:00 ;15 ;15 ;10:30 ;60 ;9:30;13:35 ;14:35 ;0
2371 ;7355 ;IMPORT7355;De 10:00 a 20:00 R60 ;10:00 ;20:00 ;15 ;15 ;10:00 ;60 ;9:00;13:05 ;14:05 ;0
2372 ;7356 ;IMPORT7356;De 04:30 a 13:30 R60 ;04:30 ;13:30 ;15 ;15 ;09:00 ;60 ;8:00;09:55 ;10:55 ;1
2373 ;7357 ;IMPORT7357;De 05:30 a 14:30 R60 ;05:30 ;14:30 ;15 ;15 ;09:00 ;60 ;8:00;10:15 ;11:15 ;1
2374 ;7358 ;IMPORT7358;De 07:00 a 17:00 R60 ;07:00 ;17:00 ;15 ;15 ;10:00 ;60 ;9:00;10:55 ;11:55 ;0
2375 ;7359 ;IMPORT7359;De 07:00 a 17:30 R60 ;07:00 ;17:30 ;15 ;15 ;10:30 ;60 ;9:30;10:25 ;11:25 ;0
2376 ;7360 ;IMPORT7360;De 10:00 a 19:00 R60 ;10:00 ;19:00 ;30 ;0 ;09:00 ;60 ;8:00;16:15 ;17:15 ;1
2377 ;7361 ;IMPORT7361;De 06:30 a 16:30 R60 ;06:30 ;16:30 ;15 ;15 ;10:00 ;60 ;9:00;10:45 ;11:45 ;0
2378 ;7362 ;IMPORT7362;De 10:30 a 18:30 R60 ;10:30 ;18:30 ;15 ;15 ;08:00 ;60 ;7:00;14:35 ;15:35 ;1
2379 ;7363 ;IMPORT7363;De 16:00 a 00:00 R60 ;16:00 ;00:00 ;15 ;15 ;08:00 ;60 ;7:00;20:15 ;21:15 ;1
2380 ;7364 ;IMPORT7364;De 07:30 a 16:30 R60 ;07:30 ;16:30 ;15 ;15 ;09:00 ;60 ;8:00;10:55 ;11:55 ;1
2381 ;7365 ;IMPORT7365;De 06:00 a 17:00 R60 ;06:00 ;17:00 ;15 ;15 ;11:00 ;60 ;10:00;12:10 ;13:10 ;0
2382 ;7366 ;IMPORT7366;De 17:30 a 01:30 R60 ;17:30 ;01:30 ;15 ;15 ;08:00 ;60 ;7:00;21:45 ;22:45 ;1
2383 ;7367 ;IMPORT7367;De 08:00 a 16:00 R60 ;08:00 ;16:00 ;30 ;0 ;08:00 ;60 ;7:00;12:45 ;13:45 ;1
2384 ;7368 ;IMPORT7368;De 09:30 a 20:30 R60 ;09:30 ;20:30 ;15 ;15 ;11:00 ;60 ;10:00;13:15 ;14:15 ;0
2385 ;7369 ;IMPORT7369;De 10:00 a 19:00 R60 ;10:00 ;19:00 ;15 ;15 ;09:00 ;60 ;8:00;15:35 ;16:35 ;1
2386 ;7370 ;IMPORT7370;De 09:00 a 19:00 R60 ;09:00 ;19:00 ;15 ;15 ;10:00 ;60 ;9:00;15:10 ;16:10 ;0
2387 ;7371 ;IMPORT7371;De 09:30 a 20:00 R60 ;09:30 ;20:00 ;15 ;15 ;10:30 ;60 ;9:30;16:45 ;17:45 ;0
2388 ;7372 ;IMPORT7372;De 07:30 a 17:30 R60 ;07:30 ;17:30 ;15 ;15 ;10:00 ;60 ;9:00;13:10 ;14:10 ;0
2389 ;7373 ;IMPORT7373;De 07:30 a 18:00 R60 ;07:30 ;18:00 ;15 ;15 ;10:30 ;60 ;9:30;12:45 ;13:45 ;0
2390 ;7374 ;IMPORT7374;De 09:00 a 19:30 R60 ;09:00 ;19:30 ;15 ;15 ;10:30 ;60 ;9:30;12:55 ;13:55 ;0
2391 ;7375 ;IMPORT7375;De 10:00 a 20:30 R60 ;10:00 ;20:30 ;15 ;15 ;10:30 ;60 ;9:30;13:45 ;14:45 ;0
2392 ;7376 ;IMPORT7376;De 09:30 a 19:30 R60 ;09:30 ;19:30 ;15 ;15 ;10:00 ;60 ;9:00;13:10 ;14:10 ;0
2393 ;7377 ;IMPORT7377;De 07:30 a 18:30 R60 ;07:30 ;18:30 ;15 ;15 ;11:00 ;60 ;10:00;10:45 ;11:45 ;0
2394 ;7378 ;IMPORT7378;De 08:00 a 19:00 R0 ;08:00 ;19:00 ;0 ;0 ;11:00 ;0 ;11:00;;;0
2395 ;7379 ;IMPORT7379;De 05:30 a 13:30 R60 ;05:30 ;13:30 ;15 ;15 ;08:00 ;60 ;7:00;09:30 ;10:30 ;1
2396 ;7380 ;IMPORT7380;De 03:30 a 12:30 R60 ;03:30 ;12:30 ;15 ;15 ;09:00 ;60 ;8:00;09:15 ;10:15 ;1
2397 ;7381 ;IMPORT7381;De 22:00 a 07:00 R60 ;22:00 ;07:00 ;15 ;15 ;09:00 ;60 ;8:00;03:45 ;04:45 ;1
2398 ;7382 ;IMPORT7382;De 00:30 a 09:30 R60 ;00:30 ;09:30 ;15 ;15 ;09:00 ;60 ;8:00;05:30 ;06:30 ;1
2399 ;7383 ;IMPORT7383;De 20:00 a 05:00 R60 ;20:00 ;05:00 ;15 ;15 ;09:00 ;60 ;8:00;01:30 ;02:30 ;1
2400 ;7384 ;IMPORT7384;De 21:00 a 06:00 R60 ;21:00 ;06:00 ;15 ;15 ;09:00 ;60 ;8:00;01:00 ;02:00 ;1
2401 ;7385 ;IMPORT7385;De 22:00 a 06:00 R60 ;22:00 ;06:00 ;15 ;15 ;08:00 ;60 ;7:00;01:00 ;02:00 ;1
2402 ;7386 ;IMPORT7386;De 23:00 a 08:00 R60 ;23:00 ;08:00 ;15 ;15 ;09:00 ;60 ;8:00;03:45 ;04:45 ;1
2403 ;7387 ;IMPORT7387;De 07:00 a 17:00 R60 ;07:00 ;17:00 ;30 ;0 ;10:00 ;60 ;9:00;14:00 ;15:00 ;0
2404 ;7388 ;IMPORT7388;De 15:30 a 00:30 R60 ;15:30 ;00:30 ;15 ;15 ;09:00 ;60 ;8:00;19:15 ;20:15 ;1
2405 ;7389 ;IMPORT7389;De 21:30 a 06:00 R0 ;21:30 ;06:00 ;15 ;15 ;08:30 ;0 ;8:30;;;1
2406 ;7390 ;IMPORT7390;De 06:00 a 17:00 R0 ;06:00 ;17:00 ;0 ;0 ;11:00 ;0 ;11:00;;;0
2407 ;7391 ;IMPORT7391;De 06:00 a 17:00 R60 ;06:00 ;17:00 ;15 ;15 ;11:00 ;60 ;10:00;11:15 ;12:15 ;0
2408 ;7392 ;IMPORT7392;De 12:00 a 21:00 R60 ;12:00 ;21:00 ;15 ;15 ;09:00 ;60 ;8:00;16:10 ;17:10 ;1
2409 ;7393 ;IMPORT7393;De 14:30 a 22:30 R60 ;14:30 ;22:30 ;15 ;15 ;08:00 ;60 ;7:00;18:05 ;19:05 ;1
2410 ;7394 ;IMPORT7394;De 14:30 a 23:30 R60 ;14:30 ;23:30 ;15 ;15 ;09:00 ;60 ;8:00;18:35 ;19:35 ;1
2411 ;7395 ;IMPORT7395;De 14:30 a 23:30 R60 ;14:30 ;23:30 ;15 ;15 ;09:00 ;60 ;8:00;19:45 ;20:45 ;1
2412 ;7396 ;IMPORT7396;De 08:30 a 19:30 R60 ;08:30 ;19:30 ;15 ;15 ;11:00 ;60 ;10:00;15:25 ;16:25 ;0
2413 ;7397 ;IMPORT7397;De 09:00 a 17:00 R60 ;09:00 ;17:00 ;15 ;15 ;08:00 ;60 ;7:00;13:05 ;14:05 ;1
2414 ;7398 ;IMPORT7398;De 06:30 a 16:30 R60 ;06:30 ;16:30 ;15 ;15 ;10:00 ;60 ;9:00;12:15 ;13:15 ;0
2415 ;7399 ;IMPORT7399;De 22:30 a 06:30 R60 ;22:30 ;06:30 ;15 ;15 ;08:00 ;60 ;7:00;01:30 ;02:30 ;1
2416 ;7400 ;IMPORT7400;De 23:00 a 07:00 R60 ;23:00 ;07:00 ;15 ;15 ;08:00 ;60 ;7:00;02:30 ;03:30 ;1
2417 ;7401 ;IMPORT7401;De 03:30 a 12:30 R60 ;03:30 ;12:30 ;15 ;15 ;09:00 ;60 ;8:00;07:00 ;08:00 ;1
2418 ;7402 ;IMPORT7402;De 10:30 a 19:30 R60 ;10:30 ;19:30 ;15 ;15 ;09:00 ;60 ;8:00;14:35 ;15:35 ;1
2419 ;7403 ;IMPORT7403;De 13:00 a 21:00 R60 ;13:00 ;21:00 ;15 ;15 ;08:00 ;60 ;7:00;16:25 ;17:25 ;1
2420 ;7404 ;IMPORT7404;De 13:30 a 21:30 R60 ;13:30 ;21:30 ;15 ;15 ;08:00 ;60 ;7:00;17:30 ;18:30 ;1
2421 ;7405 ;IMPORT7405;De 10:30 a 19:30 R60 ;10:30 ;19:30 ;15 ;15 ;09:00 ;60 ;8:00;15:50 ;16:50 ;1
2422 ;7406 ;IMPORT7406;De 06:00 a 16:00 R60 ;06:00 ;16:00 ;15 ;15 ;10:00 ;60 ;9:00;09:00 ;10:00 ;0
2423 ;7407 ;IMPORT7407;De 06:30 a 15:30 R60 ;06:30 ;15:30 ;15 ;15 ;09:00 ;60 ;8:00;10:10 ;11:10 ;1
2424 ;7408 ;IMPORT7408;De 08:00 a 18:00 R60 ;08:00 ;18:00 ;30 ;0 ;10:00 ;60 ;9:00;14:45 ;15:45 ;0
2425 ;7409 ;IMPORT7409;De 09:30 a 19:30 R60 ;09:30 ;19:30 ;30 ;0 ;10:00 ;60 ;9:00;15:40 ;16:40 ;0
2426 ;7410 ;IMPORT7410;De 00:30 a 09:30 R60 ;00:30 ;09:30 ;15 ;15 ;09:00 ;60 ;8:00;04:15 ;05:15 ;1
2427 ;7411 ;IMPORT7411;De 17:30 a 02:30 R60 ;17:30 ;02:30 ;15 ;15 ;09:00 ;60 ;8:00;22:00 ;23:00 ;1
2428 ;7412 ;IMPORT7412;De 03:30 a 12:30 R60 ;03:30 ;12:30 ;15 ;15 ;09:00 ;60 ;8:00;09:00 ;10:00 ;1
2429 ;7413 ;IMPORT7413;De 16:30 a 01:30 R60 ;16:30 ;01:30 ;15 ;15 ;09:00 ;60 ;8:00;21:45 ;22:45 ;1
2430 ;7414 ;IMPORT7414;De 17:30 a 02:30 R60 ;17:30 ;02:30 ;15 ;15 ;09:00 ;60 ;8:00;20:45 ;21:45 ;1
2431 ;7415 ;IMPORT7415;De 18:30 a 03:30 R60 ;18:30 ;03:30 ;15 ;15 ;09:00 ;60 ;8:00;23:00 ;00:00 ;1
2432 ;7416 ;IMPORT7416;De 19:00 a 04:00 R60 ;19:00 ;04:00 ;15 ;15 ;09:00 ;60 ;8:00;23:15 ;00:15 ;1
2433 ;7417 ;IMPORT7417;De 20:30 a 05:30 R60 ;20:30 ;05:30 ;15 ;15 ;09:00 ;60 ;8:00;01:00 ;02:00 ;1
2434 ;7418 ;IMPORT7418;De 20:30 a 05:30 R60 ;20:30 ;05:30 ;15 ;15 ;09:00 ;60 ;8:00;01:10 ;02:10 ;1
2435 ;7419 ;IMPORT7419;De 03:00 a 12:00 R60 ;03:00 ;12:00 ;15 ;15 ;09:00 ;60 ;8:00;07:00 ;08:00 ;1
2436 ;7420 ;IMPORT7420;De 06:30 a 14:30 R60 ;06:30 ;14:30 ;15 ;15 ;08:00 ;60 ;7:00;09:55 ;10:55 ;1
2437 ;7421 ;IMPORT7421;De 09:30 a 19:30 R60 ;09:30 ;19:30 ;30 ;0 ;10:00 ;60 ;9:00;16:15 ;17:15 ;0
2438 ;7422 ;IMPORT7422;De 11:30 a 21:30 R60 ;11:30 ;21:30 ;30 ;0 ;10:00 ;60 ;9:00;16:45 ;17:45 ;0
2439 ;7423 ;IMPORT7423;De 07:30 a 18:00 R60 ;07:30 ;18:00 ;15 ;15 ;10:30 ;60 ;9:30;11:45 ;12:45 ;0
2440 ;7424 ;IMPORT7424;De 07:30 a 18:00 R60 ;07:30 ;18:00 ;15 ;15 ;10:30 ;60 ;9:30;12:00 ;13:00 ;0
2441 ;7425 ;IMPORT7425;De 07:30 a 18:00 R60 ;07:30 ;18:00 ;15 ;15 ;10:30 ;60 ;9:30;13:30 ;14:30 ;0
2442 ;7426 ;IMPORT7426;De 07:30 a 18:00 R60 ;07:30 ;18:00 ;15 ;15 ;10:30 ;60 ;9:30;12:15 ;13:15 ;0
2443 ;7427 ;IMPORT7427;De 10:30 a 20:30 R60 ;10:30 ;20:30 ;15 ;15 ;10:00 ;60 ;9:00;13:45 ;14:45 ;0
2444 ;7428 ;IMPORT7428;De 22:30 a 07:30 R60 ;22:30 ;07:30 ;30 ;0 ;09:00 ;60 ;8:00;01:30 ;02:30 ;1
2445 ;7429 ;IMPORT7429;De 11:00 a 20:00 R60 ;11:00 ;20:00 ;15 ;15 ;09:00 ;60 ;8:00;13:15 ;14:15 ;1
2446 ;7430 ;IMPORT7430;De 19:30 a 04:30 R60 ;19:30 ;04:30 ;15 ;15 ;09:00 ;60 ;8:00;22:40 ;23:40 ;1
2447 ;7431 ;IMPORT7431;De 19:30 a 04:30 R60 ;19:30 ;04:30 ;15 ;15 ;09:00 ;60 ;8:00;23:00 ;00:00 ;1
2448 ;7432 ;IMPORT7432;De 23:30 a 08:30 R60 ;23:30 ;08:30 ;15 ;15 ;09:00 ;60 ;8:00;04:30 ;05:30 ;1
2449 ;7433 ;IMPORT7433;De 01:00 a 10:00 R60 ;01:00 ;10:00 ;15 ;15 ;09:00 ;60 ;8:00;06:15 ;07:15 ;1
2450 ;7434 ;IMPORT7434;De 01:30 a 10:30 R60 ;01:30 ;10:30 ;15 ;15 ;09:00 ;60 ;8:00;07:15 ;08:15 ;1
2451 ;7435 ;IMPORT7435;De 18:00 a 03:00 R60 ;18:00 ;03:00 ;15 ;15 ;09:00 ;60 ;8:00;21:40 ;22:40 ;1
2452 ;7436 ;IMPORT7436;De 18:00 a 03:00 R60 ;18:00 ;03:00 ;15 ;15 ;09:00 ;60 ;8:00;22:30 ;23:30 ;1
2453 ;7437 ;IMPORT7437;De 07:30 a 18:30 R60 ;07:30 ;18:30 ;15 ;15 ;11:00 ;60 ;10:00;14:40 ;15:40 ;0
2454 ;7438 ;IMPORT7438;De 11:30 a 20:30 R60 ;11:30 ;20:30 ;15 ;15 ;09:00 ;60 ;8:00;14:50 ;15:50 ;1
2455 ;7439 ;IMPORT7439;De 07:00 a 17:00 R60 ;07:00 ;17:00 ;15 ;15 ;10:00 ;60 ;9:00;11:45 ;12:45 ;0
2456 ;7440 ;IMPORT7440;De 11:45 a 19:15 R0 ;11:45 ;19:15 ;15 ;15 ;07:30 ;0 ;7:30;;;1
2457 ;7441 ;IMPORT7441;De 11:00 a 20:00 R60 ;11:00 ;20:00 ;15 ;15 ;09:00 ;60 ;8:00;13:45 ;14:45 ;1
2458 ;7442 ;IMPORT7442;De 08:30 a 17:00 R60 ;08:30 ;17:00 ;15 ;15 ;08:30 ;60 ;7:30;13:00 ;14:00 ;1
2459 ;7443 ;IMPORT7443;De 13:00 a 22:00 R60 ;13:00 ;22:00 ;15 ;15 ;09:00 ;60 ;8:00;15:45 ;16:45 ;1
2460 ;7444 ;IMPORT7444;De 07:00 a 15:30 R60 ;07:00 ;15:30 ;15 ;15 ;08:30 ;60 ;7:30;11:30 ;12:30 ;1
2461 ;7445 ;IMPORT7445;De 06:00 a 14:30 R60 ;06:00 ;14:30 ;15 ;15 ;08:30 ;60 ;7:30;10:30 ;11:30 ;1
2462 ;7446 ;IMPORT7446;De 08:15 a 17:15 R60 ;08:15 ;17:15 ;15 ;15 ;09:00 ;60 ;8:00;12:15 ;13:15 ;1
2463 ;7447 ;IMPORT7447;De 09:00 a 18:00 R60 ;09:00 ;18:00 ;15 ;15 ;09:00 ;60 ;8:00;11:45 ;12:45 ;1
2464 ;7448 ;IMPORT7448;De 09:45 a 18:45 R60 ;09:45 ;18:45 ;15 ;15 ;09:00 ;60 ;8:00;12:30 ;13:30 ;1
2465 ;7449 ;IMPORT7449;De 10:00 a 19:00 R60 ;10:00 ;19:00 ;15 ;15 ;09:00 ;60 ;8:00;12:45 ;13:45 ;1
2466 ;7450 ;IMPORT7450;De 08:30 a 18:30 R60 ;08:30 ;18:30 ;15 ;15 ;10:00 ;60 ;9:00;14:55 ;15:55 ;0
2467 ;7451 ;IMPORT7451;De 11:00 a 21:00 R60 ;11:00 ;21:00 ;15 ;15 ;10:00 ;60 ;9:00;15:10 ;16:10 ;0
2468 ;7452 ;IMPORT7452;De 11:00 a 21:00 R60 ;11:00 ;21:00 ;15 ;15 ;10:00 ;60 ;9:00;16:15 ;17:15 ;0
2469 ;7453 ;IMPORT7453;De 11:15 a 20:15 R60 ;11:15 ;20:15 ;15 ;15 ;09:00 ;60 ;8:00;15:15 ;16:15 ;1
2470 ;7454 ;IMPORT7454;De 01:00 a 10:00 R60 ;01:00 ;10:00 ;15 ;15 ;09:00 ;60 ;8:00;05:30 ;06:30 ;1
2471 ;7455 ;IMPORT7455;De 08:30 a 17:00 R60 ;08:30 ;17:00 ;15 ;15 ;08:30 ;60 ;7:30;13:15 ;14:15 ;1
2472 ;7456 ;IMPORT7456;De 08:00 a 19:00 R60 ;08:00 ;19:00 ;15 ;15 ;11:00 ;60 ;10:00;12:20 ;13:20 ;0
2473 ;7457 ;IMPORT7457;De 04:30 a 12:30 R60 ;04:30 ;12:30 ;15 ;15 ;08:00 ;60 ;7:00;07:45 ;08:45 ;1
2474 ;7458 ;IMPORT7458;De 16:30 a 01:30 R60 ;16:30 ;01:30 ;15 ;15 ;09:00 ;60 ;8:00;21:15 ;22:15 ;1
2475 ;7459 ;IMPORT7459;De 18:00 a 03:00 R60 ;18:00 ;03:00 ;15 ;15 ;09:00 ;60 ;8:00;21:45 ;22:45 ;1
2476 ;7460 ;IMPORT7460;De 19:30 a 03:30 R60 ;19:30 ;03:30 ;15 ;15 ;08:00 ;60 ;7:00;23:00 ;00:00 ;1
2477 ;7461 ;IMPORT7461;De 09:00 a 19:00 R60 ;09:00 ;19:00 ;30 ;0 ;10:00 ;60 ;9:00;15:45 ;16:45 ;0
2478 ;7462 ;IMPORT7462;De 08:00 a 19:00 R60 ;08:00 ;19:00 ;15 ;15 ;11:00 ;60 ;10:00;15:05 ;16:05 ;0
2479 ;7463 ;IMPORT7463;De 00:30 a 08:30 R60 ;00:30 ;08:30 ;15 ;15 ;08:00 ;60 ;7:00;04:55 ;05:55 ;1
2480 ;7464 ;IMPORT7464;De 06:00 a 17:00 R60 ;06:00 ;17:00 ;15 ;15 ;11:00 ;60 ;10:00;10:15 ;11:15 ;0
2481 ;7465 ;IMPORT7465;De 05:00 a 10:00 R0 ;05:00 ;10:00 ;15 ;0 ;05:00 ;0 ;5:00;;;0
2482 ;7466 ;IMPORT7466;De 05:30 a 14:30 R60 ;05:30 ;14:30 ;30 ;0 ;09:00 ;60 ;8:00;09:00 ;10:00 ;1
2483 ;7467 ;IMPORT7467;De 06:30 a 17:30 R60 ;06:30 ;17:30 ;15 ;15 ;11:00 ;60 ;10:00;11:15 ;12:15 ;0
2484 ;7468 ;IMPORT7468;De 02:00 a 10:00 R60 ;02:00 ;10:00 ;15 ;15 ;08:00 ;60 ;7:00;05:30 ;06:30 ;1
2485 ;7469 ;IMPORT7469;De 20:30 a 04:30 R60 ;20:30 ;04:30 ;15 ;15 ;08:00 ;60 ;7:00;00:05 ;01:05 ;1
2486 ;7470 ;IMPORT7470;De 21:00 a 06:00 R60 ;21:00 ;06:00 ;30 ;0 ;09:00 ;60 ;8:00;02:30 ;03:30 ;1
2487 ;7471 ;IMPORT7471;De 21:00 a 06:00 R60 ;21:00 ;06:00 ;30 ;0 ;09:00 ;60 ;8:00;03:30 ;04:30 ;1
2488 ;7472 ;IMPORT7472;De 23:30 a 08:30 R60 ;23:30 ;08:30 ;30 ;0 ;09:00 ;60 ;8:00;03:30 ;04:30 ;1
2489 ;7473 ;IMPORT7473;De 10:00 a 20:00 R60 ;10:00 ;20:00 ;30 ;0 ;10:00 ;60 ;9:00;15:10 ;16:10 ;0
2490 ;7474 ;IMPORT7474;De 08:30 a 19:00 R60 ;08:30 ;19:00 ;15 ;15 ;10:30 ;60 ;9:30;15:15 ;16:15 ;0
2491 ;7475 ;IMPORT7475;De 20:30 a 05:30 R60 ;20:30 ;05:30 ;30 ;0 ;09:00 ;60 ;8:00;00:30 ;01:30 ;1
2492 ;7476 ;IMPORT7476;De 13:00 a 22:00 R60 ;13:00 ;22:00 ;15 ;15 ;09:00 ;60 ;8:00;16:20 ;17:20 ;1
2493 ;7477 ;IMPORT7477;De 12:00 a 22:00 R60 ;12:00 ;22:00 ;15 ;15 ;10:00 ;60 ;9:00;15:15 ;16:15 ;0
2494 ;7478 ;IMPORT7478;De 17:00 a 02:00 R60 ;17:00 ;02:00 ;15 ;15 ;09:00 ;60 ;8:00;20:45 ;21:45 ;1
2495 ;7479 ;IMPORT7479;De 08:00 a 19:00 R60 ;08:00 ;19:00 ;15 ;15 ;11:00 ;60 ;10:00;11:05 ;12:05 ;0
2496 ;7480 ;IMPORT7480;De 08:30 a 18:30 R60 ;08:30 ;18:30 ;15 ;15 ;10:00 ;60 ;9:00;13:25 ;14:25 ;0
2497 ;7481 ;IMPORT7481;De 11:30 a 21:30 R60 ;11:30 ;21:30 ;15 ;15 ;10:00 ;60 ;9:00;14:30 ;15:30 ;0
2498 ;7482 ;IMPORT7482;De 10:30 a 19:00 R60 ;10:30 ;19:00 ;15 ;15 ;08:30 ;60 ;7:30;14:00 ;15:00 ;1
2499 ;7483 ;IMPORT7483;De 11:00 a 19:30 R60 ;11:00 ;19:30 ;15 ;15 ;08:30 ;60 ;7:30;14:30 ;15:30 ;1
2500 ;7484 ;IMPORT7484;De 09:30 a 20:30 R60 ;09:30 ;20:30 ;15 ;15 ;11:00 ;60 ;10:00;12:45 ;13:45 ;0
2501 ;7485 ;IMPORT7485;De 10:00 a 21:00 R60 ;10:00 ;21:00 ;15 ;15 ;11:00 ;60 ;10:00;14:55 ;15:55 ;0
2502 ;7486 ;IMPORT7486;De 11:30 a 20:30 R60 ;11:30 ;20:30 ;15 ;15 ;09:00 ;60 ;8:00;16:40 ;17:40 ;1
2503 ;7487 ;IMPORT7487;De 10:00 a 19:00 R60 ;10:00 ;19:00 ;15 ;15 ;09:00 ;60 ;8:00;14:20 ;15:20 ;1
2504 ;7488 ;IMPORT7488;De 11:00 a 22:00 R60 ;11:00 ;22:00 ;15 ;15 ;11:00 ;60 ;10:00;15:55 ;16:55 ;0
2505 ;7489 ;IMPORT7489;De 11:30 a 20:30 R60 ;11:30 ;20:30 ;15 ;15 ;09:00 ;60 ;8:00;15:20 ;16:20 ;1
2506 ;7490 ;IMPORT7490;De 07:00 a 17:00 R60 ;07:00 ;17:00 ;15 ;15 ;10:00 ;60 ;9:00;13:25 ;14:25 ;0
2507 ;7491 ;IMPORT7491;De 08:00 a 16:30 R60 ;08:00 ;16:30 ;15 ;15 ;08:30 ;60 ;7:30;11:45 ;12:45 ;1
2508 ;7492 ;IMPORT7492;De 08:30 a 17:00 R60 ;08:30 ;17:00 ;15 ;15 ;08:30 ;60 ;7:30;11:30 ;12:30 ;1
2509 ;7493 ;IMPORT7493;De 09:00 a 18:00 R60 ;09:00 ;18:00 ;15 ;15 ;09:00 ;60 ;8:00;11:15 ;12:15 ;1
2510 ;7494 ;IMPORT7494;De 09:30 a 18:00 R60 ;09:30 ;18:00 ;15 ;15 ;08:30 ;60 ;7:30;13:05 ;14:05 ;1
2511 ;7495 ;IMPORT7495;De 11:00 a 20:00 R60 ;11:00 ;20:00 ;15 ;15 ;09:00 ;60 ;8:00;12:30 ;13:30 ;1
2512 ;7496 ;IMPORT7496;De 11:00 a 21:00 R60 ;11:00 ;21:00 ;30 ;0 ;10:00 ;60 ;9:00;17:45 ;18:45 ;0
2513 ;7497 ;IMPORT7497;De 13:00 a 23:00 R60 ;13:00 ;23:00 ;30 ;0 ;10:00 ;60 ;9:00;17:10 ;18:10 ;0
2514 ;7498 ;IMPORT7498;De 09:00 a 19:00 R60 ;09:00 ;19:00 ;30 ;0 ;10:00 ;60 ;9:00;14:10 ;15:10 ;0
2515 ;7499 ;IMPORT7499;De 09:00 a 19:00 R60 ;09:00 ;19:00 ;30 ;0 ;10:00 ;60 ;9:00;15:25 ;16:25 ;0
2516 ;7500 ;IMPORT7500;De 10:30 a 20:30 R60 ;10:30 ;20:30 ;30 ;0 ;10:00 ;60 ;9:00;16:45 ;17:45 ;0
2517 ;7501 ;IMPORT7501;De 10:30 a 20:30 R60 ;10:30 ;20:30 ;30 ;0 ;10:00 ;60 ;9:00;17:00 ;18:00 ;0
2518 ;7502 ;IMPORT7502;De 12:30 a 22:30 R60 ;12:30 ;22:30 ;30 ;0 ;10:00 ;60 ;9:00;17:00 ;18:00 ;0
2519 ;7503 ;IMPORT7503;De 14:00 a 22:00 R60 ;14:00 ;22:00 ;0 ;0 ;08:00 ;60 ;7:00;16:00 ;17:00 ;1
2520 ;7504 ;IMPORT7504;De 12:00 a 20:00 R60 ;12:00 ;20:00 ;0 ;0 ;08:00 ;60 ;7:00;13:15 ;14:15 ;1
2521 ;7505 ;IMPORT7505;De 14:00 a 22:00 R60 ;14:00 ;22:00 ;0 ;0 ;08:00 ;60 ;7:00;15:00 ;16:00 ;1
2522 ;7506 ;IMPORT7506;De 12:30 a 20:30 R60 ;12:30 ;20:30 ;0 ;0 ;08:00 ;60 ;7:00;17:15 ;18:15 ;1
2523 ;7507 ;IMPORT7507;De 13:00 a 22:00 R60 ;13:00 ;22:00 ;0 ;0 ;09:00 ;60 ;8:00;15:15 ;16:15 ;1
2524 ;7508 ;IMPORT7508;De 11:00 a 20:00 R60 ;11:00 ;20:00 ;0 ;0 ;09:00 ;60 ;8:00;12:00 ;13:00 ;1
2525 ;7509 ;IMPORT7509;De 10:30 a 20:30 R60 ;10:30 ;20:30 ;0 ;0 ;10:00 ;60 ;9:00;13:00 ;14:00 ;0
2526 ;7510 ;IMPORT7510;De 11:00 a 19:00 R60 ;11:00 ;19:00 ;0 ;0 ;08:00 ;60 ;7:00;13:00 ;14:00 ;1
2527 ;7511 ;IMPORT7511;De 11:30 a 20:30 R60 ;11:30 ;20:30 ;15 ;0 ;09:00 ;60 ;8:00;13:45 ;14:45 ;1
2528 ;7512 ;IMPORT7512;De 13:45 a 22:45 R60 ;13:45 ;22:45 ;15 ;15 ;09:00 ;60 ;8:00;16:30 ;17:30 ;1
2529 ;7513 ;IMPORT7513;De 11:45 a 20:45 R60 ;11:45 ;20:45 ;15 ;15 ;09:00 ;60 ;8:00;18:00 ;19:00 ;1
2530 ;7514 ;IMPORT7514;De 13:15 a 20:15 R0 ;13:15 ;20:15 ;15 ;15 ;07:00 ;0 ;7:00;;;1
2531 ;7515 ;IMPORT7515;De 07:30 a 16:00 R60 ;07:30 ;16:00 ;15 ;15 ;08:30 ;60 ;7:30;11:00 ;12:00 ;1
2532 ;7516 ;IMPORT7516;De 08:00 a 16:30 R60 ;08:00 ;16:30 ;15 ;15 ;08:30 ;60 ;7:30;11:30 ;12:30 ;1
2533 ;7517 ;IMPORT7517;De 01:30 a 10:30 R60 ;01:30 ;10:30 ;15 ;15 ;09:00 ;60 ;8:00;06:30 ;07:30 ;1
2534 ;7518 ;IMPORT7518;De 04:30 a 13:30 R0 ;04:30 ;13:30 ;15 ;15 ;09:00 ;0 ;9:00;;;1
2535 ;7519 ;IMPORT7519;De 20:00 a 05:00 R60 ;20:00 ;05:00 ;15 ;15 ;09:00 ;60 ;8:00;23:45 ;00:45 ;1
2536 ;7520 ;IMPORT7520;De 02:00 a 11:00 R60 ;02:00 ;11:00 ;15 ;15 ;09:00 ;60 ;8:00;07:25 ;08:25 ;1
2537 ;7521 ;IMPORT7521;De 04:00 a 12:00 R60 ;04:00 ;12:00 ;15 ;15 ;08:00 ;60 ;7:00;08:15 ;09:15 ;1
2538 ;7522 ;IMPORT7522;De 01:00 a 09:00 R60 ;01:00 ;09:00 ;15 ;15 ;08:00 ;60 ;7:00;05:30 ;06:30 ;1
2539 ;7523 ;IMPORT7523;De 04:00 a 12:00 R60 ;04:00 ;12:00 ;15 ;15 ;08:00 ;60 ;7:00;08:25 ;09:25 ;1
2540 ;7524 ;IMPORT7524;De 09:00 a 20:00 R60 ;09:00 ;20:00 ;15 ;15 ;11:00 ;60 ;10:00;15:55 ;16:55 ;0
2541 ;7525 ;IMPORT7525;De 18:30 a 03:00 R0 ;18:30 ;03:00 ;15 ;15 ;08:30 ;0 ;8:30;;;1
2542 ;7526 ;IMPORT7526;De 23:00 a 04:00 R0 ;23:00 ;04:00 ;15 ;0 ;05:00 ;0 ;5:00;;;0
2543 ;7527 ;IMPORT7527;De 11:30 a 22:00 R60 ;11:30 ;22:00 ;15 ;15 ;10:30 ;60 ;9:30;14:45 ;15:45 ;0
2544 ;7528 ;IMPORT7528;De 11:30 a 22:00 R60 ;11:30 ;22:00 ;15 ;15 ;10:30 ;60 ;9:30;15:00 ;16:00 ;0
2545 ;7529 ;IMPORT7529;De 11:30 a 22:00 R60 ;11:30 ;22:00 ;15 ;15 ;10:30 ;60 ;9:30;15:45 ;16:45 ;0
2546 ;7530 ;IMPORT7530;De 12:00 a 22:00 R60 ;12:00 ;22:00 ;15 ;15 ;10:00 ;60 ;9:00;15:30 ;16:30 ;0
2547 ;7531 ;IMPORT7531;De 11:30 a 14:30 R0 ;11:30 ;14:30 ;0 ;0 ;03:00 ;0 ;3:00;;;0
2548 ;7532 ;IMPORT7532;De 10:00 a 20:30 R60 ;10:00 ;20:30 ;15 ;15 ;10:30 ;60 ;9:30;14:45 ;15:45 ;0
2549 ;7533 ;IMPORT7533;De 10:00 a 20:30 R60 ;10:00 ;20:30 ;15 ;15 ;10:30 ;60 ;9:30;15:00 ;16:00 ;0
2550 ;7534 ;IMPORT7534;De 08:30 a 17:00 R60 ;08:30 ;17:00 ;15 ;15 ;08:30 ;60 ;7:30;13:30 ;14:30 ;1
2551 ;7535 ;IMPORT7535;De 13:30 a 22:30 R60 ;13:30 ;22:30 ;30 ;0 ;09:00 ;60 ;8:00;19:30 ;20:30 ;1
2552 ;7536 ;IMPORT7536;De 03:00 a 11:30 R0 ;03:00 ;11:30 ;15 ;15 ;08:30 ;0 ;8:30;;;1
2553 ;7537 ;IMPORT7537;De 03:30 a 12:00 R0 ;03:30 ;12:00 ;15 ;15 ;08:30 ;0 ;8:30;;;1
2554 ;7538 ;IMPORT7538;De 11:00 a 22:00 R60 ;11:00 ;22:00 ;15 ;15 ;11:00 ;60 ;10:00;14:15 ;15:15 ;0
2555 ;7539 ;IMPORT7539;De 15:30 a 00:30 R0 ;15:30 ;00:30 ;15 ;15 ;09:00 ;0 ;9:00;;;1
2556 ;7540 ;IMPORT7540;De 18:30 a 03:30 R0 ;18:30 ;03:30 ;15 ;15 ;09:00 ;0 ;9:00;;;1
2557 ;7541 ;IMPORT7541;De 08:30 a 18:00 R60 ;08:30 ;18:00 ;15 ;15 ;09:30 ;60 ;8:30;13:55 ;14:55 ;1
2558 ;7542 ;IMPORT7542;De 06:30 a 09:30 R0 ;06:30 ;09:30 ;0 ;0 ;03:00 ;0 ;3:00;;;0
2559 ;7543 ;IMPORT7543;De 10:30 a 13:30 R0 ;10:30 ;13:30 ;0 ;0 ;03:00 ;0 ;3:00;;;0
2560 ;7544 ;IMPORT7544;De 08:00 a 18:00 R60 ;08:00 ;18:00 ;15 ;15 ;10:00 ;60 ;9:00;12:10 ;13:10 ;0
2561 ;7545 ;IMPORT7545;De 08:00 a 18:00 R60 ;08:00 ;18:00 ;15 ;15 ;10:00 ;60 ;9:00;13:55 ;14:55 ;0
2562 ;7546 ;IMPORT7546;De 08:00 a 16:30 R60 ;08:00 ;16:30 ;15 ;15 ;08:30 ;60 ;7:30;12:45 ;13:45 ;1
2563 ;7547 ;IMPORT7547;De 07:00 a 17:00 R60 ;07:00 ;17:00 ;15 ;15 ;10:00 ;60 ;9:00;13:15 ;14:15 ;0
2564 ;7548 ;IMPORT7548;De 08:30 a 19:30 R60 ;08:30 ;19:30 ;15 ;15 ;11:00 ;60 ;10:00;14:55 ;15:55 ;0
2565 ;7549 ;IMPORT7549;De 09:00 a 19:00 R60 ;09:00 ;19:00 ;15 ;15 ;10:00 ;60 ;9:00;14:55 ;15:55 ;0
2566 ;7550 ;IMPORT7550;De 11:00 a 22:00 R60 ;11:00 ;22:00 ;15 ;15 ;11:00 ;60 ;10:00;14:55 ;15:55 ;0
2567 ;7551 ;IMPORT7551;De 04:00 a 12:00 R60 ;04:00 ;12:00 ;15 ;15 ;08:00 ;60 ;7:00;07:30 ;08:30 ;1
2568 ;7552 ;IMPORT7552;De 09:00 a 17:00 R60 ;09:00 ;17:00 ;15 ;15 ;08:00 ;60 ;7:00;12:05 ;13:05 ;1
2569 ;7553 ;IMPORT7553;De 10:00 a 18:30 R60 ;10:00 ;18:30 ;15 ;15 ;08:30 ;60 ;7:30;14:00 ;15:00 ;1
2570 ;7554 ;IMPORT7554;De 07:00 a 16:00 R60 ;07:00 ;16:00 ;30 ;0 ;09:00 ;60 ;8:00;10:35 ;11:35 ;1
2571 ;7555 ;IMPORT7555;De 16:00 a 00:00 R60 ;16:00 ;00:00 ;30 ;0 ;08:00 ;60 ;7:00;19:25 ;20:25 ;1
2572 ;7556 ;IMPORT7556;De 09:30 a 20:30 R60 ;09:30 ;20:30 ;15 ;15 ;11:00 ;60 ;10:00;17:15 ;18:15 ;0
2573 ;7557 ;IMPORT7557;De 08:00 a 18:00 R60 ;08:00 ;18:00 ;15 ;15 ;10:00 ;60 ;9:00;12:25 ;13:25 ;0
2574 ;7558 ;IMPORT7558;De 06:30 a 16:30 R60 ;06:30 ;16:30 ;15 ;15 ;10:00 ;60 ;9:00;09:45 ;10:45 ;0
2575 ;7559 ;IMPORT7559;De 01:30 a 10:30 R60 ;01:30 ;10:30 ;15 ;15 ;09:00 ;60 ;8:00;05:15 ;06:15 ;1
2576 ;7560 ;IMPORT7560;De 21:30 a 05:30 R60 ;21:30 ;05:30 ;15 ;15 ;08:00 ;60 ;7:00;00:45 ;01:45 ;1
2577 ;7561 ;IMPORT7561;De 04:00 a 09:00 R0 ;04:00 ;09:00 ;15 ;0 ;05:00 ;0 ;5:00;;;0
2578 ;7562 ;IMPORT7562;De 11:30 a 21:00 R60 ;11:30 ;21:00 ;15 ;15 ;09:30 ;60 ;8:30;15:45 ;16:45 ;1
2579 ;7563 ;IMPORT7563;De 10:00 a 21:00 R60 ;10:00 ;21:00 ;15 ;15 ;11:00 ;60 ;10:00;13:45 ;14:45 ;0
2580 ;7564 ;IMPORT7564;De 02:30 a 09:30 R0 ;02:30 ;09:30 ;15 ;15 ;07:00 ;0 ;7:00;;;1
2581 ;7565 ;IMPORT7565;De 20:00 a 05:00 R60 ;20:00 ;05:00 ;15 ;15 ;09:00 ;60 ;8:00;01:15 ;02:15 ;1
2582 ;7566 ;IMPORT7566;De 04:00 a 12:30 R0 ;04:00 ;12:30 ;15 ;15 ;08:30 ;0 ;8:30;;;1
2583 ;7567 ;IMPORT7567;De 09:30 a 19:30 R60 ;09:30 ;19:30 ;30 ;0 ;10:00 ;60 ;9:00;14:10 ;15:10 ;0
2584 ;7568 ;IMPORT7568;De 08:30 a 18:00 R60 ;08:30 ;18:00 ;15 ;15 ;09:30 ;60 ;8:30;12:40 ;13:40 ;1
2585 ;7569 ;IMPORT7569;De 08:30 a 18:00 R60 ;08:30 ;18:00 ;15 ;15 ;09:30 ;60 ;8:30;13:05 ;14:05 ;1
2586 ;7570 ;IMPORT7570;De 12:00 a 22:00 R60 ;12:00 ;22:00 ;30 ;0 ;10:00 ;60 ;9:00;18:10 ;19:10 ;0
2587 ;7571 ;IMPORT7571;De 12:00 a 22:00 R60 ;12:00 ;22:00 ;30 ;0 ;10:00 ;60 ;9:00;18:45 ;19:45 ;0
2588 ;7572 ;IMPORT7572;De 14:30 a 23:30 R60 ;14:30 ;23:30 ;30 ;0 ;09:00 ;60 ;8:00;17:00 ;18:00 ;1
2589 ;7573 ;IMPORT7573;De 08:00 a 17:00 R60 ;08:00 ;17:00 ;15 ;15 ;09:00 ;60 ;8:00;11:05 ;12:05 ;1
2590 ;7574 ;IMPORT7574;De 07:00 a 17:00 R60 ;07:00 ;17:00 ;15 ;15 ;10:00 ;60 ;9:00;11:25 ;12:25 ;0
2591 ;7575 ;IMPORT7575;De 06:30 a 17:30 R60 ;06:30 ;17:30 ;15 ;15 ;11:00 ;60 ;10:00;13:45 ;14:45 ;0
2592 ;7576 ;IMPORT7576;De 10:00 a 21:00 R60 ;10:00 ;21:00 ;15 ;15 ;11:00 ;60 ;10:00;14:25 ;15:25 ;0
2593 ;7577 ;IMPORT7577;De 19:30 a 22:30 R0 ;19:30 ;22:30 ;0 ;0 ;03:00 ;0 ;3:00;;;0
2594 ;7578 ;IMPORT7578;De 03:00 a 11:00 R60 ;03:00 ;11:00 ;15 ;15 ;08:00 ;60 ;7:00;06:15 ;07:15 ;1
2595 ;7579 ;IMPORT7579;De 15:30 a 00:30 R60 ;15:30 ;00:30 ;15 ;15 ;09:00 ;60 ;8:00;21:15 ;22:15 ;1
2596 ;7580 ;IMPORT7580;De 12:00 a 22:00 R60 ;12:00 ;22:00 ;30 ;0 ;10:00 ;60 ;9:00;17:15 ;18:15 ;0
2597 ;7581 ;IMPORT7581;De 08:00 a 19:00 R60 ;08:00 ;19:00 ;15 ;15 ;11:00 ;60 ;10:00;12:25 ;13:25 ;0
2598 ;7582 ;IMPORT7582;De 06:00 a 17:00 R60 ;06:00 ;17:00 ;15 ;15 ;11:00 ;60 ;10:00;11:10 ;12:10 ;0
2599 ;7583 ;IMPORT7583;De 06:00 a 15:00 R60 ;06:00 ;15:00 ;15 ;15 ;09:00 ;60 ;8:00;10:25 ;11:25 ;1
2600 ;7584 ;IMPORT7584;De 11:00 a 20:30 R60 ;11:00 ;20:30 ;15 ;15 ;09:30 ;60 ;8:30;15:15 ;16:15 ;1
2601 ;7585 ;IMPORT7585;De 06:30 a 15:30 R60 ;06:30 ;15:30 ;15 ;15 ;09:00 ;60 ;8:00;10:55 ;11:55 ;1
2602 ;7586 ;IMPORT7586;De 07:00 a 15:00 R60 ;07:00 ;15:00 ;30 ;0 ;08:00 ;60 ;7:00;09:30 ;10:30 ;1
2603 ;7587 ;IMPORT7587;De 00:30 a 09:30 R60 ;00:30 ;09:30 ;15 ;15 ;09:00 ;60 ;8:00;06:15 ;07:15 ;1
2604 ;7588 ;IMPORT7588;De 22:00 a 07:00 R60 ;22:00 ;07:00 ;15 ;15 ;09:00 ;60 ;8:00;01:30 ;02:30 ;1
2605 ;7589 ;IMPORT7589;De 10:00 a 21:00 R60 ;10:00 ;21:00 ;15 ;15 ;11:00 ;60 ;10:00;13:55 ;14:55 ;0
2606 ;7590 ;IMPORT7590;De 11:30 a 21:30 R60 ;11:30 ;21:30 ;30 ;0 ;10:00 ;60 ;9:00;17:45 ;18:45 ;0
2607 ;7591 ;IMPORT7591;De 03:00 a 12:00 R60 ;03:00 ;12:00 ;15 ;15 ;09:00 ;60 ;8:00;06:45 ;07:45 ;1
2608 ;7592 ;IMPORT7592;De 06:00 a 16:00 R60 ;06:00 ;16:00 ;15 ;15 ;10:00 ;60 ;9:00;11:45 ;12:45 ;0
2609 ;7593 ;IMPORT7593;De 00:30 a 09:30 R0 ;00:30 ;09:30 ;15 ;15 ;09:00 ;0 ;9:00;;;1
2610 ;7594 ;IMPORT7594;De 11:30 a 21:30 R60 ;11:30 ;21:30 ;15 ;15 ;10:00 ;60 ;9:00;16:15 ;17:15 ;0
2611 ;7595 ;IMPORT7595;De 19:30 a 23:30 R0 ;19:30 ;23:30 ;15 ;0 ;04:00 ;0 ;4:00;;;1
2612 ;7596 ;IMPORT7596;De 16:30 a 19:30 R0 ;16:30 ;19:30 ;0 ;0 ;03:00 ;0 ;3:00;;;0
2613 ;7597 ;IMPORT7597;De 12:30 a 22:30 R60 ;12:30 ;22:30 ;15 ;15 ;10:00 ;60 ;9:00;15:30 ;16:30 ;0
2614 ;7598 ;IMPORT7598;De 12:30 a 22:30 R60 ;12:30 ;22:30 ;15 ;15 ;10:00 ;60 ;9:00;16:00 ;17:00 ;0
2615 ;7599 ;IMPORT7599;De 12:30 a 22:30 R60 ;12:30 ;22:30 ;15 ;15 ;10:00 ;60 ;9:00;16:25 ;17:25 ;0
2616 ;7600 ;IMPORT7600;De 19:30 a 04:30 R60 ;19:30 ;04:30 ;15 ;15 ;09:00 ;60 ;8:00;01:15 ;02:15 ;1
2617 ;7601 ;IMPORT7601;De 03:30 a 12:30 R0 ;03:30 ;12:30 ;15 ;15 ;09:00 ;0 ;9:00;;;1
2618 ;7602 ;IMPORT7602;De 11:30 a 19:30 R60 ;11:30 ;19:30 ;15 ;15 ;08:00 ;60 ;7:00;15:10 ;16:10 ;1
2619 ;7603 ;IMPORT7603;De 11:30 a 21:30 R60 ;11:30 ;21:30 ;30 ;0 ;10:00 ;60 ;9:00;18:15 ;19:15 ;0
2620 ;7604 ;IMPORT7604;De 18:30 a 21:30 R0 ;18:30 ;21:30 ;0 ;0 ;03:00 ;0 ;3:00;;;0
2621 ;7605 ;IMPORT7605;De 11:30 a 21:30 R60 ;11:30 ;21:30 ;15 ;15 ;10:00 ;60 ;9:00;15:45 ;16:45 ;0
2622 ;7606 ;IMPORT7606;De 13:00 a 23:00 R60 ;13:00 ;23:00 ;15 ;15 ;10:00 ;60 ;9:00;16:15 ;17:15 ;0
2623 ;7607 ;IMPORT7607;De 07:00 a 18:00 R60 ;07:00 ;18:00 ;15 ;15 ;11:00 ;60 ;10:00;11:05 ;12:05 ;0
2624 ;7608 ;IMPORT7608;De 08:00 a 18:00 R60 ;08:00 ;18:00 ;15 ;15 ;10:00 ;60 ;9:00;11:35 ;12:35 ;0
2625 ;7609 ;IMPORT7609;De 11:00 a 19:00 R60 ;11:00 ;19:00 ;30 ;0 ;08:00 ;60 ;7:00;16:00 ;17:00 ;1
2626 ;7610 ;IMPORT7610;De 09:00 a 20:00 R60 ;09:00 ;20:00 ;15 ;15 ;11:00 ;60 ;10:00;12:40 ;13:40 ;0
2627 ;7611 ;IMPORT7611;De 13:00 a 00:00 R60 ;13:00 ;00:00 ;15 ;15 ;11:00 ;60 ;10:00;16:10 ;17:10 ;0
2628 ;7612 ;IMPORT7612;De 13:00 a 00:00 R60 ;13:00 ;00:00 ;15 ;15 ;11:00 ;60 ;10:00;16:30 ;17:30 ;0
2629 ;7613 ;IMPORT7613;De 18:30 a 02:30 R60 ;18:30 ;02:30 ;15 ;15 ;08:00 ;60 ;7:00;22:15 ;23:15 ;1
2630 ;7614 ;IMPORT7614;De 17:30 a 01:30 R60 ;17:30 ;01:30 ;15 ;15 ;08:00 ;60 ;7:00;21:05 ;22:05 ;1
2631 ;7615 ;IMPORT7615;De 17:00 a 20:00 R0 ;17:00 ;20:00 ;0 ;0 ;03:00 ;0 ;3:00;;;0
2632 ;7616 ;IMPORT7616;De 08:30 a 19:30 R60 ;08:30 ;19:30 ;15 ;15 ;11:00 ;60 ;10:00;15:10 ;16:10 ;0
2633 ;7617 ;IMPORT7617;De 13:00 a 23:00 R60 ;13:00 ;23:00 ;30 ;0 ;10:00 ;60 ;9:00;17:30 ;18:30 ;0
2634 ;7618 ;IMPORT7618;De 09:30 a 20:30 R60 ;09:30 ;20:30 ;15 ;15 ;11:00 ;60 ;10:00;14:25 ;15:25 ;0
2635 ;7619 ;IMPORT7619;De 10:00 a 19:30 R60 ;10:00 ;19:30 ;15 ;15 ;09:30 ;60 ;8:30;16:15 ;17:15 ;1
2636 ;7620 ;IMPORT7620;De 08:30 a 18:30 R60 ;08:30 ;18:30 ;15 ;15 ;10:00 ;60 ;9:00;12:10 ;13:10 ;0
2637 ;7621 ;IMPORT7621;De 20:30 a 05:30 R0 ;20:30 ;05:30 ;15 ;15 ;09:00 ;0 ;9:00;;;1
2638 ;7622 ;IMPORT7622;De 10:30 a 20:00 R60 ;10:30 ;20:00 ;15 ;15 ;09:30 ;60 ;8:30;16:45 ;17:45 ;1
2639 ;7623 ;IMPORT7623;De 10:30 a 21:30 R60 ;10:30 ;21:30 ;30 ;0 ;11:00 ;60 ;10:00;16:15 ;17:15 ;0
2640 ;7624 ;IMPORT7624;De 12:00 a 23:00 R60 ;12:00 ;23:00 ;30 ;0 ;11:00 ;60 ;10:00;17:00 ;18:00 ;0
2641 ;7625 ;IMPORT7625;De 12:30 a 22:30 R60 ;12:30 ;22:30 ;15 ;15 ;10:00 ;60 ;9:00;16:15 ;17:15 ;0
2642 ;7626 ;IMPORT7626;De 10:30 a 20:00 R60 ;10:30 ;20:00 ;15 ;15 ;09:30 ;60 ;8:30;16:15 ;17:15 ;1
2643 ;7627 ;IMPORT7627;De 11:30 a 22:30 R60 ;11:30 ;22:30 ;15 ;15 ;11:00 ;60 ;10:00;16:00 ;17:00 ;0
2644 ;7628 ;IMPORT7628;De 11:30 a 22:30 R60 ;11:30 ;22:30 ;15 ;15 ;11:00 ;60 ;10:00;16:45 ;17:45 ;0
2645 ;7629 ;IMPORT7629;De 12:30 a 22:30 R60 ;12:30 ;22:30 ;30 ;0 ;10:00 ;60 ;9:00;16:45 ;17:45 ;0
2646 ;7630 ;IMPORT7630;De 13:00 a 00:00 R60 ;13:00 ;00:00 ;15 ;15 ;11:00 ;60 ;10:00;16:00 ;17:00 ;0
2647 ;7631 ;IMPORT7631;De 06:00 a 14:00 R60 ;06:00 ;14:00 ;15 ;15 ;08:00 ;60 ;7:00;09:55 ;10:55 ;1
2648 ;7632 ;IMPORT7632;De 06:45 a 15:45 R60 ;06:45 ;15:45 ;15 ;15 ;09:00 ;60 ;8:00;11:00 ;12:00 ;1
2649 ;7633 ;IMPORT7633;De 09:15 a 19:00 R60 ;09:15 ;19:00 ;30 ;0 ;09:45 ;60 ;8:45;12:00 ;13:00 ;0
2650 ;7634 ;IMPORT7634;De 10:45 a 19:15 R0 ;10:45 ;19:15 ;15 ;15 ;08:30 ;0 ;8:30;;;1
2651 ;7635 ;IMPORT7635;De 10:30 a 21:30 R60 ;10:30 ;21:30 ;15 ;15 ;11:00 ;60 ;10:00;13:30 ;14:30 ;0
2652 ;7636 ;IMPORT7636;De 08:30 a 17:00 R60 ;08:30 ;17:00 ;15 ;15 ;08:30 ;60 ;7:30;12:15 ;13:15 ;1
2653 ;7637 ;IMPORT7637;De 07:30 a 16:00 R60 ;07:30 ;16:00 ;15 ;15 ;08:30 ;60 ;7:30;11:15 ;12:15 ;1
2654 ;7638 ;IMPORT7638;De 09:00 a 18:30 R60 ;09:00 ;18:30 ;15 ;15 ;09:30 ;60 ;8:30;12:40 ;13:40 ;1
2655 ;7639 ;IMPORT7639;De 07:30 a 17:30 R60 ;07:30 ;17:30 ;15 ;15 ;10:00 ;60 ;9:00;11:20 ;12:20 ;0
2656 ;7640 ;IMPORT7640;De 09:30 a 20:30 R60 ;09:30 ;20:30 ;15 ;15 ;11:00 ;60 ;10:00;13:40 ;14:40 ;0
2657 ;7641 ;IMPORT7641;De 01:00 a 10:00 R60 ;01:00 ;10:00 ;15 ;15 ;09:00 ;60 ;8:00;04:00 ;05:00 ;1
2658 ;7642 ;IMPORT7642;De 01:30 a 10:30 R60 ;01:30 ;10:30 ;15 ;15 ;09:00 ;60 ;8:00;05:30 ;06:30 ;1
2659 ;7643 ;IMPORT7643;De 09:00 a 20:00 R60 ;09:00 ;20:00 ;15 ;15 ;11:00 ;60 ;10:00;16:35 ;17:35 ;0
2660 ;7644 ;IMPORT7644;De 05:00 a 14:00 R60 ;05:00 ;14:00 ;15 ;15 ;09:00 ;60 ;8:00;10:35 ;11:35 ;1
2661 ;7645 ;IMPORT7645;De 01:00 a 10:00 R60 ;01:00 ;10:00 ;15 ;15 ;09:00 ;60 ;8:00;04:30 ;05:30 ;1
2662 ;7646 ;IMPORT7646;De 03:00 a 12:00 R60 ;03:00 ;12:00 ;15 ;15 ;09:00 ;60 ;8:00;06:40 ;07:40 ;1
2663 ;7647 ;IMPORT7647;De 08:00 a 18:00 R60 ;08:00 ;18:00 ;15 ;15 ;10:00 ;60 ;9:00;13:05 ;14:05 ;0
2664 ;7648 ;IMPORT7648;De 13:30 a 23:30 R60 ;13:30 ;23:30 ;15 ;15 ;10:00 ;60 ;9:00;16:45 ;17:45 ;0
2665 ;7649 ;IMPORT7649;De 06:30 a 17:30 R60 ;06:30 ;17:30 ;15 ;15 ;11:00 ;60 ;10:00;11:45 ;12:45 ;0
2666 ;7650 ;IMPORT7650;De 09:30 a 20:30 R60 ;09:30 ;20:30 ;15 ;15 ;11:00 ;60 ;10:00;12:40 ;13:40 ;0
2667 ;7651 ;IMPORT7651;De 06:30 a 17:30 R60 ;06:30 ;17:30 ;15 ;15 ;11:00 ;60 ;10:00;12:15 ;13:15 ;0
2668 ;7652 ;IMPORT7652;De 09:00 a 20:00 R0 ;09:00 ;20:00 ;0 ;0 ;11:00 ;0 ;11:00;;;0
2669 ;7653 ;IMPORT7653;De 11:30 a 20:00 R60 ;11:30 ;20:00 ;15 ;15 ;08:30 ;60 ;7:30;15:30 ;16:30 ;1
2670 ;7654 ;IMPORT7654;De 09:30 a 20:30 R0 ;09:30 ;20:30 ;0 ;0 ;11:00 ;0 ;11:00;;;0
2671 ;7655 ;IMPORT7655;De 10:30 a 20:00 R60 ;10:30 ;20:00 ;15 ;15 ;09:30 ;60 ;8:30;16:30 ;17:30 ;1
2672 ;7656 ;IMPORT7656;De 06:30 a 16:30 R60 ;06:30 ;16:30 ;15 ;15 ;10:00 ;60 ;9:00;11:15 ;12:15 ;0
2673 ;7657 ;IMPORT7657;De 10:00 a 19:30 R60 ;10:00 ;19:30 ;15 ;15 ;09:30 ;60 ;8:30;16:00 ;17:00 ;1
2674 ;7658 ;IMPORT7658;De 08:00 a 19:00 R60 ;08:00 ;19:00 ;15 ;15 ;11:00 ;60 ;10:00;15:40 ;16:40 ;0
2675 ;7659 ;IMPORT7659;De 10:30 a 20:30 R60 ;10:30 ;20:30 ;30 ;0 ;10:00 ;60 ;9:00;15:40 ;16:40 ;0
2676 ;7660 ;IMPORT7660;De 10:30 a 21:30 R60 ;10:30 ;21:30 ;30 ;0 ;11:00 ;60 ;10:00;17:15 ;18:15 ;0
2677 ;7661 ;IMPORT7661;De 07:00 a 17:00 R60 ;07:00 ;17:00 ;15 ;15 ;10:00 ;60 ;9:00;11:10 ;12:10 ;0
2678 ;7662 ;IMPORT7662;De 11:30 a 22:30 R60 ;11:30 ;22:30 ;15 ;15 ;11:00 ;60 ;10:00;15:45 ;16:45 ;0
2679 ;7663 ;IMPORT7663;De 06:30 a 16:30 R60 ;06:30 ;16:30 ;15 ;15 ;10:00 ;60 ;9:00;11:30 ;12:30 ;0
2680 ;7664 ;IMPORT7664;De 06:00 a 14:00 R60 ;06:00 ;14:00 ;15 ;15 ;08:00 ;60 ;7:00;10:25 ;11:25 ;1
2681 ;7665 ;IMPORT7665;De 07:30 a 16:00 R60 ;07:30 ;16:00 ;15 ;15 ;08:30 ;60 ;7:30;12:00 ;13:00 ;1
2682 ;7666 ;IMPORT7666;De 09:30 a 18:00 R60 ;09:30 ;18:00 ;15 ;15 ;08:30 ;60 ;7:30;13:00 ;14:00 ;1
2683 ;7667 ;IMPORT7667;De 10:30 a 19:30 R60 ;10:30 ;19:30 ;30 ;0 ;09:00 ;60 ;8:00;13:15 ;14:15 ;1
2684 ;7668 ;IMPORT7668;De 23:00 a 08:00 R60 ;23:00 ;08:00 ;15 ;15 ;09:00 ;60 ;8:00;04:00 ;05:00 ;1
2685 ;7669 ;IMPORT7669;De 09:00 a 17:30 R60 ;09:00 ;17:30 ;15 ;15 ;08:30 ;60 ;7:30;12:30 ;13:30 ;1
2686 ;7670 ;IMPORT7670;De 09:00 a 17:30 R60 ;09:00 ;17:30 ;15 ;15 ;08:30 ;60 ;7:30;12:45 ;13:45 ;1
2687 ;7671 ;IMPORT7671;De 09:30 a 18:00 R60 ;09:30 ;18:00 ;15 ;15 ;08:30 ;60 ;7:30;13:30 ;14:30 ;1
2688 ;7672 ;IMPORT7672;De 10:00 a 18:30 R60 ;10:00 ;18:30 ;15 ;15 ;08:30 ;60 ;7:30;13:30 ;14:30 ;1
2689 ;7673 ;IMPORT7673;De 11:30 a 20:00 R60 ;11:30 ;20:00 ;15 ;15 ;08:30 ;60 ;7:30;15:45 ;16:45 ;1
2690 ;7674 ;IMPORT7674;De 11:30 a 20:00 R60 ;11:30 ;20:00 ;15 ;15 ;08:30 ;60 ;7:30;16:00 ;17:00 ;1
2691 ;7675 ;IMPORT7675;De 12:30 a 21:00 R60 ;12:30 ;21:00 ;15 ;15 ;08:30 ;60 ;7:30;16:15 ;17:15 ;1
2692 ;7676 ;IMPORT7676;De 13:30 a 22:00 R60 ;13:30 ;22:00 ;15 ;15 ;08:30 ;60 ;7:30;17:15 ;18:15 ;1
2693 ;7677 ;IMPORT7677;De 13:30 a 22:00 R60 ;13:30 ;22:00 ;15 ;15 ;08:30 ;60 ;7:30;18:00 ;19:00 ;1
2694 ;7678 ;IMPORT7678;De 08:30 a 17:00 R60 ;08:30 ;17:00 ;15 ;15 ;08:30 ;60 ;7:30;12:00 ;13:00 ;1
2695 ;7679 ;IMPORT7679;De 12:30 a 20:30 R60 ;12:30 ;20:30 ;30 ;0 ;08:00 ;60 ;7:00;14:45 ;15:45 ;1
2696 ;7680 ;IMPORT7680;De 10:00 a 18:00 R60 ;10:00 ;18:00 ;15 ;15 ;08:00 ;60 ;7:00;13:10 ;14:10 ;1
2697 ;7681 ;IMPORT7681;De 07:00 a 15:00 R60 ;07:00 ;15:00 ;30 ;0 ;08:00 ;60 ;7:00;12:00 ;13:00 ;1
2698 ;7682 ;IMPORT7682;De 08:00 a 16:00 R60 ;08:00 ;16:00 ;15 ;15 ;08:00 ;60 ;7:00;11:50 ;12:50 ;1
2699 ;7683 ;IMPORT7683;De 12:00 a 20:00 R60 ;12:00 ;20:00 ;15 ;15 ;08:00 ;60 ;7:00;17:00 ;18:00 ;1
2700 ;7684 ;IMPORT7684;De 00:00 a 08:30 R30 ;00:00 ;08:30 ;15 ;15 ;08:30 ;30 ;8:00;04:05 ;04:35 ;1
2701 ;7685 ;IMPORT7685;De 07:00 a 15:30 R30 ;07:00 ;15:30 ;15 ;15 ;08:30 ;30 ;8:00;11:05 ;11:35 ;1
2702 ;7686 ;IMPORT7686;De 08:30 a 17:00 R60 ;08:30 ;17:00 ;15 ;15 ;08:30 ;60 ;7:30;12:45 ;13:45 ;1
2703 ;7687 ;IMPORT7687;De 06:00 a 14:30 R30 ;06:00 ;14:30 ;15 ;15 ;08:30 ;30 ;8:00;11:15 ;11:45 ;1
2704 ;7688 ;IMPORT7688;De 06:00 a 14:30 R30 ;06:00 ;14:30 ;15 ;15 ;08:30 ;30 ;8:00;11:30 ;12:00 ;1
2705 ;7689 ;IMPORT7689;De 06:30 a 15:00 R30 ;06:30 ;15:00 ;15 ;15 ;08:30 ;30 ;8:00;12:15 ;12:45 ;1
2706 ;7690 ;IMPORT7690;De 07:30 a 16:00 R30 ;07:30 ;16:00 ;15 ;15 ;08:30 ;30 ;8:00;12:00 ;12:30 ;1
2707 ;7691 ;IMPORT7691;De 07:30 a 16:00 R30 ;07:30 ;16:00 ;15 ;15 ;08:30 ;30 ;8:00;13:15 ;13:45 ;1
2708 ;7692 ;IMPORT7692;De 10:30 a 21:00 R60 ;10:30 ;21:00 ;15 ;15 ;10:30 ;60 ;9:30;13:00 ;14:00 ;0
2709 ;7693 ;IMPORT7693;De 11:00 a 21:00 R60 ;11:00 ;21:00 ;15 ;15 ;10:00 ;60 ;9:00;13:45 ;14:45 ;0
2710 ;7694 ;IMPORT7694;De 06:00 a 15:00 R60 ;06:00 ;15:00 ;15 ;15 ;09:00 ;60 ;8:00;10:55 ;11:55 ;1
2711 ;7695 ;IMPORT7695;De 20:30 a 05:00 R0 ;20:30 ;05:00 ;15 ;15 ;08:30 ;0 ;8:30;;;1
2712 ;7696 ;IMPORT7696;De 16:00 a 01:00 R60 ;16:00 ;01:00 ;15 ;15 ;09:00 ;60 ;8:00;21:10 ;22:10 ;1
2713 ;7697 ;IMPORT7697;De 00:30 a 09:30 R60 ;00:30 ;09:30 ;15 ;15 ;09:00 ;60 ;8:00;06:00 ;07:00 ;1
2714 ;7698 ;IMPORT7698;De 01:30 a 10:30 R60 ;01:30 ;10:30 ;15 ;15 ;09:00 ;60 ;8:00;06:00 ;07:00 ;1
2715 ;7699 ;IMPORT7699;De 06:00 a 14:00 R60 ;06:00 ;14:00 ;15 ;15 ;08:00 ;60 ;7:00;10:10 ;11:10 ;1
2716 ;7700 ;IMPORT7700;De 11:00 a 22:00 R60 ;11:00 ;22:00 ;15 ;15 ;11:00 ;60 ;10:00;14:10 ;15:10 ;0
2717 ;7701 ;IMPORT7701;De 11:00 a 22:00 R60 ;11:00 ;22:00 ;15 ;15 ;11:00 ;60 ;10:00;14:40 ;15:40 ;0
2718 ;7702 ;IMPORT7702;De 04:30 a 09:30 R0 ;04:30 ;09:30 ;15 ;0 ;05:00 ;0 ;5:00;;;0
2719 ;7703 ;IMPORT7703;De 06:00 a 14:30 R30 ;06:00 ;14:30 ;15 ;15 ;08:30 ;30 ;8:00;11:45 ;12:15 ;1
2720 ;7704 ;IMPORT7704;De 07:30 a 16:00 R30 ;07:30 ;16:00 ;15 ;15 ;08:30 ;30 ;8:00;13:00 ;13:30 ;1
2721 ;7705 ;IMPORT7705;De 02:00 a 10:30 R0 ;02:00 ;10:30 ;15 ;15 ;08:30 ;0 ;8:30;;;1
2722 ;7706 ;IMPORT7706;De 02:30 a 11:00 R0 ;02:30 ;11:00 ;15 ;15 ;08:30 ;0 ;8:30;;;1
2723 ;7707 ;IMPORT7707;De 06:30 a 16:30 R60 ;06:30 ;16:30 ;15 ;15 ;10:00 ;60 ;9:00;10:15 ;11:15 ;0
2724 ;7708 ;IMPORT7708;De 11:30 a 21:00 R60 ;11:30 ;21:00 ;15 ;15 ;09:30 ;60 ;8:30;14:30 ;15:30 ;1
2725 ;7709 ;IMPORT7709;De 11:30 a 21:00 R60 ;11:30 ;21:00 ;15 ;15 ;09:30 ;60 ;8:30;14:45 ;15:45 ;1
2726 ;7710 ;IMPORT7710;De 11:30 a 21:00 R60 ;11:30 ;21:00 ;15 ;15 ;09:30 ;60 ;8:30;15:15 ;16:15 ;1
2727 ;7711 ;IMPORT7711;De 12:30 a 21:30 R60 ;12:30 ;21:30 ;15 ;15 ;09:00 ;60 ;8:00;15:50 ;16:50 ;1
2728 ;7712 ;IMPORT7712;De 11:00 a 21:00 R60 ;11:00 ;21:00 ;15 ;15 ;10:00 ;60 ;9:00;14:20 ;15:20 ;0
2729 ;7713 ;IMPORT7713;De 00:00 a 08:00 R60 ;00:00 ;08:00 ;15 ;15 ;08:00 ;60 ;7:00;03:15 ;04:15 ;1
2730 ;7714 ;IMPORT7714;De 09:30 a 18:30 R60 ;09:30 ;18:30 ;15 ;15 ;09:00 ;60 ;8:00;12:50 ;13:50 ;1
2731 ;7715 ;IMPORT7715;De 08:00 a 19:00 R60 ;08:00 ;19:00 ;15 ;15 ;11:00 ;60 ;10:00;11:55 ;12:55 ;0
2732 ;7716 ;IMPORT7716;De 00:00 a 09:00 R60 ;00:00 ;09:00 ;30 ;0 ;09:00 ;60 ;8:00;05:30 ;06:30 ;1
2733 ;7717 ;IMPORT7717;De 11:30 a 20:00 R60 ;11:30 ;20:00 ;15 ;15 ;08:30 ;60 ;7:30;15:15 ;16:15 ;1
2734 ;7718 ;IMPORT7718;De 08:30 a 17:00 R60 ;08:30 ;17:00 ;15 ;15 ;08:30 ;60 ;7:30;12:05 ;13:05 ;1
2735 ;7719 ;IMPORT7719;De 11:30 a 20:00 R60 ;11:30 ;20:00 ;15 ;15 ;08:30 ;60 ;7:30;14:00 ;15:00 ;1
2736 ;7720 ;IMPORT7720;De 11:30 a 20:00 R60 ;11:30 ;20:00 ;15 ;15 ;08:30 ;60 ;7:30;15:00 ;16:00 ;1
2737 ;7721 ;IMPORT7721;De 06:30 a 15:30 R60 ;06:30 ;15:30 ;15 ;15 ;09:00 ;60 ;8:00;10:35 ;11:35 ;1
2738 ;7722 ;IMPORT7722;De 08:00 a 16:00 R60 ;08:00 ;16:00 ;15 ;15 ;08:00 ;60 ;7:00;13:15 ;14:15 ;1
2739 ;7723 ;IMPORT7723;De 08:00 a 16:30 R60 ;08:00 ;16:30 ;15 ;15 ;08:30 ;60 ;7:30;13:00 ;14:00 ;1
2740 ;7724 ;IMPORT7724;De 08:30 a 17:00 R60 ;08:30 ;17:00 ;15 ;15 ;08:30 ;60 ;7:30;11:00 ;12:00 ;1
2741 ;7725 ;IMPORT7725;De 09:00 a 17:30 R60 ;09:00 ;17:30 ;15 ;15 ;08:30 ;60 ;7:30;13:15 ;14:15 ;1
2742 ;7726 ;IMPORT7726;De 09:00 a 17:30 R60 ;09:00 ;17:30 ;15 ;15 ;08:30 ;60 ;7:30;13:30 ;14:30 ;1
2743 ;7727 ;IMPORT7727;De 10:30 a 19:00 R60 ;10:30 ;19:00 ;15 ;15 ;08:30 ;60 ;7:30;14:15 ;15:15 ;1
2744 ;7728 ;IMPORT7728;De 07:00 a 15:00 R60 ;07:00 ;15:00 ;15 ;15 ;08:00 ;60 ;7:00;11:45 ;12:45 ;1
2745 ;7729 ;IMPORT7729;De 07:00 a 15:30 R30 ;07:00 ;15:30 ;15 ;15 ;08:30 ;30 ;8:00;10:30 ;11:00 ;1
2746 ;7730 ;IMPORT7730;De 07:00 a 15:30 R30 ;07:00 ;15:30 ;15 ;15 ;08:30 ;30 ;8:00;12:45 ;13:15 ;1
2747 ;7731 ;IMPORT7731;De 05:30 a 14:30 R60 ;05:30 ;14:30 ;30 ;0 ;09:00 ;60 ;8:00;10:00 ;11:00 ;1
2748 ;7732 ;IMPORT7732;De 07:30 a 15:30 R60 ;07:30 ;15:30 ;15 ;15 ;08:00 ;60 ;7:00;12:15 ;13:15 ;1
2749 ;7733 ;IMPORT7733;De 01:00 a 10:00 R60 ;01:00 ;10:00 ;15 ;15 ;09:00 ;60 ;8:00;06:45 ;07:45 ;1
2750 ;8315 ;IMPORT7733;De 07:30 a 15:30 R30 ;07:30 ;15:30 ;15 ;15 ;08:00 ;30 ;7:30;12:00 ;12:30 ;1
2751 ;8316 ;IMPORT7734;De 07:30 a 15:00 R30 ;07:30 ;15:00 ;15 ;15 ;07:30 ;30 ;7:00;11:45 ;12:15 ;1
2752 ;7734 ;IMPORT7734;De 06:30 a 16:30 R60 ;06:30 ;16:30 ;15 ;15 ;10:00 ;60 ;9:00;11:00 ;12:00 ;0
2753 ;7735 ;IMPORT7735;De 13:00 a 22:00 R60 ;13:00 ;22:00 ;15 ;15 ;09:00 ;60 ;8:00;17:25 ;18:25 ;1
2754 ;8317 ;IMPORT7735;De 08:00 a 15:30 R30 ;08:00 ;15:30 ;15 ;15 ;07:30 ;30 ;7:00;12:30 ;13:00 ;1
2755 ;8318 ;IMPORT7736;De 10:00 a 17:30 R30 ;10:00 ;17:30 ;15 ;15 ;07:30 ;30 ;7:00;13:00 ;13:30 ;1
2756 ;7736 ;IMPORT7736;De 10:30 a 21:30 R60 ;10:30 ;21:30 ;15 ;15 ;11:00 ;60 ;10:00;14:40 ;15:40 ;0
2757 ;7737 ;IMPORT7737;De 23:30 a 07:30 R60 ;23:30 ;07:30 ;15 ;15 ;08:00 ;60 ;7:00;03:30 ;04:30 ;1
2758 ;8319 ;IMPORT7737;De 12:00 a 19:30 R30 ;12:00 ;19:30 ;15 ;15 ;07:30 ;30 ;7:00;14:00 ;14:30 ;1
2759 ;8320 ;IMPORT7738;De 08:30 a 16:30 R30 ;08:30 ;16:30 ;15 ;15 ;08:00 ;30 ;7:30;13:00 ;13:30 ;1
2760 ;7738 ;IMPORT7738;De 09:00 a 19:00 R60 ;09:00 ;19:00 ;15 ;15 ;10:00 ;60 ;9:00;13:40 ;14:40 ;0
2761 ;7739 ;IMPORT7739;De 10:30 a 21:30 R60 ;10:30 ;21:30 ;15 ;15 ;11:00 ;60 ;10:00;14:00 ;15:00 ;0
2762 ;8321 ;IMPORT7739;De 09:30 a 17:00 R30 ;09:30 ;17:00 ;15 ;15 ;07:30 ;30 ;7:00;12:45 ;13:15 ;1
2763 ;8322 ;IMPORT7740;De 09:00 a 16:30 R30 ;09:00 ;16:30 ;15 ;15 ;07:30 ;30 ;7:00;13:00 ;13:30 ;1
2764 ;7740 ;IMPORT7740;De 10:30 a 21:30 R60 ;10:30 ;21:30 ;15 ;15 ;11:00 ;60 ;10:00;14:15 ;15:15 ;0
2765 ;7741 ;IMPORT7741;De 02:30 a 10:30 R60 ;02:30 ;10:30 ;15 ;15 ;08:00 ;60 ;7:00;06:25 ;07:25 ;1
2766 ;8323 ;IMPORT7741;De 11:00 a 18:30 R30 ;11:00 ;18:30 ;15 ;15 ;07:30 ;30 ;7:00;14:00 ;14:30 ;1
2767 ;8324 ;IMPORT7742;De 12:30 a 20:00 R30 ;12:30 ;20:00 ;15 ;15 ;07:30 ;30 ;7:00;14:00 ;14:30 ;1
2768 ;7742 ;IMPORT7742;De 04:30 a 12:30 R60 ;04:30 ;12:30 ;15 ;15 ;08:00 ;60 ;7:00;08:00 ;09:00 ;1
2769 ;7743 ;IMPORT7743;De 03:00 a 12:00 R60 ;03:00 ;12:00 ;15 ;15 ;09:00 ;60 ;8:00;08:45 ;09:45 ;1
2770 ;8325 ;IMPORT7743;De 12:00 a 20:00 R30 ;12:00 ;20:00 ;15 ;15 ;08:00 ;30 ;7:30;14:00 ;14:30 ;1
2771 ;8326 ;IMPORT7744;De 11:00 a 19:00 R30 ;11:00 ;19:00 ;15 ;15 ;08:00 ;30 ;7:30;14:00 ;14:30 ;1
2772 ;7744 ;IMPORT7744;De 09:30 a 19:30 R60 ;09:30 ;19:30 ;15 ;15 ;10:00 ;60 ;9:00;13:55 ;14:55 ;0
2773 ;7745 ;IMPORT7745;De 10:00 a 21:00 R60 ;10:00 ;21:00 ;15 ;15 ;11:00 ;60 ;10:00;14:10 ;15:10 ;0
2774 ;8327 ;IMPORT7745;De 06:00 a 14:30 R30 ;06:00 ;14:30 ;15 ;15 ;08:30 ;30 ;8:00;11:30 ;12:00 ;1
2775 ;8328 ;IMPORT7746;De 08:30 a 16:00 R30 ;08:30 ;16:00 ;15 ;15 ;07:30 ;30 ;7:00;12:15 ;12:45 ;1
2776 ;7746 ;IMPORT7746;De 10:30 a 21:30 R60 ;10:30 ;21:30 ;15 ;15 ;11:00 ;60 ;10:00;14:25 ;15:25 ;0
2777 ;7747 ;IMPORT7747;De 10:30 a 21:30 R60 ;10:30 ;21:30 ;15 ;15 ;11:00 ;60 ;10:00;18:15 ;19:15 ;0
2778 ;8329 ;IMPORT7747;De 09:00 a 17:00 R30 ;09:00 ;17:00 ;15 ;15 ;08:00 ;30 ;7:30;12:00 ;12:30 ;1
2779 ;8330 ;IMPORT7747;De 12:30 a 20:30 R30 ;12:30 ;20:30 ;15 ;15 ;08:00 ;30 ;7:30;14:30 ;15:00 ;1
2780 ;8331 ;IMPORT7747;De 06:30 a 14:30 R30 ;06:30 ;14:30 ;15 ;15 ;08:00 ;30 ;7:30;11:30 ;12:00 ;1
2781 ;8332 ;IMPORT7747;De 06:00 a 14:00 R30 ;06:00 ;14:00 ;15 ;15 ;08:00 ;30 ;7:30;11:30 ;12:00 ;1
2782 ;7748 ;IMPORT7748;De 11:00 a 21:00 R60 ;11:00 ;21:00 ;15 ;15 ;10:00 ;60 ;9:00;15:40 ;16:40 ;0
2783 ;7749 ;IMPORT7749;De 09:30 a 20:30 R60 ;09:30 ;20:30 ;15 ;15 ;11:00 ;60 ;10:00;13:25 ;14:25 ;0
2784 ;7750 ;IMPORT7750;De 11:00 a 21:00 R60 ;11:00 ;21:00 ;15 ;15 ;10:00 ;60 ;9:00;14:40 ;15:40 ;0
2785 ;7751 ;IMPORT7751;De 11:00 a 21:00 R60 ;11:00 ;21:00 ;15 ;15 ;10:00 ;60 ;9:00;14:45 ;15:45 ;0
2786 ;7752 ;IMPORT7752;De 12:30 a 20:30 R60 ;12:30 ;20:30 ;30 ;0 ;08:00 ;60 ;7:00;14:30 ;15:30 ;1
2787 ;7753 ;IMPORT7753;De 09:00 a 17:00 R60 ;09:00 ;17:00 ;30 ;0 ;08:00 ;60 ;7:00;13:45 ;14:45 ;1
2788 ;7754 ;IMPORT7754;De 10:00 a 18:00 R60 ;10:00 ;18:00 ;30 ;0 ;08:00 ;60 ;7:00;14:45 ;15:45 ;1
2789 ;7755 ;IMPORT7755;De 09:30 a 17:30 R60 ;09:30 ;17:30 ;30 ;0 ;08:00 ;60 ;7:00;14:30 ;15:30 ;1
2790 ;7756 ;IMPORT7756;De 11:00 a 21:00 R60 ;11:00 ;21:00 ;15 ;15 ;10:00 ;60 ;9:00;16:20 ;17:20 ;0
2791 ;7757 ;IMPORT7757;De 11:00 a 21:00 R60 ;11:00 ;21:00 ;15 ;15 ;10:00 ;60 ;9:00;16:25 ;17:25 ;0
2792 ;7758 ;IMPORT7758;De 11:00 a 21:00 R60 ;11:00 ;21:00 ;15 ;15 ;10:00 ;60 ;9:00;17:20 ;18:20 ;0
2793 ;7759 ;IMPORT7759;De 07:30 a 16:00 R60 ;07:30 ;16:00 ;15 ;15 ;08:30 ;60 ;7:30;13:00 ;14:00 ;1
2794 ;7760 ;IMPORT7760;De 09:00 a 17:30 R30 ;09:00 ;17:30 ;15 ;15 ;08:30 ;30 ;8:00;14:45 ;15:15 ;1
2795 ;7761 ;IMPORT7761;De 21:00 a 06:00 R60 ;21:00 ;06:00 ;30 ;0 ;09:00 ;60 ;8:00;00:30 ;01:30 ;1
2796 ;7762 ;IMPORT7762;De 06:00 a 14:00 R60 ;06:00 ;14:00 ;30 ;0 ;08:00 ;60 ;7:00;11:45 ;12:45 ;1
2797 ;7763 ;IMPORT7763;De 06:00 a 16:00 R60 ;06:00 ;16:00 ;30 ;0 ;10:00 ;60 ;9:00;14:00 ;15:00 ;0
2798 ;7764 ;IMPORT7764;De 12:00 a 22:00 R60 ;12:00 ;22:00 ;30 ;0 ;10:00 ;60 ;9:00;14:00 ;15:00 ;0
2799 ;7765 ;IMPORT7765;De 09:00 a 19:00 R60 ;09:00 ;19:00 ;15 ;15 ;10:00 ;60 ;9:00;12:40 ;13:40 ;0
2800 ;7766 ;IMPORT7766;De 12:30 a 21:30 R60 ;12:30 ;21:30 ;15 ;15 ;09:00 ;60 ;8:00;17:10 ;18:10 ;1
2801 ;7767 ;IMPORT7767;De 05:30 a 14:30 R60 ;05:30 ;14:30 ;30 ;0 ;09:00 ;60 ;8:00;11:30 ;12:30 ;1
2802 ;7768 ;IMPORT7768;De 06:00 a 14:00 R60 ;06:00 ;14:00 ;15 ;15 ;08:00 ;60 ;7:00;10:45 ;11:45 ;1
2803 ;7769 ;IMPORT7769;De 06:00 a 16:00 R60 ;06:00 ;16:00 ;15 ;15 ;10:00 ;60 ;9:00;10:40 ;11:40 ;0
2804 ;7770 ;IMPORT7770;De 09:30 a 18:00 R30 ;09:30 ;18:00 ;15 ;15 ;08:30 ;30 ;8:00;15:15 ;15:45 ;1
2805 ;7771 ;IMPORT7771;De 09:00 a 18:00 R60 ;09:00 ;18:00 ;15 ;15 ;09:00 ;60 ;8:00;13:50 ;14:50 ;1
2806 ;7772 ;IMPORT7772;De 13:00 a 22:00 R60 ;13:00 ;22:00 ;15 ;15 ;09:00 ;60 ;8:00;17:35 ;18:35 ;1
2807 ;7773 ;IMPORT7773;De 10:00 a 19:00 R60 ;10:00 ;19:00 ;15 ;15 ;09:00 ;60 ;8:00;14:50 ;15:50 ;1
2808 ;7774 ;IMPORT7774;De 08:30 a 19:30 R60 ;08:30 ;19:30 ;15 ;15 ;11:00 ;60 ;10:00;11:35 ;12:35 ;0
2809 ;7775 ;IMPORT7775;De 10:00 a 20:00 R60 ;10:00 ;20:00 ;15 ;15 ;10:00 ;60 ;9:00;14:10 ;15:10 ;0
2810 ;7776 ;IMPORT7776;De 07:00 a 17:00 R60 ;07:00 ;17:00 ;15 ;15 ;10:00 ;60 ;9:00;12:05 ;13:05 ;0
2811 ;7777 ;IMPORT7777;De 08:30 a 19:30 R60 ;08:30 ;19:30 ;15 ;15 ;11:00 ;60 ;10:00;12:35 ;13:35 ;0
2812 ;7778 ;IMPORT7778;De 06:00 a 17:00 R60 ;06:00 ;17:00 ;15 ;15 ;11:00 ;60 ;10:00;11:05 ;12:05 ;0
2813 ;7779 ;IMPORT7779;De 07:30 a 17:30 R60 ;07:30 ;17:30 ;15 ;15 ;10:00 ;60 ;9:00;13:25 ;14:25 ;0
2814 ;7780 ;IMPORT7780;De 07:30 a 17:30 R60 ;07:30 ;17:30 ;15 ;15 ;10:00 ;60 ;9:00;11:55 ;12:55 ;0
2815 ;7781 ;IMPORT7781;De 10:30 a 19:00 R60 ;10:30 ;19:00 ;15 ;15 ;08:30 ;60 ;7:30;14:30 ;15:30 ;1
2816 ;7782 ;IMPORT7782;De 10:30 a 19:00 R60 ;10:30 ;19:00 ;15 ;15 ;08:30 ;60 ;7:30;14:45 ;15:45 ;1
2817 ;7783 ;IMPORT7783;De 09:00 a 17:30 R60 ;09:00 ;17:30 ;15 ;15 ;08:30 ;60 ;7:30;13:00 ;14:00 ;1
2818 ;7784 ;IMPORT7784;De 09:00 a 17:30 R60 ;09:00 ;17:30 ;15 ;15 ;08:30 ;60 ;7:30;13:45 ;14:45 ;1
2819 ;7785 ;IMPORT7785;De 06:00 a 16:00 R60 ;06:00 ;16:00 ;15 ;15 ;10:00 ;60 ;9:00;11:55 ;12:55 ;0
2820 ;7786 ;IMPORT7786;De 08:00 a 16:30 R60 ;08:00 ;16:30 ;15 ;15 ;08:30 ;60 ;7:30;12:30 ;13:30 ;1
2821 ;7787 ;IMPORT7787;De 08:30 a 17:00 R60 ;08:30 ;17:00 ;15 ;15 ;08:30 ;60 ;7:30;14:00 ;15:00 ;1
2822 ;7788 ;IMPORT7788;De 09:30 a 20:30 R60 ;09:30 ;20:30 ;15 ;15 ;11:00 ;60 ;10:00;13:55 ;14:55 ;0
2823 ;7789 ;IMPORT7789;De 08:00 a 16:30 R60 ;08:00 ;16:30 ;15 ;15 ;08:30 ;60 ;7:30;13:30 ;14:30 ;1
2824 ;7790 ;IMPORT7790;De 07:15 a 15:15 R60 ;07:15 ;15:15 ;15 ;15 ;08:00 ;60 ;7:00;11:45 ;12:45 ;1
2825 ;7791 ;IMPORT7791;De 09:15 a 18:15 R60 ;09:15 ;18:15 ;15 ;15 ;09:00 ;60 ;8:00;13:45 ;14:45 ;1
2826 ;7792 ;IMPORT7792;De 21:00 a 06:00 R60 ;21:00 ;06:00 ;30 ;0 ;09:00 ;60 ;8:00;00:00 ;01:00 ;1
2827 ;7793 ;IMPORT7793;De 09:30 a 19:30 R60 ;09:30 ;19:30 ;15 ;15 ;10:00 ;60 ;9:00;14:25 ;15:25 ;0
2828 ;7794 ;IMPORT7794;De 17:30 a 02:30 R60 ;17:30 ;02:30 ;15 ;15 ;09:00 ;60 ;8:00;22:45 ;23:45 ;1
2829 ;7795 ;IMPORT7795;De 19:30 a 04:30 R60 ;19:30 ;04:30 ;15 ;15 ;09:00 ;60 ;8:00;23:30 ;00:30 ;1
2830 ;7796 ;IMPORT7796;De 06:30 a 14:30 R60 ;06:30 ;14:30 ;15 ;15 ;08:00 ;60 ;7:00;11:15 ;12:15 ;1
2831 ;7797 ;IMPORT7797;De 00:00 a 08:00 R60 ;00:00 ;08:00 ;15 ;15 ;08:00 ;60 ;7:00;04:15 ;05:15 ;1
2832 ;7798 ;IMPORT7798;De 00:30 a 09:30 R60 ;00:30 ;09:30 ;15 ;15 ;09:00 ;60 ;8:00;05:45 ;06:45 ;1
2833 ;7799 ;IMPORT7799;De 01:30 a 09:30 R60 ;01:30 ;09:30 ;15 ;15 ;08:00 ;60 ;7:00;04:45 ;05:45 ;1
2834 ;7800 ;IMPORT7800;De 02:00 a 11:00 R60 ;02:00 ;11:00 ;15 ;15 ;09:00 ;60 ;8:00;06:15 ;07:15 ;1
2835 ;7801 ;IMPORT7801;De 18:30 a 03:30 R60 ;18:30 ;03:30 ;15 ;15 ;09:00 ;60 ;8:00;22:15 ;23:15 ;1
2836 ;7802 ;IMPORT7802;De 01:00 a 10:00 R60 ;01:00 ;10:00 ;15 ;15 ;09:00 ;60 ;8:00;04:15 ;05:15 ;1
2837 ;7803 ;IMPORT7803;De 04:00 a 13:00 R60 ;04:00 ;13:00 ;30 ;0 ;09:00 ;60 ;8:00;10:30 ;11:30 ;1
2838 ;7804 ;IMPORT7804;De 06:00 a 17:00 R60 ;06:00 ;17:00 ;15 ;15 ;11:00 ;60 ;10:00;09:45 ;10:45 ;0
2839 ;7805 ;IMPORT7805;De 06:30 a 15:00 R30 ;06:30 ;15:00 ;15 ;15 ;08:30 ;30 ;8:00;12:00 ;12:30 ;1
2840 ;7806 ;IMPORT7806;De 12:30 a 20:30 R60 ;12:30 ;20:30 ;15 ;15 ;08:00 ;60 ;7:00;15:15 ;16:15 ;1
2841 ;7817 ;IMPORT7806;De 08:30 a 18:30 R15 ;08:30 ;18:30 ;15 ;15 ;10:00 ;15 ;9:45;16:00 ;16:15 ;0
2842 ;7807 ;IMPORT7807;De 19:00 a 03:00 R60 ;19:00 ;03:00 ;15 ;15 ;08:00 ;60 ;7:00;22:30 ;23:30 ;1
2843 ;7808 ;IMPORT7808;De 08:00 a 18:00 R60 ;08:00 ;18:00 ;15 ;15 ;10:00 ;60 ;9:00;12:50 ;13:50 ;0
2844 ;7809 ;IMPORT7809;De 13:00 a 22:00 R60 ;13:00 ;22:00 ;15 ;15 ;09:00 ;60 ;8:00;17:20 ;18:20 ;1
2845 ;7810 ;IMPORT7810;De 09:00 a 17:00 R60 ;09:00 ;17:00 ;15 ;15 ;08:00 ;60 ;7:00;11:00 ;12:00 ;1
2846 ;7811 ;IMPORT7811;De 10:30 a 19:00 R60 ;10:30 ;19:00 ;15 ;15 ;08:30 ;60 ;7:30;13:00 ;14:00 ;1
2847 ;7812 ;IMPORT7812;De 02:30 a 11:30 R60 ;02:30 ;11:30 ;15 ;15 ;09:00 ;60 ;8:00;08:15 ;09:15 ;1
2848 ;7813 ;IMPORT7813;De 11:00 a 20:00 R60 ;11:00 ;20:00 ;15 ;15 ;09:00 ;60 ;8:00;14:35 ;15:35 ;1
2849 ;7814 ;IMPORT7814;De 11:00 a 20:00 R60 ;11:00 ;20:00 ;15 ;15 ;09:00 ;60 ;8:00;15:35 ;16:35 ;1
2850 ;7815 ;IMPORT7815;De 11:30 a 20:30 R60 ;11:30 ;20:30 ;15 ;15 ;09:00 ;60 ;8:00;17:05 ;18:05 ;1
2851 ;7816 ;IMPORT7816;De 11:30 a 20:30 R60 ;11:30 ;20:30 ;15 ;15 ;09:00 ;60 ;8:00;16:05 ;17:05 ;1
2852 ;7819 ;IMPORT7819;De 07:30 a 16:00 R60 ;07:30 ;16:00 ;15 ;15 ;08:30 ;60 ;7:30;11:25 ;12:25 ;1
2853 ;7820 ;IMPORT7820;De 16:00 a 00:00 R60 ;16:00 ;00:00 ;15 ;15 ;08:00 ;60 ;7:00;20:45 ;21:45 ;1
2854 ;7821 ;IMPORT7821;De 09:15 a 18:15 R60 ;09:15 ;18:15 ;15 ;15 ;09:00 ;60 ;8:00;14:45 ;15:45 ;1
2855 ;7822 ;IMPORT7822;De 18:00 a 02:00 R60 ;18:00 ;02:00 ;15 ;15 ;08:00 ;60 ;7:00;21:30 ;22:30 ;1
2856 ;7823 ;IMPORT7823;De 08:00 a 18:30 R60 ;08:00 ;18:30 ;15 ;15 ;10:30 ;60 ;9:30;11:40 ;12:40 ;0
2857 ;7824 ;IMPORT7824;De 00:00 a 09:00 R60 ;00:00 ;09:00 ;15 ;15 ;09:00 ;60 ;8:00;03:00 ;04:00 ;1
2858 ;7825 ;IMPORT7825;De 17:30 a 01:30 R60 ;17:30 ;01:30 ;15 ;15 ;08:00 ;60 ;7:00;22:00 ;23:00 ;1
2859 ;7826 ;IMPORT7826;De 19:00 a 03:00 R60 ;19:00 ;03:00 ;15 ;15 ;08:00 ;60 ;7:00;23:00 ;00:00 ;1
2860 ;7827 ;IMPORT7827;De 09:30 a 20:30 R60 ;09:30 ;20:30 ;15 ;15 ;11:00 ;60 ;10:00;15:55 ;16:55 ;0
2861 ;7828 ;IMPORT7828;De 20:00 a 04:00 R60 ;20:00 ;04:00 ;15 ;15 ;08:00 ;60 ;7:00;23:45 ;00:45 ;1
2862 ;7829 ;IMPORT7829;De 14:00 a 22:00 R60 ;14:00 ;22:00 ;15 ;15 ;08:00 ;60 ;7:00;17:10 ;18:10 ;1
2863 ;7830 ;IMPORT7830;De 06:00 a 17:00 R60 ;06:00 ;17:00 ;15 ;15 ;11:00 ;60 ;10:00;09:15 ;10:15 ;0
2864 ;7831 ;IMPORT7831;De 09:30 a 20:30 R60 ;09:30 ;20:30 ;15 ;15 ;11:00 ;60 ;10:00;16:25 ;17:25 ;0
2865 ;7832 ;IMPORT7832;De 09:30 a 20:30 R60 ;09:30 ;20:30 ;15 ;15 ;11:00 ;60 ;10:00;15:20 ;16:20 ;0
2866 ;7833 ;IMPORT7833;De 11:00 a 22:00 R60 ;11:00 ;22:00 ;15 ;15 ;11:00 ;60 ;10:00;14:20 ;15:20 ;0
2867 ;7834 ;IMPORT7834;De 10:30 a 19:30 R60 ;10:30 ;19:30 ;15 ;15 ;09:00 ;60 ;8:00;15:05 ;16:05 ;1
2868 ;7835 ;IMPORT7835;De 07:00 a 17:00 R60 ;07:00 ;17:00 ;15 ;15 ;10:00 ;60 ;9:00;11:40 ;12:40 ;0
2869 ;7836 ;IMPORT7836;De 09:30 a 19:30 R60 ;09:30 ;19:30 ;15 ;15 ;10:00 ;60 ;9:00;14:55 ;15:55 ;0
2870 ;7837 ;IMPORT7837;De 08:30 a 17:00 R60 ;08:30 ;17:00 ;15 ;15 ;08:30 ;60 ;7:30;10:30 ;11:30 ;1
2871 ;7838 ;IMPORT7838;De 06:30 a 17:30 R60 ;06:30 ;17:30 ;15 ;15 ;11:00 ;60 ;10:00;10:15 ;11:15 ;0
2872 ;7839 ;IMPORT7839;De 10:00 a 19:00 R60 ;10:00 ;19:00 ;15 ;15 ;09:00 ;60 ;8:00;14:35 ;15:35 ;1
2873 ;7840 ;IMPORT7840;De 13:30 a 22:30 R60 ;13:30 ;22:30 ;15 ;15 ;09:00 ;60 ;8:00;17:15 ;18:15 ;1
2874 ;7841 ;IMPORT7841;De 06:45 a 15:45 R60 ;06:45 ;15:45 ;15 ;15 ;09:00 ;60 ;8:00;10:50 ;11:50 ;1
2875 ;7842 ;IMPORT7842;De 07:00 a 15:30 R60 ;07:00 ;15:30 ;15 ;15 ;08:30 ;60 ;7:30;10:35 ;11:35 ;1
2876 ;7843 ;IMPORT7843;De 07:00 a 15:30 R60 ;07:00 ;15:30 ;15 ;15 ;08:30 ;60 ;7:30;11:05 ;12:05 ;1
2877 ;7844 ;IMPORT7844;De 07:30 a 16:00 R60 ;07:30 ;16:00 ;15 ;15 ;08:30 ;60 ;7:30;11:05 ;12:05 ;1
2878 ;7845 ;IMPORT7845;De 08:00 a 16:30 R60 ;08:00 ;16:30 ;15 ;15 ;08:30 ;60 ;7:30;11:35 ;12:35 ;1
2879 ;7846 ;IMPORT7846;De 13:30 a 22:00 R60 ;13:30 ;22:00 ;15 ;15 ;08:30 ;60 ;7:30;16:00 ;17:00 ;1
2880 ;7847 ;IMPORT7847;De 05:30 a 13:30 R60 ;05:30 ;13:30 ;15 ;15 ;08:00 ;60 ;7:00;08:45 ;09:45 ;1
2881 ;7848 ;IMPORT7848;De 07:30 a 17:00 R60 ;07:30 ;17:00 ;15 ;15 ;09:30 ;60 ;8:30;12:10 ;13:10 ;1
2882 ;7849 ;IMPORT7849;De 15:00 a 23:00 R60 ;15:00 ;23:00 ;15 ;15 ;08:00 ;60 ;7:00;18:40 ;19:40 ;1
2883 ;7850 ;IMPORT7850;De 17:30 a 01:30 R60 ;17:30 ;01:30 ;15 ;15 ;08:00 ;60 ;7:00;21:15 ;22:15 ;1
2884 ;7851 ;IMPORT7851;De 21:00 a 06:00 R60 ;21:00 ;06:00 ;15 ;15 ;09:00 ;60 ;8:00;02:00 ;03:00 ;1
2885 ;7852 ;IMPORT7852;De 09:00 a 18:00 R60 ;09:00 ;18:00 ;15 ;15 ;09:00 ;60 ;8:00;15:15 ;16:15 ;1
2886 ;7853 ;IMPORT7853;De 05:30 a 14:30 R60 ;05:30 ;14:30 ;15 ;15 ;09:00 ;60 ;8:00;10:55 ;11:55 ;1
2887 ;7854 ;IMPORT7854;De 09:00 a 19:00 R60 ;09:00 ;19:00 ;15 ;15 ;10:00 ;60 ;9:00;14:25 ;15:25 ;0
2888 ;7855 ;IMPORT7855;De 18:30 a 03:30 R60 ;18:30 ;03:30 ;15 ;15 ;09:00 ;60 ;8:00;23:45 ;00:45 ;1
2889 ;7856 ;IMPORT7856;De 23:30 a 07:30 R60 ;23:30 ;07:30 ;15 ;15 ;08:00 ;60 ;7:00;02:30 ;03:30 ;1
2890 ;7857 ;IMPORT7857;De 19:30 a 04:30 R60 ;19:30 ;04:30 ;15 ;15 ;09:00 ;60 ;8:00;00:30 ;01:30 ;1
2891 ;7858 ;IMPORT7858;De 04:00 a 13:00 R60 ;04:00 ;13:00 ;30 ;0 ;09:00 ;60 ;8:00;10:00 ;11:00 ;1
2892 ;7859 ;IMPORT7859;De 02:30 a 07:30 R0 ;02:30 ;07:30 ;15 ;0 ;05:00 ;0 ;5:00;;;0
2893 ;7860 ;IMPORT7860;De 03:00 a 12:00 R60 ;03:00 ;12:00 ;30 ;0 ;09:00 ;60 ;8:00;09:30 ;10:30 ;1
2894 ;7861 ;IMPORT7861;De 21:30 a 05:30 R60 ;21:30 ;05:30 ;15 ;15 ;08:00 ;60 ;7:00;00:30 ;01:30 ;1
2895 ;7862 ;IMPORT7862;De 01:30 a 10:00 R0 ;01:30 ;10:00 ;15 ;15 ;08:30 ;0 ;8:30;;;1
2896 ;7863 ;IMPORT7863;De 11:00 a 22:00 R60 ;11:00 ;22:00 ;15 ;15 ;11:00 ;60 ;10:00;16:05 ;17:05 ;0
2897 ;7864 ;IMPORT7864;De 06:30 a 16:30 R60 ;06:30 ;16:30 ;15 ;15 ;10:00 ;60 ;9:00;13:00 ;14:00 ;0
2898 ;7865 ;IMPORT7865;De 11:00 a 19:30 R60 ;11:00 ;19:30 ;15 ;15 ;08:30 ;60 ;7:30;15:15 ;16:15 ;1
2899 ;7866 ;IMPORT7866;De 08:45 a 17:15 R60 ;08:45 ;17:15 ;15 ;15 ;08:30 ;60 ;7:30;14:00 ;15:00 ;1
2900 ;7867 ;IMPORT7867;De 01:00 a 09:00 R60 ;01:00 ;09:00 ;15 ;15 ;08:00 ;60 ;7:00;05:00 ;06:00 ;1
2901 ;7868 ;IMPORT7868;De 06:30 a 16:30 R60 ;06:30 ;16:30 ;15 ;15 ;10:00 ;60 ;9:00;12:25 ;13:25 ;0
2902 ;7869 ;IMPORT7869;De 14:00 a 22:00 R60 ;14:00 ;22:00 ;15 ;15 ;08:00 ;60 ;7:00;18:45 ;19:45 ;1
2903 ;7870 ;IMPORT7870;De 21:00 a 05:00 R60 ;21:00 ;05:00 ;15 ;15 ;08:00 ;60 ;7:00;00:45 ;01:45 ;1
2904 ;7871 ;IMPORT7871;De 06:00 a 14:30 R30 ;06:00 ;14:30 ;15 ;15 ;08:30 ;30 ;8:00;11:00 ;11:30 ;1
2905 ;7872 ;IMPORT7872;De 08:30 a 16:30 R60 ;08:30 ;16:30 ;15 ;15 ;08:00 ;60 ;7:00;13:15 ;14:15 ;1
2906 ;7873 ;IMPORT7873;De 02:30 a 11:30 R60 ;02:30 ;11:30 ;15 ;15 ;09:00 ;60 ;8:00;06:15 ;07:15 ;1
2907 ;7874 ;IMPORT7874;De 17:00 a 01:00 R60 ;17:00 ;01:00 ;15 ;15 ;08:00 ;60 ;7:00;21:30 ;22:30 ;1
2908 ;7875 ;IMPORT7875;De 18:00 a 03:00 R60 ;18:00 ;03:00 ;15 ;15 ;09:00 ;60 ;8:00;23:45 ;00:45 ;1
2909 ;7876 ;IMPORT7876;De 05:00 a 13:00 R60 ;05:00 ;13:00 ;15 ;15 ;08:00 ;60 ;7:00;09:15 ;10:15 ;1
2910 ;7877 ;IMPORT7877;De 17:30 a 02:00 R0 ;17:30 ;02:00 ;15 ;15 ;08:30 ;0 ;8:30;;;1
2911 ;7878 ;IMPORT7878;De 08:30 a 17:00 R60 ;08:30 ;17:00 ;15 ;15 ;08:30 ;60 ;7:30;13:45 ;14:45 ;1
2912 ;7879 ;IMPORT7879;De 09:30 a 18:00 R60 ;09:30 ;18:00 ;15 ;15 ;08:30 ;60 ;7:30;14:00 ;15:00 ;1
2913 ;7818 ;IMPORT788;De 08:30 a 18:30 R30 ;08:30 ;18:30 ;15 ;15 ;10:00 ;30 ;9:30;16:00 ;16:30 ;0
2914 ;7880 ;IMPORT7880;De 07:30 a 18:30 R60 ;07:30 ;18:30 ;15 ;15 ;11:00 ;60 ;10:00;12:25 ;13:25 ;0
2915 ;7881 ;IMPORT7881;De 11:00 a 21:00 R60 ;11:00 ;21:00 ;15 ;15 ;10:00 ;60 ;9:00;15:25 ;16:25 ;0
2916 ;7882 ;IMPORT7882;De 10:00 a 19:30 R60 ;10:00 ;19:30 ;15 ;15 ;09:30 ;60 ;8:30;14:45 ;15:45 ;1
2917 ;7883 ;IMPORT7883;De 06:00 a 14:00 R60 ;06:00 ;14:00 ;15 ;15 ;08:00 ;60 ;7:00;09:25 ;10:25 ;1
2918 ;7884 ;IMPORT7884;De 09:30 a 20:30 R60 ;09:30 ;20:30 ;15 ;15 ;11:00 ;60 ;10:00;14:10 ;15:10 ;0
2919 ;7885 ;IMPORT7885;De 05:30 a 14:30 R60 ;05:30 ;14:30 ;15 ;15 ;09:00 ;60 ;8:00;10:40 ;11:40 ;1
2920 ;7886 ;IMPORT7886;De 21:00 a 06:00 R60 ;21:00 ;06:00 ;30 ;0 ;09:00 ;60 ;8:00;01:30 ;02:30 ;1
2921 ;7887 ;IMPORT7887;De 21:30 a 05:30 R60 ;21:30 ;05:30 ;15 ;15 ;08:00 ;60 ;7:00;01:45 ;02:45 ;1
2922 ;7888 ;IMPORT7888;De 06:00 a 17:00 R60 ;06:00 ;17:00 ;15 ;15 ;11:00 ;60 ;10:00;13:25 ;14:25 ;0
2923 ;7889 ;IMPORT7889;De 02:00 a 10:00 R60 ;02:00 ;10:00 ;15 ;15 ;08:00 ;60 ;7:00;06:00 ;07:00 ;1
2924 ;7890 ;IMPORT7890;De 07:00 a 17:00 R60 ;07:00 ;17:00 ;15 ;15 ;10:00 ;60 ;9:00;12:10 ;13:10 ;0
2925 ;7891 ;IMPORT7891;De 08:45 a 17:45 R60 ;08:45 ;17:45 ;30 ;0 ;09:00 ;60 ;8:00;14:30 ;15:30 ;1
2926 ;7892 ;IMPORT7892;De 17:00 a 02:00 R60 ;17:00 ;02:00 ;15 ;15 ;09:00 ;60 ;8:00;21:45 ;22:45 ;1
2927 ;7893 ;IMPORT7893;De 11:00 a 21:00 R60 ;11:00 ;21:00 ;15 ;15 ;10:00 ;60 ;9:00;14:55 ;15:55 ;0
2928 ;7894 ;IMPORT7894;De 02:00 a 10:00 R60 ;02:00 ;10:00 ;15 ;15 ;08:00 ;60 ;7:00;06:15 ;07:15 ;1
2929 ;7895 ;IMPORT7895;De 20:00 a 05:00 R60 ;20:00 ;05:00 ;15 ;15 ;09:00 ;60 ;8:00;00:45 ;01:45 ;1
2930 ;7896 ;IMPORT7896;De 03:00 a 08:00 R0 ;03:00 ;08:00 ;15 ;0 ;05:00 ;0 ;5:00;;;0
2931 ;7897 ;IMPORT7897;De 06:00 a 16:00 R60 ;06:00 ;16:00 ;15 ;15 ;10:00 ;60 ;9:00;10:25 ;11:25 ;0
2932 ;7898 ;IMPORT7898;De 06:00 a 15:00 R60 ;06:00 ;15:00 ;15 ;15 ;09:00 ;60 ;8:00;09:25 ;10:25 ;1
2933 ;7899 ;IMPORT7899;De 10:00 a 21:00 R60 ;10:00 ;21:00 ;15 ;15 ;11:00 ;60 ;10:00;13:25 ;14:25 ;0
2934 ;7900 ;IMPORT7900;De 02:30 a 10:30 R60 ;02:30 ;10:30 ;15 ;15 ;08:00 ;60 ;7:00;06:45 ;07:45 ;1
2935 ;7901 ;IMPORT7901;De 06:00 a 14:00 R60 ;06:00 ;14:00 ;15 ;15 ;08:00 ;60 ;7:00;10:05 ;11:05 ;1
2936 ;7902 ;IMPORT7902;De 12:45 a 20:15 R0 ;12:45 ;20:15 ;15 ;15 ;07:30 ;0 ;7:30;;;1
2937 ;7903 ;IMPORT7903;De 01:30 a 09:30 R60 ;01:30 ;09:30 ;15 ;15 ;08:00 ;60 ;7:00;05:15 ;06:15 ;1
2938 ;7904 ;IMPORT7904;De 01:30 a 10:30 R60 ;01:30 ;10:30 ;15 ;15 ;09:00 ;60 ;8:00;05:45 ;06:45 ;1
2939 ;7905 ;IMPORT7905;De 00:30 a 08:30 R60 ;00:30 ;08:30 ;15 ;15 ;08:00 ;60 ;7:00;05:00 ;06:00 ;1
2940 ;7906 ;IMPORT7906;De 07:00 a 15:00 R60 ;07:00 ;15:00 ;30 ;0 ;08:00 ;60 ;7:00;12:30 ;13:30 ;1
2941 ;7907 ;IMPORT7907;De 06:00 a 17:00 R60 ;06:00 ;17:00 ;15 ;15 ;11:00 ;60 ;10:00;13:15 ;14:15 ;0
2942 ;7908 ;IMPORT7908;De 06:30 a 16:30 R60 ;06:30 ;16:30 ;15 ;15 ;10:00 ;60 ;9:00;11:40 ;12:40 ;0
2943 ;7909 ;IMPORT7909;De 07:00 a 15:00 R60 ;07:00 ;15:00 ;15 ;15 ;08:00 ;60 ;7:00;10:40 ;11:40 ;1
2944 ;7910 ;IMPORT7910;De 08:00 a 19:00 R60 ;08:00 ;19:00 ;15 ;15 ;11:00 ;60 ;10:00;11:40 ;12:40 ;0
2945 ;7911 ;IMPORT7911;De 08:00 a 17:30 R60 ;08:00 ;17:30 ;15 ;15 ;09:30 ;60 ;8:30;13:40 ;14:40 ;1
2946 ;7912 ;IMPORT7912;De 02:00 a 11:00 R60 ;02:00 ;11:00 ;15 ;15 ;09:00 ;60 ;8:00;06:30 ;07:30 ;1
2947 ;7913 ;IMPORT7913;De 19:00 a 04:00 R60 ;19:00 ;04:00 ;15 ;15 ;09:00 ;60 ;8:00;22:45 ;23:45 ;1
2948 ;7914 ;IMPORT7914;De 18:00 a 02:00 R60 ;18:00 ;02:00 ;15 ;15 ;08:00 ;60 ;7:00;21:40 ;22:40 ;1
2949 ;7915 ;IMPORT7915;De 20:00 a 04:00 R60 ;20:00 ;04:00 ;15 ;15 ;08:00 ;60 ;7:00;23:15 ;00:15 ;1
2950 ;7916 ;IMPORT7916;De 21:30 a 02:30 R0 ;21:30 ;02:30 ;15 ;0 ;05:00 ;0 ;5:00;;;0
2951 ;7917 ;IMPORT7917;De 07:30 a 18:30 R60 ;07:30 ;18:30 ;15 ;15 ;11:00 ;60 ;10:00;12:10 ;13:10 ;0
2952 ;7918 ;IMPORT7918;De 06:30 a 14:30 R60 ;06:30 ;14:30 ;15 ;15 ;08:00 ;60 ;7:00;10:25 ;11:25 ;1
2953 ;7919 ;IMPORT7919;De 06:00 a 16:00 R60 ;06:00 ;16:00 ;15 ;15 ;10:00 ;60 ;9:00;09:30 ;10:30 ;0
2954 ;7920 ;IMPORT7920;De 09:30 a 17:30 R60 ;09:30 ;17:30 ;15 ;15 ;08:00 ;60 ;7:00;14:15 ;15:15 ;1
2955 ;7921 ;IMPORT7921;De 21:30 a 05:30 R60 ;21:30 ;05:30 ;15 ;15 ;08:00 ;60 ;7:00;01:30 ;02:30 ;1
2956 ;7922 ;IMPORT7922;De 02:00 a 10:00 R60 ;02:00 ;10:00 ;15 ;15 ;08:00 ;60 ;7:00;06:30 ;07:30 ;1
2957 ;7923 ;IMPORT7923;De 11:30 a 21:00 R60 ;11:30 ;21:00 ;15 ;15 ;09:30 ;60 ;8:30;15:00 ;16:00 ;1
2958 ;7924 ;IMPORT7924;De 11:30 a 21:00 R60 ;11:30 ;21:00 ;15 ;15 ;09:30 ;60 ;8:30;15:30 ;16:30 ;1
2959 ;7925 ;IMPORT7925;De 10:00 a 20:00 R60 ;10:00 ;20:00 ;15 ;15 ;10:00 ;60 ;9:00;14:55 ;15:55 ;0
2960 ;7926 ;IMPORT7926;De 11:30 a 21:00 R60 ;11:30 ;21:00 ;15 ;15 ;09:30 ;60 ;8:30;16:15 ;17:15 ;1
2961 ;7927 ;IMPORT7927;De 10:30 a 21:30 R60 ;10:30 ;21:30 ;15 ;15 ;11:00 ;60 ;10:00;13:45 ;14:45 ;0
2962 ;7928 ;IMPORT7928;De 07:00 a 17:00 R60 ;07:00 ;17:00 ;15 ;15 ;10:00 ;60 ;9:00;11:55 ;12:55 ;0
2963 ;7929 ;IMPORT7929;De 02:30 a 10:30 R60 ;02:30 ;10:30 ;15 ;15 ;08:00 ;60 ;7:00;06:00 ;07:00 ;1
2964 ;7930 ;IMPORT7930;De 02:30 a 10:30 R60 ;02:30 ;10:30 ;15 ;15 ;08:00 ;60 ;7:00;06:30 ;07:30 ;1
2965 ;7931 ;IMPORT7931;De 11:30 a 21:00 R60 ;11:30 ;21:00 ;15 ;15 ;09:30 ;60 ;8:30;14:40 ;15:40 ;1
2966 ;7932 ;IMPORT7932;De 08:30 a 18:00 R60 ;08:30 ;18:00 ;15 ;15 ;09:30 ;60 ;8:30;13:25 ;14:25 ;1
2967 ;7933 ;IMPORT7933;De 10:00 a 19:00 R60 ;10:00 ;19:00 ;15 ;15 ;09:00 ;60 ;8:00;13:35 ;14:35 ;1
2968 ;7934 ;IMPORT7934;De 07:30 a 17:00 R0 ;07:30 ;17:00 ;30 ;0 ;09:30 ;0 ;9:30;;;1
2969 ;7935 ;IMPORT7935;De 10:30 a 21:30 R60 ;10:30 ;21:30 ;15 ;15 ;11:00 ;60 ;10:00;17:30 ;18:30 ;0
2970 ;7936 ;IMPORT7936;De 01:30 a 10:30 R60 ;01:30 ;10:30 ;15 ;15 ;09:00 ;60 ;8:00;04:45 ;05:45 ;1
2971 ;7937 ;IMPORT7937;De 20:00 a 04:00 R60 ;20:00 ;04:00 ;15 ;15 ;08:00 ;60 ;7:00;00:30 ;01:30 ;1
2972 ;7938 ;IMPORT7938;De 20:30 a 05:30 R60 ;20:30 ;05:30 ;15 ;15 ;09:00 ;60 ;8:00;01:30 ;02:30 ;1
2973 ;7939 ;IMPORT7939;De 18:30 a 03:30 R60 ;18:30 ;03:30 ;15 ;15 ;09:00 ;60 ;8:00;00:15 ;01:15 ;1
2974 ;7940 ;IMPORT7940;De 08:30 a 18:00 R60 ;08:30 ;18:00 ;15 ;15 ;09:30 ;60 ;8:30;13:50 ;14:50 ;1
2975 ;7941 ;IMPORT7941;De 16:15 a 23:15 R0 ;16:15 ;23:15 ;30 ;0 ;07:00 ;0 ;7:00;;;1
2976 ;7942 ;IMPORT7942;De 08:30 a 17:00 R60 ;08:30 ;17:00 ;15 ;15 ;08:30 ;60 ;7:30;11:15 ;12:15 ;1
2977 ;7943 ;IMPORT7943;De 11:15 a 18:45 R0 ;11:15 ;18:45 ;15 ;15 ;07:30 ;0 ;7:30;;;1
2978 ;7944 ;IMPORT7944;De 11:30 a 20:00 R60 ;11:30 ;20:00 ;15 ;15 ;08:30 ;60 ;7:30;14:30 ;15:30 ;1
2979 ;7945 ;IMPORT7945;De 09:15 a 18:15 R60 ;09:15 ;18:15 ;30 ;0 ;09:00 ;60 ;8:00;12:00 ;13:00 ;1
2980 ;7946 ;IMPORT7946;De 06:00 a 16:00 R60 ;06:00 ;16:00 ;15 ;15 ;10:00 ;60 ;9:00;12:25 ;13:25 ;0
2981 ;7947 ;IMPORT7947;De 08:30 a 16:30 R60 ;08:30 ;16:30 ;30 ;0 ;08:00 ;60 ;7:00;13:10 ;14:10 ;1
2982 ;7948 ;IMPORT7948;De 00:00 a 09:00 R60 ;00:00 ;09:00 ;15 ;15 ;09:00 ;60 ;8:00;03:15 ;04:15 ;1
2983 ;7949 ;IMPORT7949;De 01:00 a 10:00 R60 ;01:00 ;10:00 ;15 ;15 ;09:00 ;60 ;8:00;05:25 ;06:25 ;1
2984 ;7950 ;IMPORT7950;De 02:30 a 11:30 R60 ;02:30 ;11:30 ;15 ;15 ;09:00 ;60 ;8:00;07:15 ;08:15 ;1
2985 ;7951 ;IMPORT7951;De 21:00 a 05:00 R60 ;21:00 ;05:00 ;15 ;15 ;08:00 ;60 ;7:00;01:00 ;02:00 ;1
2986 ;7952 ;IMPORT7952;De 11:00 a 21:00 R60 ;11:00 ;21:00 ;30 ;0 ;10:00 ;60 ;9:00;16:40 ;17:40 ;0
2987 ;7953 ;IMPORT7953;De 11:30 a 21:30 R60 ;11:30 ;21:30 ;15 ;15 ;10:00 ;60 ;9:00;14:45 ;15:45 ;0
2988 ;7954 ;IMPORT7954;De 05:30 a 14:30 R60 ;05:30 ;14:30 ;15 ;15 ;09:00 ;60 ;8:00;09:45 ;10:45 ;1
2989 ;7955 ;IMPORT7955;De 09:30 a 20:30 R60 ;09:30 ;20:30 ;15 ;15 ;11:00 ;60 ;10:00;15:40 ;16:40 ;0
2990 ;7956 ;IMPORT7956;De 09:00 a 19:30 R60 ;09:00 ;19:30 ;15 ;15 ;10:30 ;60 ;9:30;14:25 ;15:25 ;0
2991 ;7957 ;IMPORT7957;De 10:15 a 20:15 R60 ;10:15 ;20:15 ;15 ;15 ;10:00 ;60 ;9:00;15:00 ;16:00 ;0
2992 ;7958 ;IMPORT7958;De 00:30 a 11:30 R60 ;00:30 ;11:30 ;30 ;0 ;11:00 ;60 ;10:00;06:00 ;07:00 ;0
2993 ;7959 ;IMPORT7959;De 07:30 a 18:30 R60 ;07:30 ;18:30 ;30 ;0 ;11:00 ;60 ;10:00;15:30 ;16:30 ;0
2994 ;7960 ;IMPORT7960;De 20:00 a 07:00 R60 ;20:00 ;07:00 ;30 ;0 ;11:00 ;60 ;10:00;02:30 ;03:30 ;0
2995 ;7961 ;IMPORT7961;De 01:00 a 12:00 R60 ;01:00 ;12:00 ;30 ;0 ;11:00 ;60 ;10:00;06:30 ;07:30 ;0
2996 ;7962 ;IMPORT7962;De 19:00 a 06:00 R60 ;19:00 ;06:00 ;30 ;0 ;11:00 ;60 ;10:00;00:00 ;01:00 ;0
2997 ;7963 ;IMPORT7963;De 21:00 a 08:00 R60 ;21:00 ;08:00 ;30 ;0 ;11:00 ;60 ;10:00;04:30 ;05:30 ;0
2998 ;7964 ;IMPORT7964;De 00:30 a 04:30 R0 ;00:30 ;04:30 ;15 ;0 ;04:00 ;0 ;4:00;;;1
2999 ;7965 ;IMPORT7965;De 17:00 a 03:00 R60 ;17:00 ;03:00 ;15 ;15 ;10:00 ;60 ;9:00;23:30 ;00:30 ;0
3000 ;7966 ;IMPORT7966;De 14:30 a 01:30 R60 ;14:30 ;01:30 ;30 ;0 ;11:00 ;60 ;10:00;20:00 ;21:00 ;0
3001 ;7967 ;IMPORT7967;De 10:00 a 18:00 R60 ;10:00 ;18:00 ;15 ;15 ;08:00 ;60 ;7:00;13:25 ;14:25 ;1
3002 ;7968 ;IMPORT7968;De 20:30 a 00:30 R0 ;20:30 ;00:30 ;15 ;0 ;04:00 ;0 ;4:00;;;1
3003 ;7969 ;IMPORT7969;De 23:00 a 03:00 R0 ;23:00 ;03:00 ;15 ;0 ;04:00 ;0 ;4:00;;;1
3004 ;7970 ;IMPORT7970;De 00:00 a 04:00 R0 ;00:00 ;04:00 ;15 ;0 ;04:00 ;0 ;4:00;;;1
3005 ;7971 ;IMPORT7971;De 22:30 a 02:30 R0 ;22:30 ;02:30 ;15 ;0 ;04:00 ;0 ;4:00;;;1
3006 ;7972 ;IMPORT7972;De 06:30 a 14:30 R60 ;06:30 ;14:30 ;15 ;15 ;08:00 ;60 ;7:00;10:00 ;11:00 ;1
3007 ;7973 ;IMPORT7973;De 07:00 a 15:00 R60 ;07:00 ;15:00 ;15 ;15 ;08:00 ;60 ;7:00;10:10 ;11:10 ;1
3008 ;7974 ;IMPORT7974;De 07:00 a 18:00 R60 ;07:00 ;18:00 ;15 ;15 ;11:00 ;60 ;10:00;11:55 ;12:55 ;0
3009 ;7975 ;IMPORT7975;De 08:30 a 17:30 R60 ;08:30 ;17:30 ;15 ;15 ;09:00 ;60 ;8:00;15:30 ;16:30 ;1
3010 ;7976 ;IMPORT7976;De 13:00 a 22:00 R60 ;13:00 ;22:00 ;15 ;15 ;09:00 ;60 ;8:00;20:00 ;21:00 ;1
3011 ;7977 ;IMPORT7977;De 06:30 a 15:30 R60 ;06:30 ;15:30 ;15 ;15 ;09:00 ;60 ;8:00;13:30 ;14:30 ;1
3012 ;7978 ;IMPORT7978;De 07:30 a 16:30 R60 ;07:30 ;16:30 ;15 ;15 ;09:00 ;60 ;8:00;14:30 ;15:30 ;1
3013 ;7979 ;IMPORT7979;De 06:30 a 17:30 R60 ;06:30 ;17:30 ;15 ;15 ;11:00 ;60 ;10:00;12:25 ;13:25 ;0
3014 ;7980 ;IMPORT7980;De 03:00 a 12:00 R60 ;03:00 ;12:00 ;15 ;15 ;09:00 ;60 ;8:00;10:00 ;11:00 ;1
3015 ;7981 ;IMPORT7981;De 05:30 a 14:30 R60 ;05:30 ;14:30 ;15 ;15 ;09:00 ;60 ;8:00;12:30 ;13:30 ;1
3016 ;7982 ;IMPORT7982;De 10:00 a 19:00 R60 ;10:00 ;19:00 ;15 ;15 ;09:00 ;60 ;8:00;17:00 ;18:00 ;1
3017 ;7983 ;IMPORT7983;De 13:30 a 22:30 R60 ;13:30 ;22:30 ;15 ;15 ;09:00 ;60 ;8:00;20:30 ;21:30 ;1
3018 ;7984 ;IMPORT7984;De 09:30 a 18:30 R60 ;09:30 ;18:30 ;15 ;15 ;09:00 ;60 ;8:00;16:30 ;17:30 ;1
3019 ;7985 ;IMPORT7985;De 01:30 a 09:30 R60 ;01:30 ;09:30 ;15 ;15 ;08:00 ;60 ;7:00;06:00 ;07:00 ;1
3020 ;7986 ;IMPORT7986;De 12:30 a 21:30 R60 ;12:30 ;21:30 ;15 ;15 ;09:00 ;60 ;8:00;19:30 ;20:30 ;1
3021 ;7987 ;IMPORT7987;De 14:30 a 23:30 R60 ;14:30 ;23:30 ;15 ;15 ;09:00 ;60 ;8:00;21:30 ;22:30 ;1
3022 ;7988 ;IMPORT7988;De 15:30 a 00:30 R60 ;15:30 ;00:30 ;15 ;15 ;09:00 ;60 ;8:00;22:30 ;23:30 ;1
3023 ;7989 ;IMPORT7989;De 16:30 a 01:30 R60 ;16:30 ;01:30 ;15 ;15 ;09:00 ;60 ;8:00;23:30 ;00:30 ;1
3024 ;7990 ;IMPORT7990;De 20:30 a 04:30 R60 ;20:30 ;04:30 ;15 ;15 ;08:00 ;60 ;7:00;23:30 ;00:30 ;1
3025 ;7991 ;IMPORT7991;De 19:30 a 04:30 R60 ;19:30 ;04:30 ;15 ;15 ;09:00 ;60 ;8:00;02:00 ;03:00 ;1
3026 ;7992 ;IMPORT7992;De 22:00 a 06:00 R60 ;22:00 ;06:00 ;15 ;15 ;08:00 ;60 ;7:00;02:30 ;03:30 ;1
3027 ;7993 ;IMPORT7993;De 09:00 a 20:30 R60 ;09:00 ;20:30 ;15 ;15 ;11:30 ;60 ;10:30;14:45 ;15:45 ;0
3028 ;7994 ;IMPORT7994;De 03:30 a 12:30 R60 ;03:30 ;12:30 ;15 ;15 ;09:00 ;60 ;8:00;10:30 ;11:30 ;1
3029 ;7995 ;IMPORT7995;De 02:30 a 11:30 R60 ;02:30 ;11:30 ;15 ;15 ;09:00 ;60 ;8:00;09:30 ;10:30 ;1
3030 ;7996 ;IMPORT7996;De 08:00 a 19:30 R60 ;08:00 ;19:30 ;15 ;15 ;11:30 ;60 ;10:30;11:30 ;12:30 ;0
3031 ;7997 ;IMPORT7997;De 04:30 a 13:30 R60 ;04:30 ;13:30 ;15 ;15 ;09:00 ;60 ;8:00;11:30 ;12:30 ;1
3032 ;7998 ;IMPORT7998;De 05:00 a 14:00 R60 ;05:00 ;14:00 ;15 ;15 ;09:00 ;60 ;8:00;12:00 ;13:00 ;1
3033 ;7999 ;IMPORT7999;De 09:00 a 20:30 R60 ;09:00 ;20:30 ;15 ;15 ;11:30 ;60 ;10:30;12:30 ;13:30 ;0
3034 ;8000 ;IMPORT8000;De 08:00 a 18:30 R60 ;08:00 ;18:30 ;15 ;15 ;10:30 ;60 ;9:30;14:15 ;15:15 ;0
3035 ;8001 ;IMPORT8001;De 12:00 a 21:00 R60 ;12:00 ;21:00 ;15 ;15 ;09:00 ;60 ;8:00;19:00 ;20:00 ;1
3036 ;8002 ;IMPORT8002;De 23:30 a 07:30 R60 ;23:30 ;07:30 ;15 ;15 ;08:00 ;60 ;7:00;03:00 ;04:00 ;1
3037 ;8003 ;IMPORT8003;De 08:00 a 19:30 R60 ;08:00 ;19:30 ;15 ;15 ;11:30 ;60 ;10:30;11:00 ;12:00 ;0
3038 ;8004 ;IMPORT8004;De 08:30 a 18:00 R60 ;08:30 ;18:00 ;15 ;15 ;09:30 ;60 ;8:30;11:00 ;12:00 ;1
3039 ;8005 ;IMPORT8005;De 08:30 a 18:30 R60 ;08:30 ;18:30 ;15 ;15 ;10:00 ;60 ;9:00;11:00 ;12:00 ;0
3040 ;8006 ;IMPORT8006;De 09:30 a 18:00 R60 ;09:30 ;18:00 ;15 ;15 ;08:30 ;60 ;7:30;12:00 ;13:00 ;1
3041 ;8007 ;IMPORT8007;De 10:30 a 18:00 R60 ;10:30 ;18:00 ;15 ;15 ;07:30 ;60 ;6:30;14:15 ;15:15 ;1
3042 ;8008 ;IMPORT8008;De 12:00 a 20:30 R60 ;12:00 ;20:30 ;15 ;15 ;08:30 ;60 ;7:30;15:00 ;16:00 ;1
3043 ;8009 ;IMPORT8009;De 00:30 a 08:30 R60 ;00:30 ;08:30 ;15 ;15 ;08:00 ;60 ;7:00;04:30 ;05:30 ;1
3044 ;8010 ;IMPORT8010;De 01:30 a 09:30 R60 ;01:30 ;09:30 ;15 ;15 ;08:00 ;60 ;7:00;05:30 ;06:30 ;1
3045 ;8011 ;IMPORT8011;De 19:30 a 04:30 R60 ;19:30 ;04:30 ;15 ;15 ;09:00 ;60 ;8:00;02:30 ;03:30 ;1
3046 ;8012 ;IMPORT8012;De 23:30 a 08:30 R60 ;23:30 ;08:30 ;15 ;15 ;09:00 ;60 ;8:00;06:30 ;07:30 ;1
3047 ;8013 ;IMPORT8013;De 20:30 a 05:30 R60 ;20:30 ;05:30 ;15 ;15 ;09:00 ;60 ;8:00;03:30 ;04:30 ;1
3048 ;8014 ;IMPORT8014;De 02:30 a 11:30 R60 ;02:30 ;11:30 ;30 ;0 ;09:00 ;60 ;8:00;09:00 ;10:00 ;1
3049 ;8015 ;IMPORT8015;De 03:00 a 12:00 R60 ;03:00 ;12:00 ;15 ;15 ;09:00 ;60 ;8:00;08:30 ;09:30 ;1
3050 ;8016 ;IMPORT8016;De 10:30 a 20:30 R60 ;10:30 ;20:30 ;15 ;15 ;10:00 ;60 ;9:00;14:00 ;15:00 ;0
3051 ;8017 ;IMPORT8017;De 19:00 a 04:00 R60 ;19:00 ;04:00 ;15 ;15 ;09:00 ;60 ;8:00;02:00 ;03:00 ;1
3052 ;8018 ;IMPORT8018;De 10:30 a 21:30 R60 ;10:30 ;21:30 ;15 ;15 ;11:00 ;60 ;10:00;13:55 ;14:55 ;0
3053 ;8019 ;IMPORT8019;De 11:00 a 20:00 R60 ;11:00 ;20:00 ;15 ;15 ;09:00 ;60 ;8:00;18:00 ;19:00 ;1
3054 ;8020 ;IMPORT8020;De 11:30 a 21:30 R60 ;11:30 ;21:30 ;15 ;15 ;10:00 ;60 ;9:00;14:55 ;15:55 ;0
3055 ;8021 ;IMPORT8021;De 09:45 a 17:15 R0 ;09:45 ;17:15 ;15 ;15 ;07:30 ;0 ;7:30;;;1
3056 ;8022 ;IMPORT8022;De 11:30 a 20:30 R60 ;11:30 ;20:30 ;15 ;15 ;09:00 ;60 ;8:00;18:30 ;19:30 ;1
3057 ;8023 ;IMPORT8023;De 11:00 a 20:30 R60 ;11:00 ;20:30 ;15 ;15 ;09:30 ;60 ;8:30;14:00 ;15:00 ;1
3058 ;8024 ;IMPORT8024;De 11:00 a 19:00 R60 ;11:00 ;19:00 ;15 ;15 ;08:00 ;60 ;7:00;13:30 ;14:30 ;1
3059 ;8025 ;IMPORT8025;De 09:30 a 18:00 R60 ;09:30 ;18:00 ;15 ;15 ;08:30 ;60 ;7:30;12:35 ;13:35 ;1
3060 ;8026 ;IMPORT8026;De 07:30 a 18:00 R60 ;07:30 ;18:00 ;15 ;15 ;10:30 ;60 ;9:30;12:35 ;13:35 ;0
3061 ;8027 ;IMPORT8027;De 07:00 a 15:00 R60 ;07:00 ;15:00 ;30 ;0 ;08:00 ;60 ;7:00;13:00 ;14:00 ;1
3062 ;8028 ;IMPORT8028;De 18:30 a 02:30 R60 ;18:30 ;02:30 ;15 ;15 ;08:00 ;60 ;7:00;22:45 ;23:45 ;1
3063 ;8029 ;IMPORT8029;De 15:00 a 00:00 R60 ;15:00 ;00:00 ;15 ;15 ;09:00 ;60 ;8:00;22:00 ;23:00 ;1
3064 ;8030 ;IMPORT8030;De 22:30 a 07:30 R60 ;22:30 ;07:30 ;15 ;15 ;09:00 ;60 ;8:00;05:30 ;06:30 ;1
3065 ;8031 ;IMPORT8031;De 00:00 a 09:00 R60 ;00:00 ;09:00 ;15 ;15 ;09:00 ;60 ;8:00;06:00 ;07:00 ;1
3066 ;8032 ;IMPORT8032;De 03:00 a 11:00 R60 ;03:00 ;11:00 ;15 ;15 ;08:00 ;60 ;7:00;06:45 ;07:45 ;1
3067 ;8033 ;IMPORT8033;De 21:30 a 06:30 R60 ;21:30 ;06:30 ;15 ;15 ;09:00 ;60 ;8:00;04:30 ;05:30 ;1
3068 ;8034 ;IMPORT8034;De 15:30 a 00:30 R60 ;15:30 ;00:30 ;15 ;15 ;09:00 ;60 ;8:00;21:30 ;22:30 ;1
3069 ;8035 ;IMPORT8035;De 14:30 a 22:30 R60 ;14:30 ;22:30 ;15 ;15 ;08:00 ;60 ;7:00;18:15 ;19:15 ;1
3070 ;8036 ;IMPORT8036;De 11:00 a 21:00 R60 ;11:00 ;21:00 ;15 ;15 ;10:00 ;60 ;9:00;14:25 ;15:25 ;0
3071 ;8037 ;IMPORT8037;De 11:45 a 20:45 R60 ;11:45 ;20:45 ;30 ;0 ;09:00 ;60 ;8:00;17:45 ;18:45 ;1
3072 ;8038 ;IMPORT8038;De 09:00 a 19:00 R60 ;09:00 ;19:00 ;15 ;15 ;10:00 ;60 ;9:00;14:20 ;15:20 ;0
3073 ;8039 ;IMPORT8039;De 21:30 a 06:30 R60 ;21:30 ;06:30 ;30 ;0 ;09:00 ;60 ;8:00;01:30 ;02:30 ;1
3074 ;8040 ;IMPORT8040;De 22:00 a 06:00 R60 ;22:00 ;06:00 ;15 ;15 ;08:00 ;60 ;7:00;01:30 ;02:30 ;1
3075 ;8041 ;IMPORT8041;De 10:30 a 21:30 R60 ;10:30 ;21:30 ;15 ;15 ;11:00 ;60 ;10:00;13:40 ;14:40 ;0
3076 ;8042 ;IMPORT8042;De 01:00 a 10:00 R60 ;01:00 ;10:00 ;30 ;0 ;09:00 ;60 ;8:00;07:30 ;08:30 ;1
3077 ;8043 ;IMPORT8043;De 07:15 a 16:15 R60 ;07:15 ;16:15 ;30 ;0 ;09:00 ;60 ;8:00;13:00 ;14:00 ;1
3078 ;8044 ;IMPORT8044;De 14:00 a 23:00 R60 ;14:00 ;23:00 ;15 ;15 ;09:00 ;60 ;8:00;21:00 ;22:00 ;1
3079 ;8045 ;IMPORT8045;De 17:00 a 01:00 R60 ;17:00 ;01:00 ;15 ;15 ;08:00 ;60 ;7:00;21:45 ;22:45 ;1
3080 ;8046 ;IMPORT8046;De 11:30 a 22:30 R60 ;11:30 ;22:30 ;15 ;15 ;11:00 ;60 ;10:00;14:30 ;15:30 ;0
3081 ;8047 ;IMPORT8047;De 11:30 a 22:30 R60 ;11:30 ;22:30 ;15 ;15 ;11:00 ;60 ;10:00;14:45 ;15:45 ;0
3082 ;8048 ;IMPORT8048;De 09:00 a 19:00 R60 ;09:00 ;19:00 ;15 ;15 ;10:00 ;60 ;9:00;12:50 ;13:50 ;0
3083 ;8049 ;IMPORT8049;De 15:00 a 23:00 R60 ;15:00 ;23:00 ;15 ;15 ;08:00 ;60 ;7:00;19:45 ;20:45 ;1
3084 ;8050 ;IMPORT8050;De 09:30 a 20:00 R60 ;09:30 ;20:00 ;15 ;15 ;10:30 ;60 ;9:30;13:20 ;14:20 ;0
3085 ;8051 ;IMPORT8051;De 08:30 a 19:00 R60 ;08:30 ;19:00 ;15 ;15 ;10:30 ;60 ;9:30;14:35 ;15:35 ;0
3086 ;8052 ;IMPORT8052;De 20:30 a 03:00 R0 ;20:30 ;03:00 ;0 ;0 ;06:30 ;0 ;6:30;;;0
3087 ;8053 ;IMPORT8053;De 09:00 a 20:00 R60 ;09:00 ;20:00 ;15 ;15 ;11:00 ;60 ;10:00;13:35 ;14:35 ;0
3088 ;8054 ;IMPORT8054;De 09:30 a 20:30 R60 ;09:30 ;20:30 ;15 ;15 ;11:00 ;60 ;10:00;13:10 ;14:10 ;0
3089 ;8055 ;IMPORT8055;De 10:15 a 19:15 R60 ;10:15 ;19:15 ;30 ;0 ;09:00 ;60 ;8:00;14:30 ;15:30 ;1
3090 ;8056 ;IMPORT8056;De 09:00 a 19:30 R60 ;09:00 ;19:30 ;15 ;15 ;10:30 ;60 ;9:30;14:45 ;15:45 ;0
3091 ;8057 ;IMPORT8057;De 00:00 a 09:00 R60 ;00:00 ;09:00 ;30 ;0 ;09:00 ;60 ;8:00;06:30 ;07:30 ;1
3092 ;8058 ;IMPORT8058;De 01:00 a 09:30 R0 ;01:00 ;09:30 ;15 ;15 ;08:30 ;0 ;8:30;;;1
3093 ;8059 ;IMPORT8059;De 19:00 a 03:30 R0 ;19:00 ;03:30 ;15 ;15 ;08:30 ;0 ;8:30;;;1
3094 ;8060 ;IMPORT8060;De 10:45 a 19:45 R60 ;10:45 ;19:45 ;30 ;0 ;09:00 ;60 ;8:00;15:00 ;16:00 ;1
3095 ;8061 ;IMPORT8061;De 07:45 a 16:45 R60 ;07:45 ;16:45 ;30 ;0 ;09:00 ;60 ;8:00;14:45 ;15:45 ;1
3096 ;8062 ;IMPORT8062;De 07:00 a 16:00 R60 ;07:00 ;16:00 ;30 ;0 ;09:00 ;60 ;8:00;13:45 ;14:45 ;1
3097 ;8063 ;IMPORT8063;De 13:15 a 22:15 R60 ;13:15 ;22:15 ;30 ;0 ;09:00 ;60 ;8:00;17:15 ;18:15 ;1
3098 ;8064 ;IMPORT8064;De 09:30 a 20:00 R60 ;09:30 ;20:00 ;15 ;15 ;10:30 ;60 ;9:30;15:45 ;16:45 ;0
3099 ;8065 ;IMPORT8065;De 08:45 a 17:45 R60 ;08:45 ;17:45 ;30 ;0 ;09:00 ;60 ;8:00;15:00 ;16:00 ;1
3100 ;8066 ;IMPORT8066;De 08:30 a 15:30 R60 ;08:30 ;15:30 ;15 ;15 ;07:00 ;60 ;6:00;11:35 ;12:35 ;1
3101 ;8067 ;IMPORT8067;De 10:15 a 19:15 R60 ;10:15 ;19:15 ;30 ;0 ;09:00 ;60 ;8:00;15:30 ;16:30 ;1
3102 ;8068 ;IMPORT8068;De 07:00 a 14:00 R60 ;07:00 ;14:00 ;15 ;15 ;07:00 ;60 ;6:00;10:05 ;11:05 ;1
3103 ;8069 ;IMPORT8069;De 10:15 a 19:15 R60 ;10:15 ;19:15 ;30 ;0 ;09:00 ;60 ;8:00;15:00 ;16:00 ;1
3104 ;8070 ;IMPORT8070;De 07:00 a 16:00 R60 ;07:00 ;16:00 ;30 ;0 ;09:00 ;60 ;8:00;13:15 ;14:15 ;1
3105 ;8071 ;IMPORT8071;De 20:00 a 04:30 R0 ;20:00 ;04:30 ;15 ;15 ;08:30 ;0 ;8:30;;;1
3106 ;8072 ;IMPORT8072;De 15:15 a 22:45 R0 ;15:15 ;22:45 ;15 ;15 ;07:30 ;0 ;7:30;;;1
3107 ;8073 ;IMPORT8073;De 09:00 a 19:30 R60 ;09:00 ;19:30 ;15 ;15 ;10:30 ;60 ;9:30;14:30 ;15:30 ;0
3108 ;8074 ;IMPORT8074;De 08:30 a 19:00 R60 ;08:30 ;19:00 ;15 ;15 ;10:30 ;60 ;9:30;15:45 ;16:45 ;0
3109 ;8075 ;IMPORT8075;De 08:30 a 19:00 R60 ;08:30 ;19:00 ;15 ;15 ;10:30 ;60 ;9:30;15:30 ;16:30 ;0
3110 ;8076 ;IMPORT8076;De 11:00 a 21:00 R60 ;11:00 ;21:00 ;15 ;15 ;10:00 ;60 ;9:00;13:30 ;14:30 ;0
3111 ;8077 ;IMPORT8077;De 09:15 a 20:15 R60 ;09:15 ;20:15 ;15 ;15 ;11:00 ;60 ;10:00;14:45 ;15:45 ;0
3112 ;8078 ;IMPORT8078;De 10:30 a 17:30 R60 ;10:30 ;17:30 ;15 ;15 ;07:00 ;60 ;6:00;13:45 ;14:45 ;1
3113 ;8079 ;IMPORT8079;De 09:30 a 16:30 R60 ;09:30 ;16:30 ;15 ;15 ;07:00 ;60 ;6:00;12:30 ;13:30 ;1
3114 ;8080 ;IMPORT8080;De 09:30 a 16:30 R60 ;09:30 ;16:30 ;15 ;15 ;07:00 ;60 ;6:00;13:10 ;14:10 ;1
3115 ;8081 ;IMPORT8081;De 08:00 a 16:30 R30 ;08:00 ;16:30 ;15 ;15 ;08:30 ;30 ;8:00;11:15 ;11:45 ;1
3116 ;8082 ;IMPORT8082;De 08:00 a 16:30 R30 ;08:00 ;16:30 ;15 ;15 ;08:30 ;30 ;8:00;11:30 ;12:00 ;1
3117 ;8083 ;IMPORT8083;De 08:00 a 16:30 R30 ;08:00 ;16:30 ;15 ;15 ;08:30 ;30 ;8:00;12:15 ;12:45 ;1
3118 ;8084 ;IMPORT8084;De 08:00 a 16:30 R30 ;08:00 ;16:30 ;15 ;15 ;08:30 ;30 ;8:00;13:45 ;14:15 ;1
3119 ;8085 ;IMPORT8085;De 08:30 a 17:00 R30 ;08:30 ;17:00 ;15 ;15 ;08:30 ;30 ;8:00;13:45 ;14:15 ;1
3120 ;8086 ;IMPORT8086;De 08:30 a 19:00 R60 ;08:30 ;19:00 ;15 ;15 ;10:30 ;60 ;9:30;14:40 ;15:40 ;0
3121 ;8087 ;IMPORT8087;De 10:30 a 19:00 R30 ;10:30 ;19:00 ;15 ;15 ;08:30 ;30 ;8:00;14:00 ;14:30 ;1
3122 ;8088 ;IMPORT8088;De 08:30 a 17:00 R30 ;08:30 ;17:00 ;15 ;15 ;08:30 ;30 ;8:00;12:15 ;12:45 ;1
3123 ;8089 ;IMPORT8089;De 08:30 a 17:00 R30 ;08:30 ;17:00 ;15 ;15 ;08:30 ;30 ;8:00;12:45 ;13:15 ;1
3124 ;8090 ;IMPORT8090;De 09:30 a 20:00 R60 ;09:30 ;20:00 ;15 ;15 ;10:30 ;60 ;9:30;14:25 ;15:25 ;0
3125 ;8091 ;IMPORT8091;De 13:30 a 22:00 R30 ;13:30 ;22:00 ;15 ;15 ;08:30 ;30 ;8:00;18:00 ;18:30 ;1
3126 ;8092 ;IMPORT8092;De 07:00 a 15:30 R30 ;07:00 ;15:30 ;15 ;15 ;08:30 ;30 ;8:00;11:30 ;12:00 ;1
3127 ;8093 ;IMPORT8093;De 07:00 a 15:30 R30 ;07:00 ;15:30 ;15 ;15 ;08:30 ;30 ;8:00;11:45 ;12:15 ;1
3128 ;8094 ;IMPORT8094;De 08:30 a 17:00 R30 ;08:30 ;17:00 ;15 ;15 ;08:30 ;30 ;8:00;14:00 ;14:30 ;1
3129 ;8095 ;IMPORT8095;De 13:30 a 22:00 R30 ;13:30 ;22:00 ;15 ;15 ;08:30 ;30 ;8:00;17:35 ;18:05 ;1
3130 ;8096 ;IMPORT8096;De 06:00 a 14:30 R30 ;06:00 ;14:30 ;15 ;15 ;08:30 ;30 ;8:00;10:30 ;11:00 ;1
3131 ;8097 ;IMPORT8097;De 08:00 a 16:30 R30 ;08:00 ;16:30 ;15 ;15 ;08:30 ;30 ;8:00;13:30 ;14:00 ;1
3132 ;8098 ;IMPORT8098;De 08:30 a 17:00 R30 ;08:30 ;17:00 ;15 ;15 ;08:30 ;30 ;8:00;13:30 ;14:00 ;1
3133 ;8099 ;IMPORT8099;De 10:00 a 18:30 R30 ;10:00 ;18:30 ;15 ;15 ;08:30 ;30 ;8:00;13:00 ;13:30 ;1
3134 ;8100 ;IMPORT8100;De 07:00 a 15:30 R30 ;07:00 ;15:30 ;15 ;15 ;08:30 ;30 ;8:00;12:15 ;12:45 ;1
3135 ;8101 ;IMPORT8101;De 08:00 a 16:30 R30 ;08:00 ;16:30 ;15 ;15 ;08:30 ;30 ;8:00;12:05 ;12:35 ;1
3136 ;8102 ;IMPORT8102;De 08:30 a 19:00 R60 ;08:30 ;19:00 ;15 ;15 ;10:30 ;60 ;9:30;14:25 ;15:25 ;0
3137 ;8103 ;IMPORT8103;De 08:00 a 16:30 R30 ;08:00 ;16:30 ;15 ;15 ;08:30 ;30 ;8:00;13:15 ;13:45 ;1
3138 ;8104 ;IMPORT8104;De 08:00 a 16:30 R30 ;08:00 ;16:30 ;15 ;15 ;08:30 ;30 ;8:00;13:40 ;14:10 ;1
3139 ;8105 ;IMPORT8105;De 07:00 a 16:30 R60 ;07:00 ;16:30 ;15 ;15 ;09:30 ;60 ;8:30;10:25 ;11:25 ;1
3140 ;8106 ;IMPORT8106;De 06:30 a 15:00 R30 ;06:30 ;15:00 ;15 ;15 ;08:30 ;30 ;8:00;11:15 ;11:45 ;1
3141 ;8107 ;IMPORT8107;De 08:00 a 16:30 R30 ;08:00 ;16:30 ;15 ;15 ;08:30 ;30 ;8:00;13:00 ;13:30 ;1
3142 ;8108 ;IMPORT8108;De 09:00 a 17:30 R30 ;09:00 ;17:30 ;15 ;15 ;08:30 ;30 ;8:00;12:00 ;12:30 ;1
3143 ;8109 ;IMPORT8109;De 09:00 a 17:30 R30 ;09:00 ;17:30 ;15 ;15 ;08:30 ;30 ;8:00;12:15 ;12:45 ;1
3144 ;8110 ;IMPORT8110;De 09:00 a 17:30 R30 ;09:00 ;17:30 ;15 ;15 ;08:30 ;30 ;8:00;13:40 ;14:10 ;1
3145 ;8111 ;IMPORT8111;De 09:00 a 17:30 R30 ;09:00 ;17:30 ;15 ;15 ;08:30 ;30 ;8:00;13:45 ;14:15 ;1
3146 ;8112 ;IMPORT8112;De 09:30 a 18:00 R30 ;09:30 ;18:00 ;15 ;15 ;08:30 ;30 ;8:00;13:00 ;13:30 ;1
3147 ;8113 ;IMPORT8113;De 09:30 a 18:00 R30 ;09:30 ;18:00 ;15 ;15 ;08:30 ;30 ;8:00;13:15 ;13:45 ;1
3148 ;8114 ;IMPORT8114;De 09:30 a 18:00 R30 ;09:30 ;18:00 ;15 ;15 ;08:30 ;30 ;8:00;13:35 ;14:05 ;1
3149 ;8115 ;IMPORT8115;De 10:00 a 18:30 R30 ;10:00 ;18:30 ;15 ;15 ;08:30 ;30 ;8:00;14:30 ;15:00 ;1
3150 ;8116 ;IMPORT8116;De 10:30 a 19:00 R30 ;10:30 ;19:00 ;15 ;15 ;08:30 ;30 ;8:00;13:55 ;14:25 ;1
3151 ;8117 ;IMPORT8117;De 10:30 a 19:00 R30 ;10:30 ;19:00 ;15 ;15 ;08:30 ;30 ;8:00;14:15 ;14:45 ;1
3152 ;8118 ;IMPORT8118;De 10:30 a 19:00 R30 ;10:30 ;19:00 ;15 ;15 ;08:30 ;30 ;8:00;15:00 ;15:30 ;1
3153 ;8119 ;IMPORT8119;De 13:30 a 22:00 R30 ;13:30 ;22:00 ;15 ;15 ;08:30 ;30 ;8:00;17:30 ;18:00 ;1
3154 ;8120 ;IMPORT8120;De 08:00 a 16:30 R30 ;08:00 ;16:30 ;15 ;15 ;08:30 ;30 ;8:00;12:45 ;13:15 ;1
3155 ;8121 ;IMPORT8121;De 12:30 a 21:00 R30 ;12:30 ;21:00 ;15 ;15 ;08:30 ;30 ;8:00;16:45 ;17:15 ;1
3156 ;8122 ;IMPORT8122;De 13:30 a 22:00 R30 ;13:30 ;22:00 ;15 ;15 ;08:30 ;30 ;8:00;17:00 ;17:30 ;1
3157 ;8123 ;IMPORT8123;De 06:00 a 14:30 R30 ;06:00 ;14:30 ;15 ;15 ;08:30 ;30 ;8:00;10:05 ;10:35 ;1
3158 ;8124 ;IMPORT8124;De 06:30 a 15:00 R30 ;06:30 ;15:00 ;15 ;15 ;08:30 ;30 ;8:00;10:00 ;10:30 ;1
3159 ;8125 ;IMPORT8125;De 08:00 a 16:30 R30 ;08:00 ;16:30 ;15 ;15 ;08:30 ;30 ;8:00;12:30 ;13:00 ;1
3160 ;8126 ;IMPORT8126;De 10:30 a 19:00 R30 ;10:30 ;19:00 ;15 ;15 ;08:30 ;30 ;8:00;13:30 ;14:00 ;1
3161 ;8127 ;IMPORT8127;De 10:30 a 19:00 R30 ;10:30 ;19:00 ;15 ;15 ;08:30 ;30 ;8:00;14:35 ;15:05 ;1
3162 ;8128 ;IMPORT8128;De 11:00 a 19:30 R30 ;11:00 ;19:30 ;15 ;15 ;08:30 ;30 ;8:00;15:45 ;16:15 ;1
3163 ;8129 ;IMPORT8129;De 08:30 a 17:00 R30 ;08:30 ;17:00 ;15 ;15 ;08:30 ;30 ;8:00;12:35 ;13:05 ;1
3164 ;8130 ;IMPORT8130;De 08:30 a 17:00 R30 ;08:30 ;17:00 ;15 ;15 ;08:30 ;30 ;8:00;13:15 ;13:45 ;1
3165 ;8131 ;IMPORT8131;De 09:00 a 17:30 R30 ;09:00 ;17:30 ;15 ;15 ;08:30 ;30 ;8:00;12:30 ;13:00 ;1
3166 ;8132 ;IMPORT8132;De 10:00 a 18:30 R30 ;10:00 ;18:30 ;15 ;15 ;08:30 ;30 ;8:00;13:25 ;13:55 ;1
3167 ;8133 ;IMPORT8133;De 10:30 a 19:00 R30 ;10:30 ;19:00 ;15 ;15 ;08:30 ;30 ;8:00;13:45 ;14:15 ;1
3168 ;8134 ;IMPORT8134;De 10:30 a 19:00 R30 ;10:30 ;19:00 ;15 ;15 ;08:30 ;30 ;8:00;15:30 ;16:00 ;1
3169 ;8135 ;IMPORT8135;De 07:00 a 15:30 R30 ;07:00 ;15:30 ;15 ;15 ;08:30 ;30 ;8:00;10:45 ;11:15 ;1
3170 ;8136 ;IMPORT8136;De 07:00 a 15:30 R30 ;07:00 ;15:30 ;15 ;15 ;08:30 ;30 ;8:00;12:25 ;12:55 ;1
3171 ;8137 ;IMPORT8137;De 07:30 a 16:00 R30 ;07:30 ;16:00 ;15 ;15 ;08:30 ;30 ;8:00;12:15 ;12:45 ;1
3172 ;8138 ;IMPORT8138;De 08:00 a 16:30 R30 ;08:00 ;16:30 ;15 ;15 ;08:30 ;30 ;8:00;11:45 ;12:15 ;1
3173 ;8139 ;IMPORT8139;De 10:30 a 19:00 R30 ;10:30 ;19:00 ;15 ;15 ;08:30 ;30 ;8:00;14:10 ;14:40 ;1
3174 ;8140 ;IMPORT8140;De 10:30 a 19:00 R30 ;10:30 ;19:00 ;15 ;15 ;08:30 ;30 ;8:00;14:30 ;15:00 ;1
3175 ;8141 ;IMPORT8141;De 11:30 a 20:00 R30 ;11:30 ;20:00 ;15 ;15 ;08:30 ;30 ;8:00;14:40 ;15:10 ;1
3176 ;8142 ;IMPORT8142;De 10:00 a 18:30 R30 ;10:00 ;18:30 ;15 ;15 ;08:30 ;30 ;8:00;14:05 ;14:35 ;1
3177 ;8143 ;IMPORT8143;De 10:30 a 19:00 R30 ;10:30 ;19:00 ;15 ;15 ;08:30 ;30 ;8:00;15:15 ;15:45 ;1
3178 ;8144 ;IMPORT8144;De 08:00 a 16:30 R30 ;08:00 ;16:30 ;15 ;15 ;08:30 ;30 ;8:00;12:40 ;13:10 ;1
3179 ;8145 ;IMPORT8145;De 08:00 a 16:30 R30 ;08:00 ;16:30 ;15 ;15 ;08:30 ;30 ;8:00;12:55 ;13:25 ;1
3180 ;8146 ;IMPORT8146;De 08:00 a 16:30 R30 ;08:00 ;16:30 ;15 ;15 ;08:30 ;30 ;8:00;13:25 ;13:55 ;1
3181 ;8147 ;IMPORT8147;De 09:00 a 17:30 R30 ;09:00 ;17:30 ;15 ;15 ;08:30 ;30 ;8:00;12:45 ;13:15 ;1
3182 ;8148 ;IMPORT8148;De 11:00 a 19:30 R30 ;11:00 ;19:30 ;15 ;15 ;08:30 ;30 ;8:00;14:00 ;14:30 ;1
3183 ;8149 ;IMPORT8149;De 13:00 a 23:00 R60 ;13:00 ;23:00 ;15 ;15 ;10:00 ;60 ;9:00;18:30 ;19:30 ;0
3184 ;8150 ;IMPORT8150;De 13:00 a 23:00 R60 ;13:00 ;23:00 ;15 ;15 ;10:00 ;60 ;9:00;19:00 ;20:00 ;0
3185 ;8151 ;IMPORT8151;De 08:00 a 16:30 R30 ;08:00 ;16:30 ;15 ;15 ;08:30 ;30 ;8:00;13:05 ;13:35 ;1
3186 ;8152 ;IMPORT8152;De 08:30 a 17:00 R30 ;08:30 ;17:00 ;15 ;15 ;08:30 ;30 ;8:00;12:40 ;13:10 ;1
3187 ;8153 ;IMPORT8153;De 09:00 a 17:30 R30 ;09:00 ;17:30 ;15 ;15 ;08:30 ;30 ;8:00;13:10 ;13:40 ;1
3188 ;8154 ;IMPORT8154;De 10:00 a 18:30 R30 ;10:00 ;18:30 ;15 ;15 ;08:30 ;30 ;8:00;13:30 ;14:00 ;1
3189 ;8155 ;IMPORT8155;De 07:00 a 15:30 R30 ;07:00 ;15:30 ;15 ;15 ;08:30 ;30 ;8:00;12:30 ;13:00 ;1
3190 ;8156 ;IMPORT8156;De 09:30 a 18:00 R30 ;09:30 ;18:00 ;15 ;15 ;08:30 ;30 ;8:00;14:10 ;14:40 ;1
3191 ;8157 ;IMPORT8157;De 10:00 a 18:00 R60 ;10:00 ;18:00 ;15 ;15 ;08:00 ;60 ;7:00;14:05 ;15:05 ;1
3192 ;8158 ;IMPORT8158;De 10:00 a 18:30 R30 ;10:00 ;18:30 ;15 ;15 ;08:30 ;30 ;8:00;13:15 ;13:45 ;1
3193 ;8159 ;IMPORT8159;De 10:00 a 18:30 R30 ;10:00 ;18:30 ;15 ;15 ;08:30 ;30 ;8:00;15:15 ;15:45 ;1
3194 ;8160 ;IMPORT8160;De 10:30 a 19:00 R30 ;10:30 ;19:00 ;15 ;15 ;08:30 ;30 ;8:00;14:45 ;15:15 ;1
3195 ;8161 ;IMPORT8161;De 11:00 a 19:00 R60 ;11:00 ;19:00 ;15 ;15 ;08:00 ;60 ;7:00;15:05 ;16:05 ;1
3196 ;8162 ;IMPORT8162;De 07:30 a 16:00 R30 ;07:30 ;16:00 ;15 ;15 ;08:30 ;30 ;8:00;12:30 ;13:00 ;1
3197 ;8163 ;IMPORT8163;De 09:00 a 17:30 R30 ;09:00 ;17:30 ;15 ;15 ;08:30 ;30 ;8:00;13:00 ;13:30 ;1
3198 ;8164 ;IMPORT8164;De 09:00 a 17:30 R30 ;09:00 ;17:30 ;15 ;15 ;08:30 ;30 ;8:00;13:15 ;13:45 ;1
3199 ;8165 ;IMPORT8165;De 09:00 a 17:30 R30 ;09:00 ;17:30 ;15 ;15 ;08:30 ;30 ;8:00;12:40 ;13:10 ;1
3200 ;8166 ;IMPORT8166;De 09:30 a 18:00 R30 ;09:30 ;18:00 ;15 ;15 ;08:30 ;30 ;8:00;15:00 ;15:30 ;1
3201 ;8167 ;IMPORT8167;De 10:00 a 18:00 R60 ;10:00 ;18:00 ;15 ;15 ;08:00 ;60 ;7:00;14:20 ;15:20 ;1
3202 ;8168 ;IMPORT8168;De 10:00 a 18:30 R30 ;10:00 ;18:30 ;15 ;15 ;08:30 ;30 ;8:00;13:45 ;14:15 ;1
3203 ;8169 ;IMPORT8169;De 11:30 a 20:00 R30 ;11:30 ;20:00 ;15 ;15 ;08:30 ;30 ;8:00;16:30 ;17:00 ;1
3204 ;8170 ;IMPORT8170;De 09:30 a 18:00 R30 ;09:30 ;18:00 ;15 ;15 ;08:30 ;30 ;8:00;13:30 ;14:00 ;1
3205 ;8171 ;IMPORT8171;De 09:30 a 18:00 R30 ;09:30 ;18:00 ;15 ;15 ;08:30 ;30 ;8:00;13:45 ;14:15 ;1
3206 ;8172 ;IMPORT8172;De 09:30 a 18:00 R30 ;09:30 ;18:00 ;15 ;15 ;08:30 ;30 ;8:00;14:45 ;15:15 ;1
3207 ;8173 ;IMPORT8173;De 08:00 a 16:00 R60 ;08:00 ;16:00 ;15 ;15 ;08:00 ;60 ;7:00;12:35 ;13:35 ;1
3208 ;8174 ;IMPORT8174;De 06:00 a 14:30 R30 ;06:00 ;14:30 ;15 ;15 ;08:30 ;30 ;8:00;10:45 ;11:15 ;1
3209 ;8175 ;IMPORT8175;De 06:30 a 15:00 R30 ;06:30 ;15:00 ;15 ;15 ;08:30 ;30 ;8:00;10:30 ;11:00 ;1
3210 ;8176 ;IMPORT8176;De 08:45 a 19:45 R60 ;08:45 ;19:45 ;15 ;15 ;11:00 ;60 ;10:00;13:45 ;14:45 ;0
3211 ;8177 ;IMPORT8177;De 09:00 a 17:30 R30 ;09:00 ;17:30 ;15 ;15 ;08:30 ;30 ;8:00;13:05 ;13:35 ;1
3212 ;8178 ;IMPORT8178;De 09:00 a 17:30 R30 ;09:00 ;17:30 ;15 ;15 ;08:30 ;30 ;8:00;14:00 ;14:30 ;1
3213 ;8179 ;IMPORT8179;De 09:15 a 18:15 R60 ;09:15 ;18:15 ;15 ;15 ;09:00 ;60 ;8:00;13:00 ;14:00 ;1
3214 ;8180 ;IMPORT8180;De 10:30 a 19:00 R30 ;10:30 ;19:00 ;15 ;15 ;08:30 ;30 ;8:00;16:00 ;16:30 ;1
3215 ;8181 ;IMPORT8181;De 11:15 a 19:45 R30 ;11:15 ;19:45 ;15 ;15 ;08:30 ;30 ;8:00;15:20 ;15:50 ;1
3216 ;8182 ;IMPORT8182;De 12:30 a 21:00 R30 ;12:30 ;21:00 ;15 ;15 ;08:30 ;30 ;8:00;17:15 ;17:45 ;1
3217 ;8183 ;IMPORT8183;De 06:00 a 14:30 R30 ;06:00 ;14:30 ;15 ;15 ;08:30 ;30 ;8:00;09:40 ;10:10 ;1
3218 ;8184 ;IMPORT8184;De 06:00 a 14:30 R30 ;06:00 ;14:30 ;15 ;15 ;08:30 ;30 ;8:00;10:40 ;11:10 ;1
3219 ;8185 ;IMPORT8185;De 07:30 a 16:00 R30 ;07:30 ;16:00 ;15 ;15 ;08:30 ;30 ;8:00;10:45 ;11:15 ;1
3220 ;8186 ;IMPORT8186;De 07:30 a 16:00 R30 ;07:30 ;16:00 ;15 ;15 ;08:30 ;30 ;8:00;12:45 ;13:15 ;1
3221 ;8187 ;IMPORT8187;De 09:00 a 17:30 R30 ;09:00 ;17:30 ;15 ;15 ;08:30 ;30 ;8:00;14:15 ;14:45 ;1
3222 ;8188 ;IMPORT8188;De 09:45 a 18:15 R30 ;09:45 ;18:15 ;15 ;15 ;08:30 ;30 ;8:00;13:15 ;13:45 ;1
3223 ;8189 ;IMPORT8189;De 10:00 a 18:30 R30 ;10:00 ;18:30 ;15 ;15 ;08:30 ;30 ;8:00;15:45 ;16:15 ;1
3224 ;8190 ;IMPORT8190;De 10:30 a 19:00 R30 ;10:30 ;19:00 ;15 ;15 ;08:30 ;30 ;8:00;16:15 ;16:45 ;1
3225 ;8191 ;IMPORT8191;De 11:00 a 19:30 R30 ;11:00 ;19:30 ;15 ;15 ;08:30 ;30 ;8:00;14:40 ;15:10 ;1
3226 ;8192 ;IMPORT8192;De 11:30 a 20:00 R30 ;11:30 ;20:00 ;15 ;15 ;08:30 ;30 ;8:00;17:00 ;17:30 ;1
3227 ;8193 ;IMPORT8193;De 09:30 a 19:30 R60 ;09:30 ;19:30 ;15 ;15 ;10:00 ;60 ;9:00;14:05 ;15:05 ;0
3228 ;8194 ;IMPORT8194;De 09:00 a 19:00 R60 ;09:00 ;19:00 ;15 ;15 ;10:00 ;60 ;9:00;14:05 ;15:05 ;0
3229 ;8195 ;IMPORT8195;De 08:30 a 18:30 R60 ;08:30 ;18:30 ;15 ;15 ;10:00 ;60 ;9:00;13:05 ;14:05 ;0
3230 ;8196 ;IMPORT8196;De 09:15 a 19:45 R60 ;09:15 ;19:45 ;15 ;15 ;10:30 ;60 ;9:30;14:00 ;15:00 ;0
3231 ;8197 ;IMPORT8197;De 09:45 a 18:15 R0 ;09:45 ;18:15 ;15 ;15 ;08:30 ;0 ;8:30;;;1
3232 ;8198 ;IMPORT8198;De 08:00 a 18:00 R60 ;08:00 ;18:00 ;15 ;15 ;10:00 ;60 ;9:00;10:45 ;11:45 ;0
3233 ;8199 ;IMPORT8199;De 10:30 a 19:00 R30 ;10:30 ;19:00 ;15 ;15 ;08:30 ;30 ;8:00;15:45 ;16:15 ;1
3234 ;8200 ;IMPORT8200;De 10:00 a 21:00 R60 ;10:00 ;21:00 ;15 ;15 ;11:00 ;60 ;10:00;12:45 ;13:45 ;0
3235 ;8201 ;IMPORT8201;De 08:00 a 18:30 R60 ;08:00 ;18:30 ;15 ;15 ;10:30 ;60 ;9:30;15:30 ;16:30 ;0
3236 ;8202 ;IMPORT8202;De 07:00 a 17:00 R60 ;07:00 ;17:00 ;15 ;15 ;10:00 ;60 ;9:00;12:25 ;13:25 ;0
3237 ;8203 ;IMPORT8203;De 15:00 a 23:00 R60 ;15:00 ;23:00 ;30 ;0 ;08:00 ;60 ;7:00;18:10 ;19:10 ;1
3238 ;8204 ;IMPORT8204;De 13:00 a 23:00 R60 ;13:00 ;23:00 ;15 ;15 ;10:00 ;60 ;9:00;18:00 ;19:00 ;0
3239 ;8205 ;IMPORT8205;De 08:00 a 18:00 R60 ;08:00 ;18:00 ;15 ;15 ;10:00 ;60 ;9:00;15:15 ;16:15 ;0
3240 ;8206 ;IMPORT8206;De 08:45 a 16:45 R60 ;08:45 ;16:45 ;15 ;15 ;08:00 ;60 ;7:00;12:15 ;13:15 ;1
3241 ;8207 ;IMPORT8207;De 09:00 a 19:00 R60 ;09:00 ;19:00 ;30 ;0 ;10:00 ;60 ;9:00;13:55 ;14:55 ;0
3242 ;8208 ;IMPORT8208;De 03:30 a 12:30 R60 ;03:30 ;12:30 ;30 ;0 ;09:00 ;60 ;8:00;10:00 ;11:00 ;1
3243 ;8209 ;IMPORT8209;De 09:30 a 20:00 R60 ;09:30 ;20:00 ;15 ;15 ;10:30 ;60 ;9:30;16:30 ;17:30 ;0
3244 ;8210 ;IMPORT8210;De 08:15 a 17:15 R60 ;08:15 ;17:15 ;30 ;0 ;09:00 ;60 ;8:00;14:00 ;15:00 ;1
3245 ;8211 ;IMPORT8211;De 15:00 a 23:00 R60 ;15:00 ;23:00 ;15 ;15 ;08:00 ;60 ;7:00;18:55 ;19:55 ;1
3246 ;8212 ;IMPORT8212;De 10:15 a 18:15 R60 ;10:15 ;18:15 ;15 ;15 ;08:00 ;60 ;7:00;14:30 ;15:30 ;1
3247 ;8213 ;IMPORT8213;De 10:15 a 19:15 R60 ;10:15 ;19:15 ;30 ;0 ;09:00 ;60 ;8:00;14:45 ;15:45 ;1
3248 ;8214 ;IMPORT8214;De 08:45 a 16:45 R60 ;08:45 ;16:45 ;15 ;15 ;08:00 ;60 ;7:00;12:00 ;13:00 ;1
3249 ;8215 ;IMPORT8215;De 09:15 a 17:15 R60 ;09:15 ;17:15 ;15 ;15 ;08:00 ;60 ;7:00;14:15 ;15:15 ;1
3250 ;8216 ;IMPORT8216;De 08:00 a 19:00 R60 ;08:00 ;19:00 ;15 ;15 ;11:00 ;60 ;10:00;12:35 ;13:35 ;0
3251 ;8217 ;IMPORT8217;De 09:30 a 17:30 R60 ;09:30 ;17:30 ;15 ;15 ;08:00 ;60 ;7:00;12:50 ;13:50 ;1
3252 ;8218 ;IMPORT8218;De 12:00 a 23:00 R60 ;12:00 ;23:00 ;15 ;15 ;11:00 ;60 ;10:00;15:30 ;16:30 ;0
3253 ;8219 ;IMPORT8219;De 08:00 a 18:00 R60 ;08:00 ;18:00 ;15 ;15 ;10:00 ;60 ;9:00;13:35 ;14:35 ;0
3254 ;8220 ;IMPORT8220;De 08:30 a 18:30 R60 ;08:30 ;18:30 ;15 ;15 ;10:00 ;60 ;9:00;13:35 ;14:35 ;0
3255 ;8221 ;IMPORT8221;De 09:00 a 17:30 R60 ;09:00 ;17:30 ;15 ;15 ;08:30 ;60 ;7:30;12:00 ;13:00 ;1
3256 ;8222 ;IMPORT8222;De 15:30 a 23:30 R60 ;15:30 ;23:30 ;15 ;15 ;08:00 ;60 ;7:00;19:15 ;20:15 ;1
3257 ;8223 ;IMPORT8223;De 07:00 a 17:00 R60 ;07:00 ;17:00 ;15 ;15 ;10:00 ;60 ;9:00;10:25 ;11:25 ;0
3258 ;8224 ;IMPORT8224;De 07:00 a 17:30 R60 ;07:00 ;17:30 ;15 ;15 ;10:30 ;60 ;9:30;10:05 ;11:05 ;0
3259 ;8225 ;IMPORT8225;De 09:45 a 18:45 R60 ;09:45 ;18:45 ;30 ;0 ;09:00 ;60 ;8:00;15:00 ;16:00 ;1
3260 ;8226 ;IMPORT8226;De 10:00 a 18:30 R60 ;10:00 ;18:30 ;15 ;15 ;08:30 ;60 ;7:30;13:00 ;14:00 ;1
3261 ;8227 ;IMPORT8227;De 10:00 a 18:30 R60 ;10:00 ;18:30 ;15 ;15 ;08:30 ;60 ;7:30;13:45 ;14:45 ;1
3262 ;8228 ;IMPORT8228;De 08:15 a 17:15 R60 ;08:15 ;17:15 ;30 ;0 ;09:00 ;60 ;8:00;15:00 ;16:00 ;1
3263 ;8229 ;IMPORT8229;De 09:30 a 18:00 R60 ;09:30 ;18:00 ;15 ;15 ;08:30 ;60 ;7:30;12:15 ;13:15 ;1
3264 ;8230 ;IMPORT8230;De 08:00 a 19:00 R60 ;08:00 ;19:00 ;15 ;15 ;11:00 ;60 ;10:00;12:05 ;13:05 ;0
3265 ;8231 ;IMPORT8231;De 10:30 a 19:00 R60 ;10:30 ;19:00 ;15 ;15 ;08:30 ;60 ;7:30;13:30 ;14:30 ;1
3266 ;8232 ;IMPORT8232;De 09:30 a 18:00 R60 ;09:30 ;18:00 ;15 ;15 ;08:30 ;60 ;7:30;12:30 ;13:30 ;1
3267 ;8233 ;IMPORT8233;De 10:00 a 18:30 R60 ;10:00 ;18:30 ;15 ;15 ;08:30 ;60 ;7:30;13:15 ;14:15 ;1
3268 ;8234 ;IMPORT8234;De 07:00 a 15:30 R60 ;07:00 ;15:30 ;15 ;15 ;08:30 ;60 ;7:30;11:45 ;12:45 ;1
3269 ;8235 ;IMPORT8235;De 07:00 a 15:30 R60 ;07:00 ;15:30 ;15 ;15 ;08:30 ;60 ;7:30;12:00 ;13:00 ;1
3270 ;8236 ;IMPORT8236;De 07:30 a 16:00 R60 ;07:30 ;16:00 ;15 ;15 ;08:30 ;60 ;7:30;10:30 ;11:30 ;1
3271 ;8237 ;IMPORT8237;De 07:30 a 16:00 R60 ;07:30 ;16:00 ;15 ;15 ;08:30 ;60 ;7:30;11:45 ;12:45 ;1
3272 ;8238 ;IMPORT8238;De 07:30 a 16:00 R60 ;07:30 ;16:00 ;15 ;15 ;08:30 ;60 ;7:30;12:30 ;13:30 ;1
3273 ;8239 ;IMPORT8239;De 09:30 a 18:00 R60 ;09:30 ;18:00 ;15 ;15 ;08:30 ;60 ;7:30;13:45 ;14:45 ;1
3274 ;8240 ;IMPORT8240;De 10:30 a 19:00 R60 ;10:30 ;19:00 ;15 ;15 ;08:30 ;60 ;7:30;13:45 ;14:45 ;1
3275 ;8241 ;IMPORT8241;De 11:30 a 20:00 R60 ;11:30 ;20:00 ;15 ;15 ;08:30 ;60 ;7:30;14:45 ;15:45 ;1
3276 ;8242 ;IMPORT8242;De 09:00 a 17:30 R60 ;09:00 ;17:30 ;15 ;15 ;08:30 ;60 ;7:30;13:40 ;14:40 ;1
3277 ;8243 ;IMPORT8243;De 09:30 a 18:00 R60 ;09:30 ;18:00 ;15 ;15 ;08:30 ;60 ;7:30;13:15 ;14:15 ;1
3278 ;8244 ;IMPORT8244;De 10:45 a 18:15 R0 ;10:45 ;18:15 ;30 ;0 ;07:30 ;0 ;7:30;;;1
3279 ;8245 ;IMPORT8245;De 08:00 a 16:00 R60 ;08:00 ;16:00 ;15 ;15 ;08:00 ;60 ;7:00;11:05 ;12:05 ;1
3280 ;8246 ;IMPORT8246;De 07:30 a 17:30 R60 ;07:30 ;17:30 ;15 ;15 ;10:00 ;60 ;9:00;12:05 ;13:05 ;0
3281 ;8247 ;IMPORT8247;De 08:30 a 17:00 R60 ;08:30 ;17:00 ;15 ;15 ;08:30 ;60 ;7:30;11:40 ;12:40 ;1
3282 ;8248 ;IMPORT8248;De 10:30 a 19:30 R60 ;10:30 ;19:30 ;15 ;15 ;09:00 ;60 ;8:00;15:35 ;16:35 ;1
3283 ;8249 ;IMPORT8249;De 12:00 a 20:00 R60 ;12:00 ;20:00 ;15 ;15 ;08:00 ;60 ;7:00;13:30 ;14:30 ;1
3284 ;8250 ;IMPORT8250;De 12:30 a 21:00 R60 ;12:30 ;21:00 ;15 ;15 ;08:30 ;60 ;7:30;17:00 ;18:00 ;1
3285 ;8251 ;IMPORT8251;De 07:00 a 15:30 R60 ;07:00 ;15:30 ;15 ;15 ;08:30 ;60 ;7:30;11:15 ;12:15 ;1
3286 ;8252 ;IMPORT8252;De 09:30 a 18:00 R60 ;09:30 ;18:00 ;15 ;15 ;08:30 ;60 ;7:30;14:30 ;15:30 ;1
3287 ;8253 ;IMPORT8253;De 13:00 a 21:30 R60 ;13:00 ;21:30 ;15 ;15 ;08:30 ;60 ;7:30;16:00 ;17:00 ;1
3288 ;8254 ;IMPORT8254;De 08:30 a 17:00 R60 ;08:30 ;17:00 ;15 ;15 ;08:30 ;60 ;7:30;13:25 ;14:25 ;1
3289 ;8255 ;IMPORT8255;De 09:00 a 17:30 R60 ;09:00 ;17:30 ;15 ;15 ;08:30 ;60 ;7:30;12:55 ;13:55 ;1
3290 ;8256 ;IMPORT8256;De 09:30 a 18:00 R60 ;09:30 ;18:00 ;15 ;15 ;08:30 ;60 ;7:30;12:45 ;13:45 ;1
3291 ;8257 ;IMPORT8257;De 09:00 a 17:30 R60 ;09:00 ;17:30 ;15 ;15 ;08:30 ;60 ;7:30;12:15 ;13:15 ;1
3292 ;8258 ;IMPORT8258;De 09:00 a 19:00 R60 ;09:00 ;19:00 ;15 ;15 ;10:00 ;60 ;9:00;13:05 ;14:05 ;0
3293 ;8259 ;IMPORT8259;De 08:30 a 17:00 R60 ;08:30 ;17:00 ;15 ;15 ;08:30 ;60 ;7:30;11:45 ;12:45 ;1
3294 ;8260 ;IMPORT8260;De 12:00 a 22:00 R60 ;12:00 ;22:00 ;30 ;0 ;10:00 ;60 ;9:00;16:05 ;17:05 ;0
3295 ;8261 ;IMPORT8261;De 10:00 a 20:00 R60 ;10:00 ;20:00 ;15 ;15 ;10:00 ;60 ;9:00;15:05 ;16:05 ;0
3296 ;8262 ;IMPORT8262;De 08:00 a 16:30 R60 ;08:00 ;16:30 ;15 ;15 ;08:30 ;60 ;7:30;11:15 ;12:15 ;1
3297 ;8263 ;IMPORT8263;De 08:45 a 17:45 R60 ;08:45 ;17:45 ;30 ;0 ;09:00 ;60 ;8:00;13:30 ;14:30 ;1
3298 ;8264 ;IMPORT8264;De 10:30 a 19:30 R60 ;10:30 ;19:30 ;15 ;15 ;09:00 ;60 ;8:00;17:30 ;18:30 ;1
3299 ;8265 ;IMPORT8265;De 10:30 a 19:00 R60 ;10:30 ;19:00 ;15 ;15 ;08:30 ;60 ;7:30;15:15 ;16:15 ;1
3300 ;8266 ;IMPORT8266;De 10:30 a 19:00 R60 ;10:30 ;19:00 ;15 ;15 ;08:30 ;60 ;7:30;15:30 ;16:30 ;1
3301 ;8267 ;IMPORT8267;De 08:00 a 16:30 R60 ;08:00 ;16:30 ;15 ;15 ;08:30 ;60 ;7:30;12:15 ;13:15 ;1
3302 ;8268 ;IMPORT8268;De 08:00 a 16:30 R60 ;08:00 ;16:30 ;15 ;15 ;08:30 ;60 ;7:30;12:25 ;13:25 ;1
3303 ;8269 ;IMPORT8269;De 08:00 a 16:30 R60 ;08:00 ;16:30 ;15 ;15 ;08:30 ;60 ;7:30;12:55 ;13:55 ;1
3304 ;8270 ;IMPORT8270;De 10:30 a 19:00 R60 ;10:30 ;19:00 ;15 ;15 ;08:30 ;60 ;7:30;14:10 ;15:10 ;1
3305 ;8271 ;IMPORT8271;De 10:00 a 21:00 R60 ;10:00 ;21:00 ;15 ;15 ;11:00 ;60 ;10:00;17:35 ;18:35 ;0
3306 ;8272 ;IMPORT8272;De 13:30 a 22:00 R60 ;13:30 ;22:00 ;15 ;15 ;08:30 ;60 ;7:30;17:00 ;18:00 ;1
3307 ;8273 ;IMPORT8273;De 09:00 a 19:00 R60 ;09:00 ;19:00 ;15 ;15 ;10:00 ;60 ;9:00;15:20 ;16:20 ;0
3308 ;8274 ;IMPORT8274;De 06:00 a 14:30 R60 ;06:00 ;14:30 ;15 ;15 ;08:30 ;60 ;7:30;09:00 ;10:00 ;1
3309 ;8275 ;IMPORT8275;De 09:30 a 18:00 R60 ;09:30 ;18:00 ;15 ;15 ;08:30 ;60 ;7:30;13:55 ;14:55 ;1
3310 ;8276 ;IMPORT8276;De 09:30 a 18:00 R60 ;09:30 ;18:00 ;15 ;15 ;08:30 ;60 ;7:30;14:15 ;15:15 ;1
3311 ;8277 ;IMPORT8277;De 09:45 a 18:45 R60 ;09:45 ;18:45 ;30 ;0 ;09:00 ;60 ;8:00;14:00 ;15:00 ;1
3312 ;8278 ;IMPORT8278;De 08:30 a 18:30 R60 ;08:30 ;18:30 ;15 ;15 ;10:00 ;60 ;9:00;13:50 ;14:50 ;0
3313 ;8279 ;IMPORT8279;De 07:15 a 16:15 R60 ;07:15 ;16:15 ;30 ;0 ;09:00 ;60 ;8:00;14:00 ;15:00 ;1
3314 ;8280 ;IMPORT8280;De 09:00 a 17:30 R60 ;09:00 ;17:30 ;0 ;0 ;08:30 ;60 ;7:30;11:15 ;12:15 ;1
3315 ;8281 ;IMPORT8281;De 09:30 a 18:00 R60 ;09:30 ;18:00 ;0 ;0 ;08:30 ;60 ;7:30;15:00 ;16:00 ;1
3316 ;8282 ;IMPORT8282;De 18:30 a 03:30 R60 ;18:30 ;03:30 ;30 ;0 ;09:00 ;60 ;8:00;01:00 ;02:00 ;1
3317 ;8283 ;IMPORT8283;De 08:30 a 19:30 R60 ;08:30 ;19:30 ;15 ;15 ;11:00 ;60 ;10:00;11:40 ;12:40 ;0
3318 ;8284 ;IMPORT8284;De 09:00 a 19:30 R60 ;09:00 ;19:30 ;15 ;15 ;10:30 ;60 ;9:30;13:35 ;14:35 ;0
3319 ;8285 ;IMPORT8285;De 09:00 a 17:30 R60 ;09:00 ;17:30 ;15 ;15 ;08:30 ;60 ;7:30;14:00 ;15:00 ;1
3320 ;8286 ;IMPORT8286;De 07:00 a 15:30 R60 ;07:00 ;15:30 ;15 ;15 ;08:30 ;60 ;7:30;11:10 ;12:10 ;1
3321 ;8287 ;IMPORT8287;De 08:00 a 16:30 R60 ;08:00 ;16:30 ;15 ;15 ;08:30 ;60 ;7:30;12:10 ;13:10 ;1
3322 ;8288 ;IMPORT8288;De 08:00 a 18:00 R60 ;08:00 ;18:00 ;30 ;0 ;10:00 ;60 ;9:00;14:55 ;15:55 ;0
3323 ;8289 ;IMPORT8289;De 05:45 a 14:45 R60 ;05:45 ;14:45 ;30 ;0 ;09:00 ;60 ;8:00;11:30 ;12:30 ;1
3324 ;8290 ;IMPORT8290;De 09:30 a 18:00 R60 ;09:30 ;18:00 ;15 ;15 ;08:30 ;60 ;7:30;12:40 ;13:40 ;1
3325 ;8291 ;IMPORT8291;De 08:30 a 19:00 R60 ;08:30 ;19:00 ;15 ;15 ;10:30 ;60 ;9:30;14:05 ;15:05 ;0
3326 ;8292 ;IMPORT8292;De 18:30 a 00:30 R0 ;18:30 ;00:30 ;30 ;0 ;06:00 ;0 ;6:00;;;1
3327 ;8293 ;IMPORT8293;De 19:30 a 01:30 R0 ;19:30 ;01:30 ;30 ;0 ;06:00 ;0 ;6:00;;;1
3328 ;8294 ;IMPORT8294;De 15:45 a 23:15 R0 ;15:45 ;23:15 ;15 ;15 ;07:30 ;0 ;7:30;;;1
3329 ;8295 ;IMPORT8295;De 10:00 a 20:00 R60 ;10:00 ;20:00 ;15 ;15 ;10:00 ;60 ;9:00;15:25 ;16:25 ;0
3330 ;8296 ;IMPORT8296;De 07:30 a 17:30 R60 ;07:30 ;17:30 ;15 ;15 ;10:00 ;60 ;9:00;13:55 ;14:55 ;0
3331 ;8297 ;IMPORT8297;De 08:00 a 16:30 R60 ;08:00 ;16:30 ;0 ;0 ;08:30 ;60 ;7:30;10:00 ;11:00 ;1
3332 ;8298 ;IMPORT8298;De 09:30 a 18:00 R60 ;09:30 ;18:00 ;0 ;0 ;08:30 ;60 ;7:30;11:30 ;12:30 ;1
3333 ;8299 ;IMPORT8299;De 07:00 a 17:00 R60 ;07:00 ;17:00 ;30 ;0 ;10:00 ;60 ;9:00;12:35 ;13:35 ;0
3334 ;8300 ;IMPORT8300;De 10:00 a 18:30 R60 ;10:00 ;18:30 ;15 ;15 ;08:30 ;60 ;7:30;14:40 ;15:40 ;1
3335 ;8301 ;IMPORT8301;De 10:00 a 18:30 R60 ;10:00 ;18:30 ;15 ;15 ;08:30 ;60 ;7:30;14:15 ;15:15 ;1
3336 ;8302 ;IMPORT8302;De 10:30 a 19:00 R60 ;10:30 ;19:00 ;15 ;15 ;08:30 ;60 ;7:30;15:00 ;16:00 ;1
3337 ;8303 ;IMPORT8303;De 12:30 a 21:00 R60 ;12:30 ;21:00 ;15 ;15 ;08:30 ;60 ;7:30;15:30 ;16:30 ;1
3338 ;8304 ;IMPORT8304;De 13:30 a 22:00 R60 ;13:30 ;22:00 ;15 ;15 ;08:30 ;60 ;7:30;16:30 ;17:30 ;1
3339 ;8305 ;IMPORT8305;De 10:00 a 18:30 R60 ;10:00 ;18:30 ;15 ;15 ;08:30 ;60 ;7:30;14:10 ;15:10 ;1
3340 ;8306 ;IMPORT8306;De 07:00 a 17:30 R60 ;07:00 ;17:30 ;15 ;15 ;10:30 ;60 ;9:30;10:40 ;11:40 ;0
3341 ;8307 ;IMPORT8307;De 11:00 a 19:30 R60 ;11:00 ;19:30 ;15 ;15 ;08:30 ;60 ;7:30;14:00 ;15:00 ;1
3342 ;8308 ;IMPORT8308;De 12:00 a 20:30 R60 ;12:00 ;20:30 ;15 ;15 ;08:30 ;60 ;7:30;15:15 ;16:15 ;1
3343 ;8309 ;IMPORT8309;De 23:30 a 05:30 R0 ;23:30 ;05:30 ;15 ;15 ;06:00 ;0 ;6:00;;;1
3344 ;8310 ;IMPORT8310;De 07:30 a 16:30 R60 ;07:30 ;16:30 ;30 ;0 ;09:00 ;60 ;8:00;14:15 ;15:15 ;1
3345 ;8311 ;IMPORT8311;De 07:45 a 16:45 R60 ;07:45 ;16:45 ;30 ;0 ;09:00 ;60 ;8:00;12:00 ;13:00 ;1
3346 ;8312 ;IMPORT8312;De 03:30 a 12:30 R60 ;03:30 ;12:30 ;15 ;15 ;09:00 ;60 ;8:00;09:30 ;10:30 ;1
3347 ;8313 ;IMPORT8313;De 22:30 a 07:30 R60 ;22:30 ;07:30 ;15 ;15 ;09:00 ;60 ;8:00;04:30 ;05:30 ;1
3348 ;8314 ;IMPORT8314;De 23:00 a 08:00 R60 ;23:00 ;08:00 ;15 ;15 ;09:00 ;60 ;8:00;06:00 ;07:00 ;1
3349 ;8333 ;IMPORT8333;De 08:30 a 19:00 R60 ;08:30 ;19:00 ;15 ;15 ;10:30 ;60 ;9:30;14:55 ;15:55 ;0
3350 ;8334 ;IMPORT8334;De 08:00 a 16:30 R60 ;08:00 ;16:30 ;15 ;15 ;08:30 ;60 ;7:30;11:00 ;12:00 ;1
3351 ;8335 ;IMPORT8335;De 18:00 a 03:00 R60 ;18:00 ;03:00 ;15 ;15 ;09:00 ;60 ;8:00;01:00 ;02:00 ;1
3352 ;8336 ;IMPORT8336;De 09:00 a 18:00 R60 ;09:00 ;18:00 ;30 ;0 ;09:00 ;60 ;8:00;15:45 ;16:45 ;1
3353 ;8337 ;IMPORT8337;De 12:15 a 21:15 R60 ;12:15 ;21:15 ;30 ;0 ;09:00 ;60 ;8:00;16:15 ;17:15 ;1
3354 ;8338 ;IMPORT8338;De 21:30 a 06:30 R60 ;21:30 ;06:30 ;15 ;15 ;09:00 ;60 ;8:00;04:00 ;05:00 ;1
3355 ;8339 ;IMPORT8339;De 05:00 a 11:00 R0 ;05:00 ;11:00 ;15 ;15 ;06:00 ;0 ;6:00;;;1
3356 ;8340 ;IMPORT8340;De 21:30 a 03:30 R0 ;21:30 ;03:30 ;15 ;15 ;06:00 ;0 ;6:00;;;1
3357 ;8341 ;IMPORT8341;De 07:00 a 17:30 R0 ;07:00 ;17:30 ;0 ;0 ;10:30 ;0 ;10:30;;;0
3358 ;8342 ;IMPORT8342;De 10:15 a 19:15 R60 ;10:15 ;19:15 ;30 ;0 ;09:00 ;60 ;8:00;14:15 ;15:15 ;1
3359 ;8343 ;IMPORT8343;De 09:45 a 18:45 R60 ;09:45 ;18:45 ;30 ;0 ;09:00 ;60 ;8:00;14:30 ;15:30 ;1
3360 ;8344 ;IMPORT8344;De 10:45 a 19:45 R60 ;10:45 ;19:45 ;30 ;0 ;09:00 ;60 ;8:00;15:15 ;16:15 ;1
3361 ;8345 ;IMPORT8345;De 11:45 a 20:45 R60 ;11:45 ;20:45 ;30 ;0 ;09:00 ;60 ;8:00;17:00 ;18:00 ;1
3362 ;8346 ;IMPORT8346;De 07:15 a 16:15 R60 ;07:15 ;16:15 ;30 ;0 ;09:00 ;60 ;8:00;14:15 ;15:15 ;1
3363 ;8347 ;IMPORT8347;De 08:00 a 17:00 R60 ;08:00 ;17:00 ;30 ;0 ;09:00 ;60 ;8:00;14:45 ;15:45 ;1
3364 ;8348 ;IMPORT8348;De 11:45 a 20:45 R60 ;11:45 ;20:45 ;30 ;0 ;09:00 ;60 ;8:00;16:00 ;17:00 ;1
3365 ;8349 ;IMPORT8349;De 12:45 a 21:45 R60 ;12:45 ;21:45 ;30 ;0 ;09:00 ;60 ;8:00;16:45 ;17:45 ;1
3366 ;8350 ;IMPORT8350;De 12:15 a 21:15 R60 ;12:15 ;21:15 ;30 ;0 ;09:00 ;60 ;8:00;18:00 ;19:00 ;1
3367 ;8351 ;IMPORT8351;De 12:45 a 21:45 R60 ;12:45 ;21:45 ;30 ;0 ;09:00 ;60 ;8:00;17:45 ;18:45 ;1
3368 ;8352 ;IMPORT8352;De 12:45 a 21:45 R60 ;12:45 ;21:45 ;30 ;0 ;09:00 ;60 ;8:00;17:55 ;18:55 ;1
3369 ;8353 ;IMPORT8353;De 13:15 a 22:15 R60 ;13:15 ;22:15 ;30 ;0 ;09:00 ;60 ;8:00;17:30 ;18:30 ;1
3370 ;8354 ;IMPORT8354;De 14:00 a 23:00 R60 ;14:00 ;23:00 ;30 ;0 ;09:00 ;60 ;8:00;20:45 ;21:45 ;1
3371 ;8355 ;IMPORT8355;De 10:45 a 19:45 R60 ;10:45 ;19:45 ;30 ;0 ;09:00 ;60 ;8:00;17:45 ;18:45 ;1
3372 ;8356 ;IMPORT8356;De 08:15 a 17:15 R60 ;08:15 ;17:15 ;30 ;0 ;09:00 ;60 ;8:00;13:45 ;14:45 ;1
3373 ;8357 ;IMPORT8357;De 08:15 a 17:15 R60 ;08:15 ;17:15 ;30 ;0 ;09:00 ;60 ;8:00;14:30 ;15:30 ;1
3374 ;8358 ;IMPORT8358;De 09:45 a 18:45 R60 ;09:45 ;18:45 ;30 ;0 ;09:00 ;60 ;8:00;16:45 ;17:45 ;1
3375 ;8359 ;IMPORT8359;De 08:15 a 17:15 R60 ;08:15 ;17:15 ;30 ;0 ;09:00 ;60 ;8:00;13:30 ;14:30 ;1
3376 ;8360 ;IMPORT8360;De 10:15 a 19:15 R60 ;10:15 ;19:15 ;30 ;0 ;09:00 ;60 ;8:00;15:45 ;16:45 ;1
3377 ;8361 ;IMPORT8361;De 11:45 a 20:45 R60 ;11:45 ;20:45 ;30 ;0 ;09:00 ;60 ;8:00;15:45 ;16:45 ;1
3378 ;8362 ;IMPORT8362;De 08:15 a 17:15 R60 ;08:15 ;17:15 ;30 ;0 ;09:00 ;60 ;8:00;12:40 ;13:40 ;1
3379 ;8363 ;IMPORT8363;De 08:15 a 17:15 R60 ;08:15 ;17:15 ;30 ;0 ;09:00 ;60 ;8:00;15:15 ;16:15 ;1
3380 ;8364 ;IMPORT8364;De 09:45 a 18:45 R60 ;09:45 ;18:45 ;30 ;0 ;09:00 ;60 ;8:00;16:30 ;17:30 ;1
3381 ;8365 ;IMPORT8365;De 13:15 a 22:15 R60 ;13:15 ;22:15 ;30 ;0 ;09:00 ;60 ;8:00;18:00 ;19:00 ;1
3382 ;8366 ;IMPORT8366;De 10:15 a 19:15 R60 ;10:15 ;19:15 ;30 ;0 ;09:00 ;60 ;8:00;16:30 ;17:30 ;1
3383 ;8367 ;IMPORT8367;De 11:45 a 20:45 R60 ;11:45 ;20:45 ;30 ;0 ;09:00 ;60 ;8:00;17:30 ;18:30 ;1
3384 ;8368 ;IMPORT8368;De 11:45 a 20:45 R60 ;11:45 ;20:45 ;30 ;0 ;09:00 ;60 ;8:00;18:30 ;19:30 ;1
3385 ;8369 ;IMPORT8369;De 10:15 a 19:15 R60 ;10:15 ;19:15 ;30 ;0 ;09:00 ;60 ;8:00;16:15 ;17:15 ;1
3386 ;8370 ;IMPORT8370;De 10:15 a 19:15 R60 ;10:15 ;19:15 ;30 ;0 ;09:00 ;60 ;8:00;16:25 ;17:25 ;1
3387 ;8371 ;IMPORT8371;De 11:15 a 20:15 R60 ;11:15 ;20:15 ;30 ;0 ;09:00 ;60 ;8:00;17:30 ;18:30 ;1
3388 ;8372 ;IMPORT8372;De 11:45 a 20:45 R60 ;11:45 ;20:45 ;30 ;0 ;09:00 ;60 ;8:00;18:15 ;19:15 ;1
3389 ;8373 ;IMPORT8373;De 12:00 a 21:00 R60 ;12:00 ;21:00 ;30 ;0 ;09:00 ;60 ;8:00;18:15 ;19:15 ;1
3390 ;8374 ;IMPORT8374;De 12:00 a 21:00 R60 ;12:00 ;21:00 ;30 ;0 ;09:00 ;60 ;8:00;18:25 ;19:25 ;1
3391 ;8375 ;IMPORT8375;De 10:30 a 19:00 R60 ;10:30 ;19:00 ;15 ;15 ;08:30 ;60 ;7:30;13:55 ;14:55 ;1
3392 ;8376 ;IMPORT8376;De 13:00 a 21:30 R60 ;13:00 ;21:30 ;15 ;15 ;08:30 ;60 ;7:30;18:00 ;19:00 ;1
3393 ;8377 ;IMPORT8377;De 12:15 a 21:15 R60 ;12:15 ;21:15 ;30 ;0 ;09:00 ;60 ;8:00;16:30 ;17:30 ;1
3394 ;8378 ;IMPORT8378;De 12:15 a 21:15 R60 ;12:15 ;21:15 ;30 ;0 ;09:00 ;60 ;8:00;18:30 ;19:30 ;1
3395 ;8379 ;IMPORT8379;De 12:45 a 21:45 R60 ;12:45 ;21:45 ;30 ;0 ;09:00 ;60 ;8:00;18:00 ;19:00 ;1
3396 ;8380 ;IMPORT8380;De 12:45 a 21:45 R60 ;12:45 ;21:45 ;30 ;0 ;09:00 ;60 ;8:00;18:45 ;19:45 ;1
3397 ;8381 ;IMPORT8381;De 09:30 a 18:30 R60 ;09:30 ;18:30 ;30 ;0 ;09:00 ;60 ;8:00;16:15 ;17:15 ;1
3398 ;8382 ;IMPORT8382;De 10:15 a 19:15 R60 ;10:15 ;19:15 ;30 ;0 ;09:00 ;60 ;8:00;17:00 ;18:00 ;1
3399 ;8383 ;IMPORT8383;De 11:30 a 20:30 R60 ;11:30 ;20:30 ;30 ;0 ;09:00 ;60 ;8:00;18:25 ;19:25 ;1
3400 ;8384 ;IMPORT8384;De 11:45 a 20:45 R60 ;11:45 ;20:45 ;30 ;0 ;09:00 ;60 ;8:00;18:45 ;19:45 ;1
3401 ;8385 ;IMPORT8385;De 13:15 a 22:15 R60 ;13:15 ;22:15 ;30 ;0 ;09:00 ;60 ;8:00;18:45 ;19:45 ;1
3402 ;8386 ;IMPORT8386;De 10:45 a 19:45 R60 ;10:45 ;19:45 ;30 ;0 ;09:00 ;60 ;8:00;17:15 ;18:15 ;1
3403 ;8387 ;IMPORT8387;De 10:45 a 19:45 R60 ;10:45 ;19:45 ;30 ;0 ;09:00 ;60 ;8:00;17:30 ;18:30 ;1
3404 ;8388 ;IMPORT8388;De 12:00 a 21:00 R60 ;12:00 ;21:00 ;30 ;0 ;09:00 ;60 ;8:00;18:45 ;19:45 ;1
3405 ;8389 ;IMPORT8389;De 12:15 a 21:15 R60 ;12:15 ;21:15 ;30 ;0 ;09:00 ;60 ;8:00;16:45 ;17:45 ;1
3406 ;8390 ;IMPORT8390;De 12:15 a 21:15 R60 ;12:15 ;21:15 ;30 ;0 ;09:00 ;60 ;8:00;18:15 ;19:15 ;1
3407 ;8391 ;IMPORT8391;De 12:45 a 21:45 R60 ;12:45 ;21:45 ;30 ;0 ;09:00 ;60 ;8:00;18:30 ;19:30 ;1
3408 ;8392 ;IMPORT8392;De 12:45 a 21:45 R60 ;12:45 ;21:45 ;30 ;0 ;09:00 ;60 ;8:00;19:15 ;20:15 ;1
3409 ;8393 ;IMPORT8393;De 13:15 a 22:15 R60 ;13:15 ;22:15 ;30 ;0 ;09:00 ;60 ;8:00;18:30 ;19:30 ;1
3410 ;8394 ;IMPORT8394;De 11:00 a 20:00 R60 ;11:00 ;20:00 ;15 ;15 ;09:00 ;60 ;8:00;18:30 ;19:30 ;1
3411 ;8395 ;IMPORT8395;De 04:00 a 11:30 R0 ;04:00 ;11:30 ;0 ;0 ;07:30 ;0 ;7:30;;;0
3412 ;8396 ;IMPORT8396;De 04:30 a 12:00 R0 ;04:30 ;12:00 ;0 ;0 ;07:30 ;0 ;7:30;;;0
3413 ;8397 ;IMPORT8397;De 05:00 a 12:30 R0 ;05:00 ;12:30 ;0 ;0 ;07:30 ;0 ;7:30;;;0
3414 ;8398 ;IMPORT8398;De 19:00 a 04:00 R60 ;19:00 ;04:00 ;15 ;15 ;09:00 ;60 ;8:00;01:30 ;02:30 ;1
3415 ;8399 ;IMPORT8399;De 00:00 a 09:00 R60 ;00:00 ;09:00 ;15 ;15 ;09:00 ;60 ;8:00;07:00 ;08:00 ;1
3416 ;8400 ;IMPORT8400;De 07:00 a 17:30 R60 ;07:00 ;17:30 ;15 ;15 ;10:30 ;60 ;9:30;12:50 ;13:50 ;0
3417 ;8401 ;IMPORT8401;De 20:30 a 02:30 R0 ;20:30 ;02:30 ;15 ;15 ;06:00 ;0 ;6:00;;;1
3418 ;8402 ;IMPORT8402;De 18:30 a 03:30 R60 ;18:30 ;03:30 ;15 ;15 ;09:00 ;60 ;8:00;01:30 ;02:30 ;1
3419 ;8403 ;IMPORT8403;De 20:00 a 05:00 R60 ;20:00 ;05:00 ;15 ;15 ;09:00 ;60 ;8:00;03:00 ;04:00 ;1
3420 ;8404 ;IMPORT8404;De 11:30 a 20:00 R60 ;11:30 ;20:00 ;15 ;15 ;08:30 ;60 ;7:30;14:35 ;15:35 ;1
3421 ;8405 ;IMPORT8405;De 08:00 a 18:30 R60 ;08:00 ;18:30 ;15 ;15 ;10:30 ;60 ;9:30;13:40 ;14:40 ;0
3422 ;8406 ;IMPORT8406;De 08:00 a 19:00 R60 ;08:00 ;19:00 ;30 ;0 ;11:00 ;60 ;10:00;16:30 ;17:30 ;0
3423 ;8407 ;IMPORT8407;De 06:00 a 14:30 R60 ;06:00 ;14:30 ;15 ;15 ;08:30 ;60 ;7:30;10:45 ;11:45 ;1
3424 ;8408 ;IMPORT8408;De 09:00 a 16:00 R60 ;09:00 ;16:00 ;30 ;0 ;07:00 ;60 ;6:00;12:00 ;13:00 ;1
3425 ;8409 ;IMPORT8409;De 08:00 a 19:00 R60 ;08:00 ;19:00 ;15 ;15 ;11:00 ;60 ;10:00;15:20 ;16:20 ;0
3426 ;8410 ;IMPORT8410;De 13:30 a 22:00 R60 ;13:30 ;22:00 ;15 ;15 ;08:30 ;60 ;7:30;18:30 ;19:30 ;1
3427 ;8411 ;IMPORT8411;De 09:30 a 18:00 R30 ;09:30 ;18:00 ;15 ;15 ;08:30 ;30 ;8:00;14:00 ;14:30 ;1
3428 ;8412 ;IMPORT8412;De 09:00 a 17:30 R30 ;09:00 ;17:30 ;15 ;15 ;08:30 ;30 ;8:00;12:50 ;13:20 ;1
3429 ;8413 ;IMPORT8413;De 09:30 a 18:00 R30 ;09:30 ;18:00 ;15 ;15 ;08:30 ;30 ;8:00;12:50 ;13:20 ;1
3430 ;8414 ;IMPORT8414;De 16:00 a 01:00 R60 ;16:00 ;01:00 ;15 ;15 ;09:00 ;60 ;8:00;23:00 ;00:00 ;1
3431 ;8415 ;IMPORT8415;De 07:00 a 17:30 R60 ;07:00 ;17:30 ;15 ;15 ;10:30 ;60 ;9:30;13:45 ;14:45 ;0
3432 ;8416 ;IMPORT8416;De 08:15 a 17:15 R60 ;08:15 ;17:15 ;30 ;0 ;09:00 ;60 ;8:00;14:15 ;15:15 ;1
3433 ;8417 ;IMPORT8417;De 09:30 a 18:00 R30 ;09:30 ;18:00 ;15 ;15 ;08:30 ;30 ;8:00;12:55 ;13:25 ;1
3434 ;8418 ;IMPORT8418;De 09:30 a 18:00 R30 ;09:30 ;18:00 ;15 ;15 ;08:30 ;30 ;8:00;13:20 ;13:50 ;1
3435 ;8419 ;IMPORT8419;De 09:30 a 18:00 R30 ;09:30 ;18:00 ;15 ;15 ;08:30 ;30 ;8:00;13:50 ;14:20 ;1
3436 ;8420 ;IMPORT8420;De 09:30 a 18:00 R30 ;09:30 ;18:00 ;15 ;15 ;08:30 ;30 ;8:00;13:25 ;13:55 ;1
3437 ;8421 ;IMPORT8421;De 06:00 a 14:30 R30 ;06:00 ;14:30 ;15 ;15 ;08:30 ;30 ;8:00;11:25 ;11:55 ;1
3438 ;8422 ;IMPORT8422;De 03:30 a 09:30 R0 ;03:30 ;09:30 ;15 ;15 ;06:00 ;0 ;6:00;;;1
3439 ;8423 ;IMPORT8423;De 09:30 a 18:00 R30 ;09:30 ;18:00 ;15 ;15 ;08:30 ;30 ;8:00;14:05 ;14:35 ;1
3440 ;8424 ;IMPORT8424;De 09:30 a 18:00 R30 ;09:30 ;18:00 ;15 ;15 ;08:30 ;30 ;8:00;14:30 ;15:00 ;1
3441 ;8425 ;IMPORT8425;De 09:30 a 18:00 R30 ;09:30 ;18:00 ;15 ;15 ;08:30 ;30 ;8:00;14:50 ;15:20 ;1
3442 ;8426 ;IMPORT8426;De 09:00 a 17:30 R30 ;09:00 ;17:30 ;15 ;15 ;08:30 ;30 ;8:00;12:20 ;12:50 ;1
3443 ;8427 ;IMPORT8427;De 09:00 a 17:30 R30 ;09:00 ;17:30 ;15 ;15 ;08:30 ;30 ;8:00;12:25 ;12:55 ;1
3444 ;8428 ;IMPORT8428;De 09:30 a 18:00 R30 ;09:30 ;18:00 ;15 ;15 ;08:30 ;30 ;8:00;13:10 ;13:40 ;1
3445 ;8429 ;IMPORT8429;De 17:00 a 02:00 R60 ;17:00 ;02:00 ;15 ;15 ;09:00 ;60 ;8:00;00:00 ;01:00 ;1
3446 ;8430 ;IMPORT8430;De 12:30 a 21:00 R60 ;12:30 ;21:00 ;15 ;15 ;08:30 ;60 ;7:30;16:00 ;17:00 ;1
3447 ;8431 ;IMPORT8431;De 10:45 a 19:45 R60 ;10:45 ;19:45 ;30 ;0 ;09:00 ;60 ;8:00;14:45 ;15:45 ;1
3448 ;8432 ;IMPORT8432;De 11:00 a 19:30 R60 ;11:00 ;19:30 ;0 ;0 ;08:30 ;60 ;7:30;13:00 ;14:00 ;1
3449 ;8433 ;IMPORT8433;De 10:45 a 19:45 R60 ;10:45 ;19:45 ;30 ;0 ;09:00 ;60 ;8:00;16:30 ;17:30 ;1
3450 ;8434 ;IMPORT8434;De 15:30 a 00:30 R60 ;15:30 ;00:30 ;15 ;15 ;09:00 ;60 ;8:00;22:00 ;23:00 ;1
3451 ;8435 ;IMPORT8435;De 06:15 a 15:15 R60 ;06:15 ;15:15 ;30 ;0 ;09:00 ;60 ;8:00;10:30 ;11:30 ;1
3452 ;8436 ;IMPORT8436;De 08:00 a 17:00 R60 ;08:00 ;17:00 ;30 ;0 ;09:00 ;60 ;8:00;14:55 ;15:55 ;1
3453 ;8437 ;IMPORT8437;De 10:00 a 17:00 R60 ;10:00 ;17:00 ;15 ;15 ;07:00 ;60 ;6:00;13:05 ;14:05 ;1
3454 ;8438 ;IMPORT8438;De 10:00 a 18:00 R60 ;10:00 ;18:00 ;30 ;0 ;08:00 ;60 ;7:00;14:50 ;15:50 ;1
3455 ;8439 ;IMPORT8439;De 22:30 a 04:30 R0 ;22:30 ;04:30 ;15 ;15 ;06:00 ;0 ;6:00;;;1
3456 ;8440 ;IMPORT8440;De 11:15 a 20:15 R60 ;11:15 ;20:15 ;30 ;0 ;09:00 ;60 ;8:00;18:00 ;19:00 ;1
3457 ;8441 ;IMPORT8441;De 12:45 a 21:45 R60 ;12:45 ;21:45 ;30 ;0 ;09:00 ;60 ;8:00;17:30 ;18:30 ;1
3458 ;8442 ;IMPORT8442;De 12:45 a 21:45 R60 ;12:45 ;21:45 ;30 ;0 ;09:00 ;60 ;8:00;18:25 ;19:25 ;1
3459 ;8443 ;IMPORT8443;De 09:15 a 18:15 R60 ;09:15 ;18:15 ;30 ;0 ;09:00 ;60 ;8:00;16:15 ;17:15 ;1
3460 ;8444 ;IMPORT8444;De 10:15 a 19:15 R60 ;10:15 ;19:15 ;30 ;0 ;09:00 ;60 ;8:00;17:15 ;18:15 ;1
3461 ;8445 ;IMPORT8445;De 08:15 a 17:15 R60 ;08:15 ;17:15 ;30 ;0 ;09:00 ;60 ;8:00;12:30 ;13:30 ;1
3462 ;8446 ;IMPORT8446;De 08:30 a 17:30 R60 ;08:30 ;17:30 ;30 ;0 ;09:00 ;60 ;8:00;14:45 ;15:45 ;1
3463 ;8447 ;IMPORT8447;De 11:15 a 20:15 R60 ;11:15 ;20:15 ;30 ;0 ;09:00 ;60 ;8:00;18:15 ;19:15 ;1
3464 ;8448 ;IMPORT8448;De 12:45 a 21:45 R60 ;12:45 ;21:45 ;30 ;0 ;09:00 ;60 ;8:00;17:25 ;18:25 ;1
3465 ;8449 ;IMPORT8449;De 08:15 a 17:15 R60 ;08:15 ;17:15 ;30 ;0 ;09:00 ;60 ;8:00;13:15 ;14:15 ;1
3466 ;8450 ;IMPORT8450;De 14:15 a 23:15 R60 ;14:15 ;23:15 ;30 ;0 ;09:00 ;60 ;8:00;20:30 ;21:30 ;1
3467 ;8451 ;IMPORT8451;De 08:45 a 17:45 R60 ;08:45 ;17:45 ;30 ;0 ;09:00 ;60 ;8:00;15:45 ;16:45 ;1
3468 ;8452 ;IMPORT8452;De 13:45 a 22:45 R60 ;13:45 ;22:45 ;30 ;0 ;09:00 ;60 ;8:00;18:30 ;19:30 ;1
3469 ;8453 ;IMPORT8453;De 11:15 a 20:15 R60 ;11:15 ;20:15 ;30 ;0 ;09:00 ;60 ;8:00;16:45 ;17:45 ;1
3470 ;8454 ;IMPORT8454;De 11:15 a 20:15 R60 ;11:15 ;20:15 ;30 ;0 ;09:00 ;60 ;8:00;17:45 ;18:45 ;1
3471 ;8455 ;IMPORT8455;De 10:30 a 19:30 R60 ;10:30 ;19:30 ;30 ;0 ;09:00 ;60 ;8:00;16:45 ;17:45 ;1
3472 ;8456 ;IMPORT8456;De 11:30 a 20:30 R60 ;11:30 ;20:30 ;30 ;0 ;09:00 ;60 ;8:00;18:15 ;19:15 ;1
3473 ;8457 ;IMPORT8457;De 07:45 a 16:45 R60 ;07:45 ;16:45 ;30 ;0 ;09:00 ;60 ;8:00;12:45 ;13:45 ;1
3474 ;8458 ;IMPORT8458;De 08:30 a 17:30 R60 ;08:30 ;17:30 ;30 ;0 ;09:00 ;60 ;8:00;15:10 ;16:10 ;1
3475 ;8459 ;IMPORT8459;De 10:00 a 19:00 R60 ;10:00 ;19:00 ;30 ;0 ;09:00 ;60 ;8:00;15:55 ;16:55 ;1
3476 ;8460 ;IMPORT8460;De 12:15 a 21:15 R60 ;12:15 ;21:15 ;30 ;0 ;09:00 ;60 ;8:00;17:00 ;18:00 ;1
3477 ;8461 ;IMPORT8461;De 12:15 a 21:15 R60 ;12:15 ;21:15 ;30 ;0 ;09:00 ;60 ;8:00;17:30 ;18:30 ;1
3478 ;8462 ;IMPORT8462;De 12:30 a 21:30 R60 ;12:30 ;21:30 ;30 ;0 ;09:00 ;60 ;8:00;18:45 ;19:45 ;1
3479 ;8463 ;IMPORT8463;De 12:45 a 21:45 R60 ;12:45 ;21:45 ;30 ;0 ;09:00 ;60 ;8:00;17:00 ;18:00 ;1
3480 ;8464 ;IMPORT8464;De 12:45 a 21:45 R60 ;12:45 ;21:45 ;30 ;0 ;09:00 ;60 ;8:00;19:00 ;20:00 ;1
3481 ;8465 ;IMPORT8465;De 13:15 a 22:15 R60 ;13:15 ;22:15 ;30 ;0 ;09:00 ;60 ;8:00;19:15 ;20:15 ;1
3482 ;8466 ;IMPORT8466;De 12:45 a 21:45 R60 ;12:45 ;21:45 ;30 ;0 ;09:00 ;60 ;8:00;17:15 ;18:15 ;1
3483 ;8467 ;IMPORT8467;De 00:30 a 09:30 R60 ;00:30 ;09:30 ;30 ;0 ;09:00 ;60 ;8:00;07:00 ;08:00 ;1
3484 ;8468 ;IMPORT8468;De 05:30 a 14:30 R60 ;05:30 ;14:30 ;30 ;0 ;09:00 ;60 ;8:00;09:30 ;10:30 ;1
3485 ;8469 ;IMPORT8469;De 13:45 a 22:45 R60 ;13:45 ;22:45 ;30 ;0 ;09:00 ;60 ;8:00;18:00 ;19:00 ;1
3486 ;8470 ;IMPORT8470;De 17:30 a 02:30 R60 ;17:30 ;02:30 ;30 ;0 ;09:00 ;60 ;8:00;00:30 ;01:30 ;1
3487 ;8471 ;IMPORT8471;De 17:45 a 02:45 R60 ;17:45 ;02:45 ;30 ;0 ;09:00 ;60 ;8:00;00:00 ;01:00 ;1
3488 ;8472 ;IMPORT8472;De 17:45 a 02:45 R60 ;17:45 ;02:45 ;30 ;0 ;09:00 ;60 ;8:00;00:30 ;01:30 ;1
3489 ;8473 ;IMPORT8473;De 17:45 a 02:45 R60 ;17:45 ;02:45 ;30 ;0 ;09:00 ;60 ;8:00;22:30 ;23:30 ;1
3490 ;8474 ;IMPORT8474;De 18:00 a 03:00 R60 ;18:00 ;03:00 ;30 ;0 ;09:00 ;60 ;8:00;22:45 ;23:45 ;1
3491 ;8475 ;IMPORT8475;De 18:15 a 03:15 R60 ;18:15 ;03:15 ;30 ;0 ;09:00 ;60 ;8:00;00:30 ;01:30 ;1
3492 ;8476 ;IMPORT8476;De 19:15 a 04:15 R60 ;19:15 ;04:15 ;30 ;0 ;09:00 ;60 ;8:00;00:00 ;01:00 ;1
3493 ;8477 ;IMPORT8477;De 20:45 a 05:45 R60 ;20:45 ;05:45 ;30 ;0 ;09:00 ;60 ;8:00;00:45 ;01:45 ;1
3494 ;8478 ;IMPORT8478;De 02:00 a 11:00 R60 ;02:00 ;11:00 ;15 ;15 ;09:00 ;60 ;8:00;09:00 ;10:00 ;1
3495 ;8479 ;IMPORT8479;De 08:15 a 17:15 R60 ;08:15 ;17:15 ;30 ;0 ;09:00 ;60 ;8:00;13:00 ;14:00 ;1
3496 ;8480 ;IMPORT8480;De 11:00 a 19:30 R60 ;11:00 ;19:30 ;15 ;15 ;08:30 ;60 ;7:30;14:45 ;15:45 ;1
3497 ;8481 ;IMPORT8481;De 07:00 a 17:30 R60 ;07:00 ;17:30 ;15 ;15 ;10:30 ;60 ;9:30;11:25 ;12:25 ;0
3498 ;8482 ;IMPORT8482;De 20:00 a 05:00 R60 ;20:00 ;05:00 ;15 ;15 ;09:00 ;60 ;8:00;02:30 ;03:30 ;1
3499 ;8483 ;IMPORT8483;De 11:00 a 19:30 R60 ;11:00 ;19:30 ;15 ;15 ;08:30 ;60 ;7:30;15:00 ;16:00 ;1
3500 ;8484 ;IMPORT8484;De 08:15 a 17:15 R60 ;08:15 ;17:15 ;30 ;0 ;09:00 ;60 ;8:00;12:45 ;13:45 ;1
3501 ;8485 ;IMPORT8485;De 10:00 a 18:30 R60 ;10:00 ;18:30 ;15 ;15 ;08:30 ;60 ;7:30;14:45 ;15:45 ;1
3502 ;8486 ;IMPORT8486;De 11:15 a 20:15 R60 ;11:15 ;20:15 ;30 ;0 ;09:00 ;60 ;8:00;15:45 ;16:45 ;1
3503 ;8487 ;IMPORT8487;De 08:00 a 16:30 R60 ;08:00 ;16:30 ;15 ;15 ;08:30 ;60 ;7:30;13:25 ;14:25 ;1
3504 ;8488 ;IMPORT8488;De 14:15 a 23:15 R60 ;14:15 ;23:15 ;30 ;0 ;09:00 ;60 ;8:00;18:15 ;19:15 ;1
3505 ;8489 ;IMPORT8489;De 15:15 a 00:15 R60 ;15:15 ;00:15 ;30 ;0 ;09:00 ;60 ;8:00;19:15 ;20:15 ;1
3506 ;8490 ;IMPORT8490;De 15:15 a 00:15 R60 ;15:15 ;00:15 ;30 ;0 ;09:00 ;60 ;8:00;22:15 ;23:15 ;1
3507 ;8491 ;IMPORT8491;De 07:00 a 15:30 R60 ;07:00 ;15:30 ;15 ;15 ;08:30 ;60 ;7:30;12:30 ;13:30 ;1
3508 ;8492 ;IMPORT8492;De 08:15 a 17:15 R60 ;08:15 ;17:15 ;30 ;0 ;09:00 ;60 ;8:00;13:25 ;14:25 ;1
3509 ;8493 ;IMPORT8493;De 08:15 a 17:15 R60 ;08:15 ;17:15 ;30 ;0 ;09:00 ;60 ;8:00;14:45 ;15:45 ;1
3510 ;8494 ;IMPORT8494;De 09:00 a 17:30 R60 ;09:00 ;17:30 ;15 ;15 ;08:30 ;60 ;7:30;12:40 ;13:40 ;1
3511 ;8495 ;IMPORT8495;De 09:45 a 18:45 R60 ;09:45 ;18:45 ;30 ;0 ;09:00 ;60 ;8:00;16:00 ;17:00 ;1
3512 ;8496 ;IMPORT8496;De 13:45 a 22:45 R60 ;13:45 ;22:45 ;30 ;0 ;09:00 ;60 ;8:00;18:15 ;19:15 ;1
3513 ;8497 ;IMPORT8497;De 08:15 a 17:15 R60 ;08:15 ;17:15 ;30 ;0 ;09:00 ;60 ;8:00;14:05 ;15:05 ;1
3514 ;8498 ;IMPORT8498;De 09:45 a 18:45 R60 ;09:45 ;18:45 ;30 ;0 ;09:00 ;60 ;8:00;13:45 ;14:45 ;1
3515 ;8499 ;IMPORT8499;De 09:00 a 17:30 R60 ;09:00 ;17:30 ;15 ;15 ;08:30 ;60 ;7:30;13:25 ;14:25 ;1
3516 ;8500 ;IMPORT8500;De 10:15 a 19:15 R60 ;10:15 ;19:15 ;30 ;0 ;09:00 ;60 ;8:00;16:00 ;17:00 ;1
3517 ;8501 ;IMPORT8501;De 10:45 a 19:45 R60 ;10:45 ;19:45 ;30 ;0 ;09:00 ;60 ;8:00;15:30 ;16:30 ;1
3518 ;8502 ;IMPORT8502;De 12:00 a 23:00 R60 ;12:00 ;23:00 ;30 ;0 ;11:00 ;60 ;10:00;18:00 ;19:00 ;0
3519 ;8503 ;IMPORT8503;De 12:00 a 23:00 R60 ;12:00 ;23:00 ;30 ;0 ;11:00 ;60 ;10:00;19:30 ;20:30 ;0
3520 ;8504 ;IMPORT8504;De 13:15 a 22:15 R60 ;13:15 ;22:15 ;30 ;0 ;09:00 ;60 ;8:00;18:15 ;19:15 ;1
3521 ;8505 ;IMPORT8505;De 13:45 a 22:45 R60 ;13:45 ;22:45 ;30 ;0 ;09:00 ;60 ;8:00;20:45 ;21:45 ;1
3522 ;8506 ;IMPORT8506;De 08:45 a 17:45 R60 ;08:45 ;17:45 ;30 ;0 ;09:00 ;60 ;8:00;12:45 ;13:45 ;1
3523 ;8507 ;IMPORT8507;De 09:45 a 18:45 R60 ;09:45 ;18:45 ;30 ;0 ;09:00 ;60 ;8:00;16:15 ;17:15 ;1
3524 ;8508 ;IMPORT8508;De 13:15 a 22:15 R60 ;13:15 ;22:15 ;30 ;0 ;09:00 ;60 ;8:00;19:00 ;20:00 ;1
3525 ;8509 ;IMPORT8509;De 13:45 a 22:45 R60 ;13:45 ;22:45 ;30 ;0 ;09:00 ;60 ;8:00;17:45 ;18:45 ;1
3526 ;8510 ;IMPORT8510;De 15:15 a 00:15 R60 ;15:15 ;00:15 ;30 ;0 ;09:00 ;60 ;8:00;22:00 ;23:00 ;1
3527 ;8511 ;IMPORT8511;De 08:00 a 14:15 R0 ;08:00 ;14:15 ;30 ;0 ;06:15 ;0 ;6:15;;;1
3528 ;8512 ;IMPORT8512;De 08:00 a 16:30 R60 ;08:00 ;16:30 ;15 ;15 ;08:30 ;60 ;7:30;13:15 ;14:15 ;1
3529 ;8513 ;IMPORT8513;De 11:45 a 20:45 R60 ;11:45 ;20:45 ;30 ;0 ;09:00 ;60 ;8:00;16:15 ;17:15 ;1
3530 ;8514 ;IMPORT8514;De 02:00 a 11:00 R60 ;02:00 ;11:00 ;30 ;0 ;09:00 ;60 ;8:00;08:30 ;09:30 ;1
3531 ;8515 ;IMPORT8515;De 02:00 a 11:00 R60 ;02:00 ;11:00 ;30 ;0 ;09:00 ;60 ;8:00;08:45 ;09:45 ;1
3532 ;8516 ;IMPORT8516;De 12:15 a 21:15 R60 ;12:15 ;21:15 ;30 ;0 ;09:00 ;60 ;8:00;18:10 ;19:10 ;1
3533 ;8517 ;IMPORT8517;De 23:45 a 08:45 R60 ;23:45 ;08:45 ;30 ;0 ;09:00 ;60 ;8:00;06:45 ;07:45 ;1
3534 ;8518 ;IMPORT8518;De 08:00 a 16:30 R60 ;08:00 ;16:30 ;15 ;15 ;08:30 ;60 ;7:30;11:25 ;12:25 ;1
3535 ;8519 ;IMPORT8519;De 14:00 a 23:00 R60 ;14:00 ;23:00 ;30 ;0 ;09:00 ;60 ;8:00;19:15 ;20:15 ;1
3536 ;8520 ;IMPORT8520;De 14:00 a 23:00 R60 ;14:00 ;23:00 ;30 ;0 ;09:00 ;60 ;8:00;20:20 ;21:20 ;1
3537 ;8521 ;IMPORT8521;De 12:30 a 21:00 R60 ;12:30 ;21:00 ;0 ;0 ;08:30 ;60 ;7:30;15:15 ;16:15 ;1
3538 ;8522 ;IMPORT8522;De 12:00 a 23:00 R60 ;12:00 ;23:00 ;15 ;15 ;11:00 ;60 ;10:00;15:10 ;16:10 ;0
3539 ;8523 ;IMPORT8523;De 07:00 a 16:00 R60 ;07:00 ;16:00 ;30 ;0 ;09:00 ;60 ;8:00;13:25 ;14:25 ;1
3540 ;8524 ;IMPORT8524;De 12:00 a 23:00 R60 ;12:00 ;23:00 ;15 ;15 ;11:00 ;60 ;10:00;15:15 ;16:15 ;0
3541 ;8525 ;IMPORT8525;De 12:00 a 23:00 R60 ;12:00 ;23:00 ;15 ;15 ;11:00 ;60 ;10:00;16:30 ;17:30 ;0
3542 ;8526 ;IMPORT8526;De 07:45 a 16:45 R60 ;07:45 ;16:45 ;30 ;0 ;09:00 ;60 ;8:00;13:30 ;14:30 ;1
3543 ;8527 ;IMPORT8527;De 07:45 a 16:45 R60 ;07:45 ;16:45 ;30 ;0 ;09:00 ;60 ;8:00;14:30 ;15:30 ;1
3544 ;6000 ;NT6000;De 00:00 a 07:00 R0 ;00:00 ;07:00 ;0 ;0 ;07:00 ;0 ;7:00;;;0
3545 ;6001 ;NT6001;De 00:00 a 08:00 R60 ;00:00 ;08:00 ;0 ;0 ;08:00 ;60 ;7:00;;;1
3546 ;6002 ;NT6002;De 00:00 a 08:30 R0 ;00:00 ;08:30 ;0 ;0 ;08:30 ;0 ;8:30;;;0
3547 ;6003 ;NT6003;De 00:00 a 10:00 R0 ;00:00 ;10:00 ;0 ;0 ;10:00 ;0 ;10:00;;;0
3548 ;6004 ;NT6004;De 00:30 a 07:30 R0 ;00:30 ;07:30 ;0 ;0 ;07:00 ;0 ;7:00;;;0
3549 ;6005 ;NT6005;De 01:00 a 05:00 R0 ;01:00 ;05:00 ;0 ;0 ;04:00 ;0 ;4:00;;;0
3550 ;6006 ;NT6006;De 01:00 a 11:00 R60 ;01:00 ;11:00 ;0 ;0 ;10:00 ;60 ;9:00;;;0
3551 ;6007 ;NT6007;De 02:00 a 07:00 R0 ;02:00 ;07:00 ;0 ;0 ;05:00 ;0 ;5:00;;;0
3552 ;6008 ;NT6008;De 03:00 a 13:00 R60 ;03:00 ;13:00 ;0 ;0 ;10:00 ;60 ;9:00;;;0
3553 ;6009 ;NT6009;De 03:30 a 13:30 R60 ;03:30 ;13:30 ;0 ;0 ;10:00 ;60 ;9:00;;;0
3554 ;6010 ;NT6010;De 04:00 a 12:00 R60 ;04:00 ;12:00 ;0 ;0 ;08:00 ;60 ;7:00;;;1
3555 ;6011 ;NT6011;De 04:30 a 12:30 R60 ;04:30 ;12:30 ;0 ;0 ;08:00 ;60 ;7:00;;;1
3556 ;6012 ;NT6012;De 05:00 a 09:00 R0 ;05:00 ;09:00 ;0 ;0 ;04:00 ;0 ;4:00;;;0
3557 ;6013 ;NT6013;De 05:00 a 12:00 R0 ;05:00 ;12:00 ;0 ;0 ;07:00 ;0 ;7:00;;;0
3558 ;6014 ;NT6014;De 05:00 a 13:00 R0 ;05:00 ;13:00 ;0 ;0 ;08:00 ;0 ;8:00;;;0
3559 ;6015 ;NT6015;De 05:00 a 13:00 R60 ;05:00 ;13:00 ;0 ;0 ;08:00 ;60 ;7:00;;;1
3560 ;6016 ;NT6016;De 05:00 a 14:00 R60 ;05:00 ;14:00 ;0 ;0 ;09:00 ;60 ;8:00;;;1
3561 ;6017 ;NT6017;De 05:00 a 15:00 R60 ;05:00 ;15:00 ;0 ;0 ;10:00 ;60 ;9:00;;;0
3562 ;6018 ;NT6018;De 05:30 a 08:30 R0 ;05:30 ;08:30 ;0 ;0 ;03:00 ;0 ;3:00;;;0
3563 ;6019 ;NT6019;De 05:30 a 12:30 R0 ;05:30 ;12:30 ;0 ;0 ;07:00 ;0 ;7:00;;;0
3564 ;6020 ;NT6020;De 05:30 a 13:30 R0 ;05:30 ;13:30 ;0 ;0 ;08:00 ;0 ;8:00;;;0
3565 ;6021 ;NT6021;De 05:30 a 13:30 R60 ;05:30 ;13:30 ;0 ;0 ;08:00 ;60 ;7:00;;;1
3566 ;6022 ;NT6022;De 05:30 a 14:30 R60 ;05:30 ;14:30 ;0 ;0 ;09:00 ;60 ;8:00;;;1
3567 ;6023 ;NT6023;De 05:30 a 15:30 R60 ;05:30 ;15:30 ;0 ;0 ;10:00 ;60 ;9:00;;;0
3568 ;6024 ;NT6024;De 06:00 a 10:00 R0 ;06:00 ;10:00 ;0 ;0 ;04:00 ;0 ;4:00;;;0
3569 ;6025 ;NT6025;De 06:00 a 10:30 R0 ;06:00 ;10:30 ;0 ;0 ;04:30 ;0 ;4:30;;;0
3570 ;6026 ;NT6026;De 06:00 a 11:00 R0 ;06:00 ;11:00 ;0 ;0 ;05:00 ;0 ;5:00;;;0
3571 ;6027 ;NT6027;De 06:00 a 11:30 R0 ;06:00 ;11:30 ;0 ;0 ;05:30 ;0 ;5:30;;;0
3572 ;6028 ;NT6028;De 06:00 a 12:00 R0 ;06:00 ;12:00 ;0 ;0 ;06:00 ;0 ;6:00;;;0
3573 ;6029 ;NT6029;De 06:00 a 12:30 R0 ;06:00 ;12:30 ;0 ;0 ;06:30 ;0 ;6:30;;;0
3574 ;6030 ;NT6030;De 06:00 a 13:00 R0 ;06:00 ;13:00 ;0 ;0 ;07:00 ;0 ;7:00;;;0
3575 ;6031 ;NT6031;De 06:00 a 13:30 R0 ;06:00 ;13:30 ;0 ;0 ;07:30 ;0 ;7:30;;;0
3576 ;6032 ;NT6032;De 06:00 a 14:00 R0 ;06:00 ;14:00 ;0 ;0 ;08:00 ;0 ;8:00;;;0
3577 ;6033 ;NT6033;De 06:00 a 14:00 R60 ;06:00 ;14:00 ;0 ;0 ;08:00 ;60 ;7:00;;;1
3578 ;6034 ;NT6034;De 06:00 a 14:30 R0 ;06:00 ;14:30 ;0 ;0 ;08:30 ;0 ;8:30;;;0
3579 ;6035 ;NT6035;De 06:00 a 15:00 R0 ;06:00 ;15:00 ;0 ;0 ;09:00 ;0 ;9:00;;;0
3580 ;6036 ;NT6036;De 06:00 a 15:00 R60 ;06:00 ;15:00 ;0 ;0 ;09:00 ;60 ;8:00;;;1
3581 ;6037 ;NT6037;De 06:00 a 15:30 R0 ;06:00 ;15:30 ;0 ;0 ;09:30 ;0 ;9:30;;;0
3582 ;6038 ;NT6038;De 06:00 a 16:00 R0 ;06:00 ;16:00 ;0 ;0 ;10:00 ;0 ;10:00;;;0
3583 ;6039 ;NT6039;De 06:00 a 16:00 R60 ;06:00 ;16:00 ;0 ;0 ;10:00 ;60 ;9:00;;;0
3584 ;6040 ;NT6040;De 06:00 a 17:00 R60 ;06:00 ;17:00 ;0 ;0 ;11:00 ;60 ;10:00;;;0
3585 ;6041 ;NT6041;De 06:30 a 11:30 R0 ;06:30 ;11:30 ;0 ;0 ;05:00 ;0 ;5:00;;;0
3586 ;6042 ;NT6042;De 06:30 a 13:30 R0 ;06:30 ;13:30 ;0 ;0 ;07:00 ;0 ;7:00;;;0
3587 ;6043 ;NT6043;De 06:30 a 14:30 R0 ;06:30 ;14:30 ;0 ;0 ;08:00 ;0 ;8:00;;;0
3588 ;6044 ;NT6044;De 06:30 a 14:30 R60 ;06:30 ;14:30 ;0 ;0 ;08:00 ;60 ;7:00;;;1
3589 ;6045 ;NT6045;De 06:30 a 15:30 R60 ;06:30 ;15:30 ;0 ;0 ;09:00 ;60 ;8:00;;;1
3590 ;6046 ;NT6046;De 06:30 a 16:30 R0 ;06:30 ;16:30 ;0 ;0 ;10:00 ;0 ;10:00;;;0
3591 ;6047 ;NT6047;De 06:30 a 16:30 R60 ;06:30 ;16:30 ;0 ;0 ;10:00 ;60 ;9:00;;;0
3592 ;6048 ;NT6048;De 06:30 a 17:30 R60 ;06:30 ;17:30 ;0 ;0 ;11:00 ;60 ;10:00;;;0
3593 ;6049 ;NT6049;De 07:00 a 11:00 R0 ;07:00 ;11:00 ;0 ;0 ;04:00 ;0 ;4:00;;;0
3594 ;6050 ;NT6050;De 07:00 a 11:30 R0 ;07:00 ;11:30 ;0 ;0 ;04:30 ;0 ;4:30;;;0
3595 ;6051 ;NT6051;De 07:00 a 12:00 R0 ;07:00 ;12:00 ;0 ;0 ;05:00 ;0 ;5:00;;;0
3596 ;6052 ;NT6052;De 07:00 a 12:30 R0 ;07:00 ;12:30 ;0 ;0 ;05:30 ;0 ;5:30;;;0
3597 ;6053 ;NT6053;De 07:00 a 13:00 R0 ;07:00 ;13:00 ;0 ;0 ;06:00 ;0 ;6:00;;;0
3598 ;6054 ;NT6054;De 07:00 a 13:30 R0 ;07:00 ;13:30 ;0 ;0 ;06:30 ;0 ;6:30;;;0
3599 ;6055 ;NT6055;De 07:00 a 14:00 R0 ;07:00 ;14:00 ;0 ;0 ;07:00 ;0 ;7:00;;;0
3600 ;6056 ;NT6056;De 07:00 a 14:30 R0 ;07:00 ;14:30 ;0 ;0 ;07:30 ;0 ;7:30;;;0
3601 ;6057 ;NT6057;De 07:00 a 15:00 R0 ;07:00 ;15:00 ;0 ;0 ;08:00 ;0 ;8:00;;;0
3602 ;6058 ;NT6058;De 07:00 a 15:30 R0 ;07:00 ;15:30 ;0 ;0 ;08:30 ;0 ;8:30;;;0
3603 ;6059 ;NT6059;De 07:00 a 16:00 R0 ;07:00 ;16:00 ;0 ;0 ;09:00 ;0 ;9:00;;;0
3604 ;6060 ;NT6060;De 07:00 a 16:00 R60 ;07:00 ;16:00 ;0 ;0 ;09:00 ;60 ;8:00;;;1
3605 ;6061 ;NT6061;De 07:00 a 16:30 R0 ;07:00 ;16:30 ;0 ;0 ;09:30 ;0 ;9:30;;;0
3606 ;6062 ;NT6062;De 07:00 a 16:30 R60 ;07:00 ;16:30 ;0 ;0 ;09:30 ;60 ;8:30;;;1
3607 ;6063 ;NT6063;De 07:00 a 17:00 R0 ;07:00 ;17:00 ;0 ;0 ;10:00 ;0 ;10:00;;;0
3608 ;6064 ;NT6064;De 07:00 a 17:00 R60 ;07:00 ;17:00 ;0 ;0 ;10:00 ;60 ;9:00;;;0
3609 ;6065 ;NT6065;De 07:00 a 17:30 R60 ;07:00 ;17:30 ;0 ;0 ;10:30 ;60 ;9:30;;;0
3610 ;6066 ;NT6066;De 07:00 a 18:00 R60 ;07:00 ;18:00 ;0 ;0 ;11:00 ;60 ;10:00;;;0
3611 ;6067 ;NT6067;De 07:30 a 12:30 R0 ;07:30 ;12:30 ;0 ;0 ;05:00 ;0 ;5:00;;;0
3612 ;6068 ;NT6068;De 07:30 a 14:30 R0 ;07:30 ;14:30 ;0 ;0 ;07:00 ;0 ;7:00;;;0
3613 ;6069 ;NT6069;De 07:30 a 15:30 R0 ;07:30 ;15:30 ;0 ;0 ;08:00 ;0 ;8:00;;;0
3614 ;6070 ;NT6070;De 07:30 a 15:30 R60 ;07:30 ;15:30 ;0 ;0 ;08:00 ;60 ;7:00;;;1
3615 ;6071 ;NT6071;De 07:30 a 16:00 R0 ;07:30 ;16:00 ;0 ;0 ;08:30 ;0 ;8:30;;;0
3616 ;6072 ;NT6072;De 07:30 a 16:30 R60 ;07:30 ;16:30 ;0 ;0 ;09:00 ;60 ;8:00;;;1
3617 ;6073 ;NT6073;De 07:30 a 17:00 R60 ;07:30 ;17:00 ;0 ;0 ;09:30 ;60 ;8:30;;;1
3618 ;6074 ;NT6074;De 07:30 a 17:30 R0 ;07:30 ;17:30 ;0 ;0 ;10:00 ;0 ;10:00;;;0
3619 ;6075 ;NT6075;De 07:30 a 17:30 R60 ;07:30 ;17:30 ;0 ;0 ;10:00 ;60 ;9:00;;;0
3620 ;6076 ;NT6076;De 07:30 a 18:00 R60 ;07:30 ;18:00 ;0 ;0 ;10:30 ;60 ;9:30;;;0
3621 ;6077 ;NT6077;De 07:30 a 18:30 R60 ;07:30 ;18:30 ;0 ;0 ;11:00 ;60 ;10:00;;;0
3622 ;6078 ;NT6078;De 08:00 a 12:00 R0 ;08:00 ;12:00 ;0 ;0 ;04:00 ;0 ;4:00;;;0
3623 ;6079 ;NT6079;De 08:00 a 12:30 R0 ;08:00 ;12:30 ;0 ;0 ;04:30 ;0 ;4:30;;;0
3624 ;6080 ;NT6080;De 08:00 a 13:00 R0 ;08:00 ;13:00 ;0 ;0 ;05:00 ;0 ;5:00;;;0
3625 ;6081 ;NT6081;De 08:00 a 13:30 R0 ;08:00 ;13:30 ;0 ;0 ;05:30 ;0 ;5:30;;;0
3626 ;6082 ;NT6082;De 08:00 a 14:00 R0 ;08:00 ;14:00 ;0 ;0 ;06:00 ;0 ;6:00;;;0
3627 ;6083 ;NT6083;De 08:00 a 14:30 R0 ;08:00 ;14:30 ;0 ;0 ;06:30 ;0 ;6:30;;;0
3628 ;6084 ;NT6084;De 08:00 a 15:00 R0 ;08:00 ;15:00 ;0 ;0 ;07:00 ;0 ;7:00;;;0
3629 ;6085 ;NT6085;De 08:00 a 15:30 R0 ;08:00 ;15:30 ;0 ;0 ;07:30 ;0 ;7:30;;;0
3630 ;6086 ;NT6086;De 08:00 a 16:00 R0 ;08:00 ;16:00 ;0 ;0 ;08:00 ;0 ;8:00;;;0
3631 ;6087 ;NT6087;De 08:00 a 16:00 R60 ;08:00 ;16:00 ;0 ;0 ;08:00 ;60 ;7:00;;;1
3632 ;6088 ;NT6088;De 08:00 a 16:30 R0 ;08:00 ;16:30 ;0 ;0 ;08:30 ;0 ;8:30;;;0
3633 ;6089 ;NT6089;De 08:00 a 17:00 R0 ;08:00 ;17:00 ;0 ;0 ;09:00 ;0 ;9:00;;;0
3634 ;6090 ;NT6090;De 08:00 a 17:00 R60 ;08:00 ;17:00 ;0 ;0 ;09:00 ;60 ;8:00;;;1
3635 ;6091 ;NT6091;De 08:00 a 17:30 R0 ;08:00 ;17:30 ;0 ;0 ;09:30 ;0 ;9:30;;;0
3636 ;6092 ;NT6092;De 08:00 a 17:30 R60 ;08:00 ;17:30 ;0 ;0 ;09:30 ;60 ;8:30;;;1
3637 ;6093 ;NT6093;De 08:00 a 18:00 R0 ;08:00 ;18:00 ;0 ;0 ;10:00 ;0 ;10:00;;;0
3638 ;6094 ;NT6094;De 08:00 a 18:00 R60 ;08:00 ;18:00 ;0 ;0 ;10:00 ;60 ;9:00;;;0
3639 ;6095 ;NT6095;De 08:00 a 18:30 R60 ;08:00 ;18:30 ;0 ;0 ;10:30 ;60 ;9:30;;;0
3640 ;6096 ;NT6096;De 08:00 a 19:00 R60 ;08:00 ;19:00 ;0 ;0 ;11:00 ;60 ;10:00;;;0
3641 ;6097 ;NT6097;De 08:30 a 12:30 R0 ;08:30 ;12:30 ;0 ;0 ;04:00 ;0 ;4:00;;;0
3642 ;6098 ;NT6098;De 08:30 a 13:30 R0 ;08:30 ;13:30 ;0 ;0 ;05:00 ;0 ;5:00;;;0
3643 ;6099 ;NT6099;De 08:30 a 15:30 R0 ;08:30 ;15:30 ;0 ;0 ;07:00 ;0 ;7:00;;;0
3644 ;6100 ;NT6100;De 08:30 a 16:30 R0 ;08:30 ;16:30 ;0 ;0 ;08:00 ;0 ;8:00;;;0
3645 ;6101 ;NT6101;De 08:30 a 16:30 R60 ;08:30 ;16:30 ;0 ;0 ;08:00 ;60 ;7:00;;;1
3646 ;6102 ;NT6102;De 08:30 a 17:00 R0 ;08:30 ;17:00 ;0 ;0 ;08:30 ;0 ;8:30;;;0
3647 ;6103 ;NT6103;De 08:30 a 17:30 R60 ;08:30 ;17:30 ;0 ;0 ;09:00 ;60 ;8:00;;;1
3648 ;6104 ;NT6104;De 08:30 a 18:00 R60 ;08:30 ;18:00 ;0 ;0 ;09:30 ;60 ;8:30;;;1
3649 ;6105 ;NT6105;De 08:30 a 18:30 R0 ;08:30 ;18:30 ;0 ;0 ;10:00 ;0 ;10:00;;;0
3650 ;6106 ;NT6106;De 08:30 a 18:30 R60 ;08:30 ;18:30 ;0 ;0 ;10:00 ;60 ;9:00;;;0
3651 ;6107 ;NT6107;De 08:30 a 19:00 R60 ;08:30 ;19:00 ;0 ;0 ;10:30 ;60 ;9:30;;;0
3652 ;6108 ;NT6108;De 08:30 a 19:30 R60 ;08:30 ;19:30 ;0 ;0 ;11:00 ;60 ;10:00;;;0
3653 ;6109 ;NT6109;De 09:00 a 12:00 R0 ;09:00 ;12:00 ;0 ;0 ;03:00 ;0 ;3:00;;;0
3654 ;6110 ;NT6110;De 09:00 a 13:00 R0 ;09:00 ;13:00 ;0 ;0 ;04:00 ;0 ;4:00;;;0
3655 ;6111 ;NT6111;De 09:00 a 13:30 R0 ;09:00 ;13:30 ;0 ;0 ;04:30 ;0 ;4:30;;;0
3656 ;6112 ;NT6112;De 09:00 a 14:00 R0 ;09:00 ;14:00 ;0 ;0 ;05:00 ;0 ;5:00;;;0
3657 ;6113 ;NT6113;De 09:00 a 14:30 R0 ;09:00 ;14:30 ;0 ;0 ;05:30 ;0 ;5:30;;;0
3658 ;6114 ;NT6114;De 09:00 a 15:00 R0 ;09:00 ;15:00 ;0 ;0 ;06:00 ;0 ;6:00;;;0
3659 ;6115 ;NT6115;De 09:00 a 15:30 R0 ;09:00 ;15:30 ;0 ;0 ;06:30 ;0 ;6:30;;;0
3660 ;6116 ;NT6116;De 09:00 a 16:00 R0 ;09:00 ;16:00 ;0 ;0 ;07:00 ;0 ;7:00;;;0
3661 ;6117 ;NT6117;De 09:00 a 16:30 R0 ;09:00 ;16:30 ;0 ;0 ;07:30 ;0 ;7:30;;;0
3662 ;6118 ;NT6118;De 09:00 a 17:00 R0 ;09:00 ;17:00 ;0 ;0 ;08:00 ;0 ;8:00;;;0
3663 ;6119 ;NT6119;De 09:00 a 17:00 R60 ;09:00 ;17:00 ;0 ;0 ;08:00 ;60 ;7:00;;;1
3664 ;6120 ;NT6120;De 09:00 a 17:30 R0 ;09:00 ;17:30 ;0 ;0 ;08:30 ;0 ;8:30;;;0
3665 ;6121 ;NT6121;De 09:00 a 18:00 R0 ;09:00 ;18:00 ;0 ;0 ;09:00 ;0 ;9:00;;;0
3666 ;6122 ;NT6122;De 09:00 a 18:00 R60 ;09:00 ;18:00 ;0 ;0 ;09:00 ;60 ;8:00;;;1
3667 ;6123 ;NT6123;De 09:00 a 18:30 R0 ;09:00 ;18:30 ;0 ;0 ;09:30 ;0 ;9:30;;;0
3668 ;6124 ;NT6124;De 09:00 a 18:30 R60 ;09:00 ;18:30 ;0 ;0 ;09:30 ;60 ;8:30;;;1
3669 ;6125 ;NT6125;De 09:00 a 19:00 R0 ;09:00 ;19:00 ;0 ;0 ;10:00 ;0 ;10:00;;;0
3670 ;6126 ;NT6126;De 09:00 a 19:00 R60 ;09:00 ;19:00 ;0 ;0 ;10:00 ;60 ;9:00;;;0
3671 ;6127 ;NT6127;De 09:00 a 19:30 R60 ;09:00 ;19:30 ;0 ;0 ;10:30 ;60 ;9:30;;;0
3672 ;6128 ;NT6128;De 09:00 a 20:00 R60 ;09:00 ;20:00 ;0 ;0 ;11:00 ;60 ;10:00;;;0
3673 ;6129 ;NT6129;De 09:30 a 12:30 R0 ;09:30 ;12:30 ;0 ;0 ;03:00 ;0 ;3:00;;;0
3674 ;6130 ;NT6130;De 09:30 a 13:30 R0 ;09:30 ;13:30 ;0 ;0 ;04:00 ;0 ;4:00;;;0
3675 ;6131 ;NT6131;De 09:30 a 14:30 R0 ;09:30 ;14:30 ;0 ;0 ;05:00 ;0 ;5:00;;;0
3676 ;6132 ;NT6132;De 09:30 a 16:30 R0 ;09:30 ;16:30 ;0 ;0 ;07:00 ;0 ;7:00;;;0
3677 ;6133 ;NT6133;De 09:30 a 17:30 R0 ;09:30 ;17:30 ;0 ;0 ;08:00 ;0 ;8:00;;;0
3678 ;6134 ;NT6134;De 09:30 a 17:30 R60 ;09:30 ;17:30 ;0 ;0 ;08:00 ;60 ;7:00;;;1
3679 ;6135 ;NT6135;De 09:30 a 18:30 R60 ;09:30 ;18:30 ;0 ;0 ;09:00 ;60 ;8:00;;;1
3680 ;6136 ;NT6136;De 09:30 a 19:00 R60 ;09:30 ;19:00 ;0 ;0 ;09:30 ;60 ;8:30;;;1
3681 ;6137 ;NT6137;De 09:30 a 19:30 R0 ;09:30 ;19:30 ;0 ;0 ;10:00 ;0 ;10:00;;;0
3682 ;6138 ;NT6138;De 09:30 a 19:30 R60 ;09:30 ;19:30 ;0 ;0 ;10:00 ;60 ;9:00;;;0
3683 ;6139 ;NT6139;De 09:30 a 20:00 R60 ;09:30 ;20:00 ;0 ;0 ;10:30 ;60 ;9:30;;;0
3684 ;6140 ;NT6140;De 09:30 a 20:30 R60 ;09:30 ;20:30 ;0 ;0 ;11:00 ;60 ;10:00;;;0
3685 ;6141 ;NT6141;De 10:00 a 14:00 R0 ;10:00 ;14:00 ;0 ;0 ;04:00 ;0 ;4:00;;;0
3686 ;6142 ;NT6142;De 10:00 a 14:30 R0 ;10:00 ;14:30 ;0 ;0 ;04:30 ;0 ;4:30;;;0
3687 ;6143 ;NT6143;De 10:00 a 15:00 R0 ;10:00 ;15:00 ;0 ;0 ;05:00 ;0 ;5:00;;;0
3688 ;6144 ;NT6144;De 10:00 a 15:30 R0 ;10:00 ;15:30 ;0 ;0 ;05:30 ;0 ;5:30;;;0
3689 ;6145 ;NT6145;De 10:00 a 16:00 R0 ;10:00 ;16:00 ;0 ;0 ;06:00 ;0 ;6:00;;;0
3690 ;6146 ;NT6146;De 10:00 a 16:30 R0 ;10:00 ;16:30 ;0 ;0 ;06:30 ;0 ;6:30;;;0
3691 ;6147 ;NT6147;De 10:00 a 17:00 R0 ;10:00 ;17:00 ;0 ;0 ;07:00 ;0 ;7:00;;;0
3692 ;6148 ;NT6148;De 10:00 a 17:30 R0 ;10:00 ;17:30 ;0 ;0 ;07:30 ;0 ;7:30;;;0
3693 ;6149 ;NT6149;De 10:00 a 18:00 R0 ;10:00 ;18:00 ;0 ;0 ;08:00 ;0 ;8:00;;;0
3694 ;6150 ;NT6150;De 10:00 a 18:00 R60 ;10:00 ;18:00 ;0 ;0 ;08:00 ;60 ;7:00;;;1
3695 ;6151 ;NT6151;De 10:00 a 18:30 R0 ;10:00 ;18:30 ;0 ;0 ;08:30 ;0 ;8:30;;;0
3696 ;6152 ;NT6152;De 10:00 a 19:00 R0 ;10:00 ;19:00 ;0 ;0 ;09:00 ;0 ;9:00;;;0
3697 ;6153 ;NT6153;De 10:00 a 19:00 R60 ;10:00 ;19:00 ;0 ;0 ;09:00 ;60 ;8:00;;;1
3698 ;6154 ;NT6154;De 10:00 a 19:30 R0 ;10:00 ;19:30 ;0 ;0 ;09:30 ;0 ;9:30;;;0
3699 ;6155 ;NT6155;De 10:00 a 19:30 R60 ;10:00 ;19:30 ;0 ;0 ;09:30 ;60 ;8:30;;;1
3700 ;6156 ;NT6156;De 10:00 a 20:00 R0 ;10:00 ;20:00 ;0 ;0 ;10:00 ;0 ;10:00;;;0
3701 ;6157 ;NT6157;De 10:00 a 20:00 R60 ;10:00 ;20:00 ;0 ;0 ;10:00 ;60 ;9:00;;;0
3702 ;6158 ;NT6158;De 10:00 a 20:30 R60 ;10:00 ;20:30 ;0 ;0 ;10:30 ;60 ;9:30;;;0
3703 ;6159 ;NT6159;De 10:00 a 21:00 R60 ;10:00 ;21:00 ;0 ;0 ;11:00 ;60 ;10:00;;;0
3704 ;6160 ;NT6160;De 10:30 a 15:30 R0 ;10:30 ;15:30 ;0 ;0 ;05:00 ;0 ;5:00;;;0
3705 ;6161 ;NT6161;De 10:30 a 18:30 R60 ;10:30 ;18:30 ;0 ;0 ;08:00 ;60 ;7:00;;;1
3706 ;6162 ;NT6162;De 10:30 a 19:30 R60 ;10:30 ;19:30 ;0 ;0 ;09:00 ;60 ;8:00;;;1
3707 ;6163 ;NT6163;De 10:30 a 20:00 R60 ;10:30 ;20:00 ;0 ;0 ;09:30 ;60 ;8:30;;;1
3708 ;6164 ;NT6164;De 10:30 a 20:30 R60 ;10:30 ;20:30 ;0 ;0 ;10:00 ;60 ;9:00;;;0
3709 ;6165 ;NT6165;De 10:30 a 21:00 R60 ;10:30 ;21:00 ;0 ;0 ;10:30 ;60 ;9:30;;;0
3710 ;6166 ;NT6166;De 10:30 a 21:30 R60 ;10:30 ;21:30 ;0 ;0 ;11:00 ;60 ;10:00;;;0
3711 ;6167 ;NT6167;De 11:00 a 15:00 R0 ;11:00 ;15:00 ;0 ;0 ;04:00 ;0 ;4:00;;;0
3712 ;6168 ;NT6168;De 11:00 a 15:30 R0 ;11:00 ;15:30 ;0 ;0 ;04:30 ;0 ;4:30;;;0
3713 ;6169 ;NT6169;De 11:00 a 16:00 R0 ;11:00 ;16:00 ;0 ;0 ;05:00 ;0 ;5:00;;;0
3714 ;6170 ;NT6170;De 11:00 a 16:30 R0 ;11:00 ;16:30 ;0 ;0 ;05:30 ;0 ;5:30;;;0
3715 ;6171 ;NT6171;De 11:00 a 17:00 R0 ;11:00 ;17:00 ;0 ;0 ;06:00 ;0 ;6:00;;;0
3716 ;6172 ;NT6172;De 11:00 a 17:30 R0 ;11:00 ;17:30 ;0 ;0 ;06:30 ;0 ;6:30;;;0
3717 ;6173 ;NT6173;De 11:00 a 18:00 R0 ;11:00 ;18:00 ;0 ;0 ;07:00 ;0 ;7:00;;;0
3718 ;6174 ;NT6174;De 11:00 a 18:30 R0 ;11:00 ;18:30 ;0 ;0 ;07:30 ;0 ;7:30;;;0
3719 ;6175 ;NT6175;De 11:00 a 19:00 R0 ;11:00 ;19:00 ;0 ;0 ;08:00 ;0 ;8:00;;;0
3720 ;6176 ;NT6176;De 11:00 a 19:30 R0 ;11:00 ;19:30 ;0 ;0 ;08:30 ;0 ;8:30;;;0
3721 ;6177 ;NT6177;De 11:00 a 20:00 R0 ;11:00 ;20:00 ;0 ;0 ;09:00 ;0 ;9:00;;;0
3722 ;6178 ;NT6178;De 11:00 a 20:00 R60 ;11:00 ;20:00 ;0 ;0 ;09:00 ;60 ;8:00;;;1
3723 ;6179 ;NT6179;De 11:00 a 20:30 R0 ;11:00 ;20:30 ;0 ;0 ;09:30 ;0 ;9:30;;;0
3724 ;6180 ;NT6180;De 11:00 a 21:00 R0 ;11:00 ;21:00 ;0 ;0 ;10:00 ;0 ;10:00;;;0
3725 ;6181 ;NT6181;De 11:00 a 22:00 R60 ;11:00 ;22:00 ;0 ;0 ;11:00 ;60 ;10:00;;;0
3726 ;6182 ;NT6182;De 11:30 a 16:30 R0 ;11:30 ;16:30 ;0 ;0 ;05:00 ;0 ;5:00;;;0
3727 ;6183 ;NT6183;De 11:30 a 19:30 R0 ;11:30 ;19:30 ;0 ;0 ;08:00 ;0 ;8:00;;;0
3728 ;6184 ;NT6184;De 11:30 a 21:30 R0 ;11:30 ;21:30 ;0 ;0 ;10:00 ;0 ;10:00;;;0
3729 ;6185 ;NT6185;De 11:30 a 21:30 R60 ;11:30 ;21:30 ;0 ;0 ;10:00 ;60 ;9:00;;;0
3730 ;6186 ;NT6186;De 12:00 a 16:00 R0 ;12:00 ;16:00 ;0 ;0 ;04:00 ;0 ;4:00;;;0
3731 ;6187 ;NT6187;De 12:00 a 16:30 R0 ;12:00 ;16:30 ;0 ;0 ;04:30 ;0 ;4:30;;;0
3732 ;6188 ;NT6188;De 12:00 a 17:00 R0 ;12:00 ;17:00 ;0 ;0 ;05:00 ;0 ;5:00;;;0
3733 ;6189 ;NT6189;De 12:00 a 17:30 R0 ;12:00 ;17:30 ;0 ;0 ;05:30 ;0 ;5:30;;;0
3734 ;6190 ;NT6190;De 12:00 a 18:00 R0 ;12:00 ;18:00 ;0 ;0 ;06:00 ;0 ;6:00;;;0
3735 ;6191 ;NT6191;De 12:00 a 18:30 R0 ;12:00 ;18:30 ;0 ;0 ;06:30 ;0 ;6:30;;;0
3736 ;6192 ;NT6192;De 12:00 a 19:00 R0 ;12:00 ;19:00 ;0 ;0 ;07:00 ;0 ;7:00;;;0
3737 ;6193 ;NT6193;De 12:00 a 19:30 R0 ;12:00 ;19:30 ;0 ;0 ;07:30 ;0 ;7:30;;;0
3738 ;6194 ;NT6194;De 12:00 a 20:00 R0 ;12:00 ;20:00 ;0 ;0 ;08:00 ;0 ;8:00;;;0
3739 ;6195 ;NT6195;De 12:00 a 20:00 R60 ;12:00 ;20:00 ;0 ;0 ;08:00 ;60 ;7:00;;;1
3740 ;6196 ;NT6196;De 12:00 a 20:30 R0 ;12:00 ;20:30 ;0 ;0 ;08:30 ;0 ;8:30;;;0
3741 ;6197 ;NT6197;De 12:00 a 21:00 R0 ;12:00 ;21:00 ;0 ;0 ;09:00 ;0 ;9:00;;;0
3742 ;6198 ;NT6198;De 12:00 a 21:00 R60 ;12:00 ;21:00 ;0 ;0 ;09:00 ;60 ;8:00;;;1
3743 ;6199 ;NT6199;De 12:00 a 21:30 R0 ;12:00 ;21:30 ;0 ;0 ;09:30 ;0 ;9:30;;;0
3744 ;6200 ;NT6200;De 12:00 a 22:00 R0 ;12:00 ;22:00 ;0 ;0 ;10:00 ;0 ;10:00;;;0
3745 ;6201 ;NT6201;De 12:00 a 22:00 R60 ;12:00 ;22:00 ;0 ;0 ;10:00 ;60 ;9:00;;;0
3746 ;6202 ;NT6202;De 12:00 a 23:00 R60 ;12:00 ;23:00 ;0 ;0 ;11:00 ;60 ;10:00;;;0
3747 ;6203 ;NT6203;De 12:30 a 20:30 R0 ;12:30 ;20:30 ;0 ;0 ;08:00 ;0 ;8:00;;;0
3748 ;6204 ;NT6204;De 12:30 a 22:30 R60 ;12:30 ;22:30 ;0 ;0 ;10:00 ;60 ;9:00;;;0
3749 ;6205 ;NT6205;De 12:30 a 23:30 R60 ;12:30 ;23:30 ;0 ;0 ;11:00 ;60 ;10:00;;;0
3750 ;6206 ;NT6206;De 13:00 a 20:00 R0 ;13:00 ;20:00 ;0 ;0 ;07:00 ;0 ;7:00;;;0
3751 ;6207 ;NT6207;De 13:00 a 21:00 R0 ;13:00 ;21:00 ;0 ;0 ;08:00 ;0 ;8:00;;;0
3752 ;6208 ;NT6208;De 13:00 a 21:00 R60 ;13:00 ;21:00 ;0 ;0 ;08:00 ;60 ;7:00;;;1
3753 ;6209 ;NT6209;De 13:00 a 22:00 R60 ;13:00 ;22:00 ;0 ;0 ;09:00 ;60 ;8:00;;;1
3754 ;6210 ;NT6210;De 13:30 a 18:30 R0 ;13:30 ;18:30 ;0 ;0 ;05:00 ;0 ;5:00;;;0
3755 ;6211 ;NT6211;De 13:30 a 20:30 R0 ;13:30 ;20:30 ;0 ;0 ;07:00 ;0 ;7:00;;;0
3756 ;6212 ;NT6212;De 13:30 a 21:30 R0 ;13:30 ;21:30 ;0 ;0 ;08:00 ;0 ;8:00;;;0
3757 ;6213 ;NT6213;De 13:30 a 21:30 R60 ;13:30 ;21:30 ;0 ;0 ;08:00 ;60 ;7:00;;;1
3758 ;6214 ;NT6214;De 13:30 a 22:00 R0 ;13:30 ;22:00 ;0 ;0 ;08:30 ;0 ;8:30;;;0
3759 ;6215 ;NT6215;De 13:30 a 22:30 R60 ;13:30 ;22:30 ;0 ;0 ;09:00 ;60 ;8:00;;;1
3760 ;6216 ;NT6216;De 13:30 a 23:30 R0 ;13:30 ;23:30 ;0 ;0 ;10:00 ;0 ;10:00;;;0
3761 ;6217 ;NT6217;De 13:30 a 23:30 R60 ;13:30 ;23:30 ;0 ;0 ;10:00 ;60 ;9:00;;;0
3762 ;6218 ;NT6218;De 14:00 a 00:00 R0 ;14:00 ;00:00 ;0 ;0 ;10:00 ;0 ;10:00;;;0
3763 ;6219 ;NT6219;De 14:00 a 00:00 R60 ;14:00 ;00:00 ;0 ;0 ;10:00 ;60 ;9:00;;;0
3764 ;6220 ;NT6220;De 14:00 a 19:00 R0 ;14:00 ;19:00 ;0 ;0 ;05:00 ;0 ;5:00;;;0
3765 ;6221 ;NT6221;De 14:00 a 21:00 R0 ;14:00 ;21:00 ;0 ;0 ;07:00 ;0 ;7:00;;;0
3766 ;6222 ;NT6222;De 14:00 a 22:00 R0 ;14:00 ;22:00 ;0 ;0 ;08:00 ;0 ;8:00;;;0
3767 ;6223 ;NT6223;De 14:00 a 23:00 R60 ;14:00 ;23:00 ;0 ;0 ;09:00 ;60 ;8:00;;;1
3768 ;6224 ;NT6224;De 14:30 a 00:30 R60 ;14:30 ;00:30 ;0 ;0 ;10:00 ;60 ;9:00;;;0
3769 ;6225 ;NT6225;De 14:30 a 21:30 R0 ;14:30 ;21:30 ;0 ;0 ;07:00 ;0 ;7:00;;;0
3770 ;6226 ;NT6226;De 14:30 a 22:30 R0 ;14:30 ;22:30 ;0 ;0 ;08:00 ;0 ;8:00;;;0
3771 ;6227 ;NT6227;De 14:30 a 22:30 R60 ;14:30 ;22:30 ;0 ;0 ;08:00 ;60 ;7:00;;;1
3772 ;6228 ;NT6228;De 14:30 a 23:30 R60 ;14:30 ;23:30 ;0 ;0 ;09:00 ;60 ;8:00;;;1
3773 ;6229 ;NT6229;De 15:00 a 00:00 R60 ;15:00 ;00:00 ;0 ;0 ;09:00 ;60 ;8:00;;;1
3774 ;6230 ;NT6230;De 15:00 a 01:00 R0 ;15:00 ;01:00 ;0 ;0 ;10:00 ;0 ;10:00;;;0
3775 ;6231 ;NT6231;De 15:00 a 01:00 R60 ;15:00 ;01:00 ;0 ;0 ;10:00 ;60 ;9:00;;;0
3776 ;6232 ;NT6232;De 15:00 a 02:00 R60 ;15:00 ;02:00 ;0 ;0 ;11:00 ;60 ;10:00;;;0
3777 ;6233 ;NT6233;De 15:00 a 20:00 R0 ;15:00 ;20:00 ;0 ;0 ;05:00 ;0 ;5:00;;;0
3778 ;6234 ;NT6234;De 15:00 a 22:00 R0 ;15:00 ;22:00 ;0 ;0 ;07:00 ;0 ;7:00;;;0
3779 ;6235 ;NT6235;De 15:00 a 23:00 R0 ;15:00 ;23:00 ;0 ;0 ;08:00 ;0 ;8:00;;;0
3780 ;6236 ;NT6236;De 15:00 a 23:00 R60 ;15:00 ;23:00 ;0 ;0 ;08:00 ;60 ;7:00;;;1
3781 ;6237 ;NT6237;De 15:30 a 00:30 R60 ;15:30 ;00:30 ;0 ;0 ;09:00 ;60 ;8:00;;;1
3782 ;6238 ;NT6238;De 15:30 a 01:30 R60 ;15:30 ;01:30 ;0 ;0 ;10:00 ;60 ;9:00;;;0
3783 ;6239 ;NT6239;De 15:30 a 22:30 R0 ;15:30 ;22:30 ;0 ;0 ;07:00 ;0 ;7:00;;;0
3784 ;6240 ;NT6240;De 15:30 a 23:30 R0 ;15:30 ;23:30 ;0 ;0 ;08:00 ;0 ;8:00;;;0
3785 ;6241 ;NT6241;De 15:30 a 23:30 R60 ;15:30 ;23:30 ;0 ;0 ;08:00 ;60 ;7:00;;;1
3786 ;6242 ;NT6242;De 16:00 a 00:00 R0 ;16:00 ;00:00 ;0 ;0 ;08:00 ;0 ;8:00;;;0
3787 ;6243 ;NT6243;De 16:00 a 00:00 R60 ;16:00 ;00:00 ;0 ;0 ;08:00 ;60 ;7:00;;;1
3788 ;6244 ;NT6244;De 16:00 a 00:30 R0 ;16:00 ;00:30 ;0 ;0 ;08:30 ;0 ;8:30;;;0
3789 ;6245 ;NT6245;De 16:00 a 02:00 R60 ;16:00 ;02:00 ;0 ;0 ;10:00 ;60 ;9:00;;;0
3790 ;6246 ;NT6246;De 16:00 a 20:00 R0 ;16:00 ;20:00 ;0 ;0 ;04:00 ;0 ;4:00;;;0
3791 ;6247 ;NT6247;De 16:00 a 21:00 R0 ;16:00 ;21:00 ;0 ;0 ;05:00 ;0 ;5:00;;;0
3792 ;6248 ;NT6248;De 16:00 a 23:00 R0 ;16:00 ;23:00 ;0 ;0 ;07:00 ;0 ;7:00;;;0
3793 ;6249 ;NT6249;De 16:30 a 00:30 R60 ;16:30 ;00:30 ;0 ;0 ;08:00 ;60 ;7:00;;;1
3794 ;6250 ;NT6250;De 16:30 a 01:30 R60 ;16:30 ;01:30 ;0 ;0 ;09:00 ;60 ;8:00;;;1
3795 ;6251 ;NT6251;De 16:30 a 21:30 R0 ;16:30 ;21:30 ;0 ;0 ;05:00 ;0 ;5:00;;;0
3796 ;6252 ;NT6252;De 17:00 a 00:00 R0 ;17:00 ;00:00 ;0 ;0 ;07:00 ;0 ;7:00;;;0
3797 ;6253 ;NT6253;De 17:00 a 01:00 R60 ;17:00 ;01:00 ;0 ;0 ;08:00 ;60 ;7:00;;;1
3798 ;6254 ;NT6254;De 17:00 a 02:00 R60 ;17:00 ;02:00 ;0 ;0 ;09:00 ;60 ;8:00;;;1
3799 ;6255 ;NT6255;De 17:00 a 22:00 R0 ;17:00 ;22:00 ;0 ;0 ;05:00 ;0 ;5:00;;;0
3800 ;6256 ;NT6256;De 17:30 a 00:30 R0 ;17:30 ;00:30 ;0 ;0 ;07:00 ;0 ;7:00;;;0
3801 ;6257 ;NT6257;De 17:30 a 20:30 R0 ;17:30 ;20:30 ;0 ;0 ;03:00 ;0 ;3:00;;;0
3802 ;6258 ;NT6258;De 17:30 a 21:30 R0 ;17:30 ;21:30 ;0 ;0 ;04:00 ;0 ;4:00;;;0
3803 ;6259 ;NT6259;De 17:30 a 22:30 R0 ;17:30 ;22:30 ;0 ;0 ;05:00 ;0 ;5:00;;;0
3804 ;6260 ;NT6260;De 18:00 a 23:00 R0 ;18:00 ;23:00 ;0 ;0 ;05:00 ;0 ;5:00;;;0
3805 ;6261 ;NT6261;De 18:30 a 23:30 R0 ;18:30 ;23:30 ;0 ;0 ;05:00 ;0 ;5:00;;;0
3806 ;6262 ;NT6262;De 19:00 a 00:00 R0 ;19:00 ;00:00 ;0 ;0 ;05:00 ;0 ;5:00;;;0
3807 ;6263 ;NT6263;De 19:00 a 23:00 R0 ;19:00 ;23:00 ;0 ;0 ;04:00 ;0 ;4:00;;;0
3808 ;6264 ;NT6264;De 20:00 a 04:00 R60 ;20:00 ;04:00 ;0 ;0 ;08:00 ;60 ;7:00;;;1
3809 ;6265 ;NT6265;De 21:30 a 04:30 R0 ;21:30 ;04:30 ;0 ;0 ;07:00 ;0 ;7:00;;;0
3810 ;6266 ;NT6266;De 22:00 a 06:00 R0 ;22:00 ;06:00 ;0 ;0 ;08:00 ;0 ;8:00;;;0
3811 ;6267 ;NT6267;De 22:30 a 06:30 R60 ;22:30 ;06:30 ;0 ;0 ;08:00 ;60 ;7:00;;;1
3812 ;6268 ;NT6268;De 23:00 a 06:00 R0 ;23:00 ;06:00 ;0 ;0 ;07:00 ;0 ;7:00;;;0
3813 ;6269 ;NT6269;De 23:30 a 06:30 R0 ;23:30 ;06:30 ;0 ;0 ;07:00 ;0 ;7:00;;;0
3814 ;6270 ;NT6270;De 23:30 a 07:30 R60 ;23:30 ;07:30 ;0 ;0 ;08:00 ;60 ;7:00;;;1
3815 ;6271 ;NT6271;De 23:30 a 08:30 R60 ;23:30 ;08:30 ;0 ;0 ;09:00 ;60 ;8:00;;;1
3816 ;2300 ;T1424;De 10:30 a 19:30 ht 8 ;10:30 ;19:30 ;30 ;0 ;09:00 ;60 ;8:00;02:00 ;03:00 ;1
3817 ;2296 ;T1424_1;De 14:00 a 00:00 ht 10 ;14:00 ;00:00 ;30 ;0 ;10:00 ;0 ;10:00;;;0
3818 ;2301 ;T1424_2;De 10:00 a 21:00 ht 10 ;10:00 ;21:00 ;15 ;15 ;11:00 ;60 ;10:00;02:00 ;03:00 ;0
3819 ;2297 ;T1425;De 10:30 a 18:30 ht 8 ;10:30 ;18:30 ;30 ;0 ;08:00 ;0 ;8:00;;;1
3820 ;6501 ;T1425_1;De 21:30 a 05:00 R0 ;21:30 ;05:00 ;15 ;0 ;07:30 ;0 ;7:30;;;0
3821 ;6502 ;T1425_2;De 22:30 a 06:00 R0 ;22:30 ;06:00 ;15 ;0 ;07:30 ;0 ;7:30;;;0
3822 ;6503 ;T1425_3;De 22:00 a 05:30 R0 ;22:00 ;05:30 ;15 ;0 ;07:30 ;0 ;7:30;;;0
3823 ;6654 ;T1425_4;De 06:30 a 15:00 R30 ;06:30 ;15:00 ;15 ;15 ;08:30 ;30 ;8:00;12:30 ;13:00 ;1
3824 ;6655 ;T1425_5;De 12:00 a 20:30 R30 ;12:00 ;20:30 ;15 ;15 ;08:30 ;30 ;8:00;15:30 ;16:00 ;1
3825 ;2299 ;T1426;De 12:00 a 18:00 ht 6 ;12:00 ;18:00 ;15 ;0 ;06:00 ;0 ;6:00;;;0
3826 ;1800 ;T1800;De 00:00 a 06:00 ht 6 ;00:00 ;06:00 ;0 ;0 ;06:00 ;0 ;6:00;;;0
3827 ;1801 ;T1801;De 05:30 a 13:30 ht 8 ;05:30 ;13:30 ;30 ;0 ;08:00 ;0 ;8:00;;;1
3828 ;1802 ;T1802;De 06:00 a 11:00 ht 5 ;06:00 ;11:00 ;15 ;0 ;05:00 ;0 ;5:00;;;0
3829 ;1803 ;T1803;De 06:00 a 12:00 ht 6 ;06:00 ;12:00 ;15 ;0 ;06:00 ;0 ;6:00;;;0
3830 ;1804 ;T1804;De 06:00 a 14:00 ht 7 ;06:00 ;14:00 ;15 ;15 ;08:00 ;60 ;7:00;10:00 ;11:00 ;1
3831 ;1805 ;T1805;De 06:00 a 14:00 ht 7 ;06:00 ;14:00 ;30 ;0 ;08:00 ;60 ;7:00;10:00 ;11:00 ;1
3832 ;1806 ;T1806;De 06:00 a 14:30 ht 7.5 ;06:00 ;14:30 ;15 ;15 ;08:30 ;60 ;7:30;10:00 ;11:00 ;1
3833 ;1807 ;T1807;De 06:00 a 14:30 ht 7.5 ;06:00 ;14:30 ;30 ;0 ;08:30 ;60 ;7:30;10:00 ;11:00 ;1
3834 ;1808 ;T1808;De 06:00 a 15:00 ht 8 ;06:00 ;15:00 ;15 ;15 ;09:00 ;60 ;8:00;10:00 ;11:00 ;1
3835 ;1809 ;T1809;De 06:00 a 15:00 ht 8 ;06:00 ;15:00 ;30 ;0 ;09:00 ;60 ;8:00;10:00 ;11:00 ;1
3836 ;1810 ;T1810;De 06:00 a 15:20 ht 8.3 ;06:00 ;15:20 ;15 ;15 ;09:20 ;60 ;8:20;;;1
3837 ;1811 ;T1811;De 06:00 a 16:00 ht 9 ;06:00 ;16:00 ;15 ;15 ;10:00 ;60 ;9:00;10:00 ;11:00 ;0
3838 ;1812 ;T1812;De 06:00 a 16:00 ht 9 ;06:00 ;16:00 ;30 ;0 ;10:00 ;60 ;9:00;10:00 ;11:00 ;0
3839 ;1813 ;T1813;De 06:30 a 14:30 ht 7 ;06:30 ;14:30 ;15 ;15 ;08:00 ;60 ;7:00;10:30 ;11:30 ;1
3840 ;1814 ;T1814;De 06:30 a 14:30 ht 7 ;06:30 ;14:30 ;30 ;0 ;08:00 ;60 ;7:00;10:30 ;11:30 ;1
3841 ;1815 ;T1815;De 06:30 a 15:00 ht 7.5 ;06:30 ;15:00 ;15 ;15 ;08:30 ;60 ;7:30;10:30 ;11:30 ;1
3842 ;1816 ;T1816;De 06:30 a 15:30 ht 8 ;06:30 ;15:30 ;15 ;15 ;09:00 ;60 ;8:00;10:30 ;11:30 ;1
3843 ;1817 ;T1817;De 06:30 a 15:30 ht 8 ;06:30 ;15:30 ;30 ;0 ;09:00 ;60 ;8:00;10:30 ;11:30 ;1
3844 ;1818 ;T1818;De 06:30 a 16:00 ht 8.5 ;06:30 ;16:00 ;15 ;15 ;09:30 ;60 ;8:30;10:30 ;11:30 ;1
3845 ;1819 ;T1819;De 06:30 a 16:00 ht 8.5 ;06:30 ;16:00 ;30 ;0 ;09:30 ;60 ;8:30;10:30 ;11:30 ;1
3846 ;1820 ;T1820;De 06:30 a 16:30 ht 9 ;06:30 ;16:30 ;15 ;15 ;10:00 ;60 ;9:00;10:30 ;11:30 ;0
3847 ;1821 ;T1821;De 06:30 a 17:00 ht 9.5 ;06:30 ;17:00 ;15 ;15 ;10:30 ;60 ;9:30;10:30 ;11:30 ;0
3848 ;1822 ;T1822;De 07:00 a 12:00 ht 5 ;07:00 ;12:00 ;15 ;0 ;05:00 ;0 ;5:00;;;0
3849 ;1823 ;T1823;De 07:00 a 12:30 ht 5.5 ;07:00 ;12:30 ;15 ;0 ;05:30 ;0 ;5:30;;;0
3850 ;1824 ;T1824;De 07:00 a 13:00 ht 6 ;07:00 ;13:00 ;15 ;0 ;06:00 ;0 ;6:00;;;0
3851 ;1825 ;T1825;De 07:00 a 14:00 ht 7 ;07:00 ;14:00 ;15 ;15 ;07:00 ;0 ;7:00;;;1
3852 ;1826 ;T1826;De 07:00 a 14:00 ht 7 ;07:00 ;14:00 ;30 ;0 ;07:00 ;0 ;7:00;;;1
3853 ;1827 ;T1827;De 07:00 a 15:00 ht 7 ;07:00 ;15:00 ;15 ;15 ;08:00 ;60 ;7:00;11:00 ;12:00 ;1
3854 ;1828 ;T1828;De 07:00 a 15:00 ht 7 ;07:00 ;15:00 ;30 ;0 ;08:00 ;60 ;7:00;11:00 ;12:00 ;1
3855 ;1829 ;T1829;De 07:00 a 15:30 ht 7.5 ;07:00 ;15:30 ;15 ;15 ;08:30 ;60 ;7:30;11:00 ;12:00 ;1
3856 ;1830 ;T1830;De 07:00 a 15:30 ht 7.5 ;07:00 ;15:30 ;30 ;0 ;08:30 ;60 ;7:30;11:00 ;12:00 ;1
3857 ;1831 ;T1831;De 07:00 a 16:00 ht 8 ;07:00 ;16:00 ;15 ;15 ;09:00 ;60 ;8:00;11:00 ;12:00 ;1
3858 ;1832 ;T1832;De 07:00 a 16:15 ht 8.25 ;07:00 ;16:15 ;15 ;15 ;09:15 ;60 ;8:15;11:00 ;12:00 ;1
3859 ;1833 ;T1833;De 07:00 a 16:30 ht 8.5 ;07:00 ;16:30 ;15 ;15 ;09:30 ;60 ;8:30;11:00 ;12:00 ;1
3860 ;1834 ;T1834;De 07:00 a 16:30 ht 9.5 ;07:00 ;16:30 ;15 ;15 ;09:30 ;0 ;9:30;;;1
3861 ;1835 ;T1835;De 07:00 a 17:00 ht 9 ;07:00 ;17:00 ;30 ;0 ;10:00 ;60 ;9:00;11:00 ;12:00 ;0
3862 ;1836 ;T1836;De 07:00 a 17:15 ht 9.25 ;07:00 ;17:15 ;15 ;15 ;10:15 ;60 ;9:15;11:00 ;12:00 ;0
3863 ;1837 ;T1837;De 07:00 a 17:30 ht 9.5 ;07:00 ;17:30 ;15 ;15 ;10:30 ;60 ;9:30;11:00 ;12:00 ;0
3864 ;1838 ;T1838;De 07:00 a 18:00 ht 10 ;07:00 ;18:00 ;15 ;15 ;11:00 ;60 ;10:00;11:00 ;12:00 ;0
3865 ;1839 ;T1839;De 07:15 a 16:45 ht 8.5 ;07:15 ;16:45 ;15 ;15 ;09:30 ;60 ;8:30;12:00 ;13:00 ;1
3866 ;1840 ;T1840;De 07:30 a 11:30 ht 4 ;07:30 ;11:30 ;0 ;0 ;04:00 ;0 ;4:00;;;0
3867 ;1841 ;T1841;De 07:30 a 12:00 ht 4.5 ;07:30 ;12:00 ;0 ;0 ;04:30 ;0 ;4:30;;;0
3868 ;1842 ;T1842;De 07:30 a 12:30 ht 5 ;07:30 ;12:30 ;15 ;0 ;05:00 ;0 ;5:00;;;0
3869 ;1843 ;T1843;De 07:30 a 13:00 ht 5.5 ;07:30 ;13:00 ;15 ;0 ;05:30 ;0 ;5:30;;;0
3870 ;1844 ;T1844;De 07:30 a 13:30 ht 6 ;07:30 ;13:30 ;15 ;0 ;06:00 ;0 ;6:00;;;0
3871 ;1845 ;T1845;De 07:30 a 14:00 ht 6.5 ;07:30 ;14:00 ;15 ;0 ;06:30 ;0 ;6:30;;;0
3872 ;1846 ;T1846;De 07:30 a 15:30 ht 7 ;07:30 ;15:30 ;15 ;15 ;08:00 ;60 ;7:00;11:30 ;12:30 ;1
3873 ;1847 ;T1847;De 07:30 a 15:30 ht 7 ;07:30 ;15:30 ;30 ;0 ;08:00 ;60 ;7:00;11:30 ;12:30 ;1
3874 ;1848 ;T1848;De 07:30 a 16:00 ht 7.5 ;07:30 ;16:00 ;15 ;15 ;08:30 ;60 ;7:30;11:30 ;12:30 ;1
3875 ;1849 ;T1849;De 07:30 a 16:30 ht 8 ;07:30 ;16:30 ;15 ;15 ;09:00 ;60 ;8:00;11:30 ;12:30 ;1
3876 ;1850 ;T1850;De 07:30 a 16:30 ht 8 ;07:30 ;16:30 ;30 ;0 ;09:00 ;60 ;8:00;11:30 ;12:30 ;1
3877 ;1851 ;T1851;De 07:30 a 17:00 ht 8.5 ;07:30 ;17:00 ;15 ;15 ;09:30 ;60 ;8:30;11:30 ;12:30 ;1
3878 ;1852 ;T1852;De 07:30 a 17:00 ht 8.5 ;07:30 ;17:00 ;30 ;0 ;09:30 ;60 ;8:30;11:30 ;12:30 ;1
3879 ;1853 ;T1853;De 07:30 a 17:15 ht 8.75 ;07:30 ;17:15 ;15 ;15 ;09:45 ;60 ;8:45;11:30 ;12:30 ;0
3880 ;1854 ;T1854;De 07:30 a 17:30 ht 9 ;07:30 ;17:30 ;15 ;15 ;10:00 ;60 ;9:00;11:30 ;12:30 ;0
3881 ;1855 ;T1855;De 07:30 a 17:45 ht 9.25 ;07:30 ;17:45 ;15 ;15 ;10:15 ;60 ;9:15;11:30 ;12:30 ;0
3882 ;1856 ;T1856;De 07:30 a 18:00 ht 9.5 ;07:30 ;18:00 ;15 ;15 ;10:30 ;60 ;9:30;11:30 ;12:30 ;0
3883 ;1857 ;T1857;De 07:30 a 18:00 ht 9.5 ;07:30 ;18:00 ;30 ;0 ;10:30 ;60 ;9:30;11:30 ;12:30 ;0
3884 ;1858 ;T1858;De 07:30 a 18:30 ht 10 ;07:30 ;18:30 ;15 ;15 ;11:00 ;60 ;10:00;11:30 ;12:30 ;0
3885 ;1859 ;T1859;De 07:30 a 16:00 ht 7.5 ;07:30 ;16:00 ;30 ;0 ;08:30 ;60 ;7:30;11:30 ;12:30 ;1
3886 ;1860 ;T1860;De 07:50 a 18:00 ht 9.16 ;07:50 ;18:00 ;15 ;15 ;10:10 ;60 ;9:10;;;0
3887 ;1861 ;T1861;De 08:00 a 12:00 ht 4 ;08:00 ;12:00 ;0 ;0 ;04:00 ;0 ;4:00;;;0
3888 ;1862 ;T1862;De 08:00 a 12:30 ht 4.5 ;08:00 ;12:30 ;0 ;0 ;04:30 ;0 ;4:30;;;0
3889 ;1863 ;T1863;De 08:00 a 13:00 ht 5 ;08:00 ;13:00 ;15 ;0 ;05:00 ;0 ;5:00;;;0
3890 ;1864 ;T1864;De 08:00 a 13:30 ht 5.5 ;08:00 ;13:30 ;15 ;0 ;05:30 ;0 ;5:30;;;0
3891 ;1865 ;T1865;De 08:00 a 14:00 ht 6 ;08:00 ;14:00 ;15 ;0 ;06:00 ;0 ;6:00;;;0
3892 ;1866 ;T1866;De 08:00 a 16:00 ht 7 ;08:00 ;16:00 ;15 ;15 ;08:00 ;60 ;7:00;12:00 ;13:00 ;1
3893 ;1867 ;T1867;De 08:00 a 16:00 ht 7 ;08:00 ;16:00 ;30 ;0 ;08:00 ;60 ;7:00;12:00 ;13:00 ;1
3894 ;1868 ;T1868;De 08:00 a 16:30 ht 7.5 ;08:00 ;16:30 ;15 ;15 ;08:30 ;60 ;7:30;12:00 ;13:00 ;1
3895 ;1869 ;T1869;De 08:00 a 17:00 ht 8 ;08:00 ;17:00 ;15 ;15 ;09:00 ;60 ;8:00;12:00 ;13:00 ;1
3896 ;1870 ;T1870;De 08:00 a 17:00 ht 8 ;08:00 ;17:00 ;30 ;0 ;09:00 ;60 ;8:00;12:00 ;13:00 ;1
3897 ;1871 ;T1871;De 08:00 a 17:15 ht 8.25 ;08:00 ;17:15 ;15 ;15 ;09:15 ;60 ;8:15;12:00 ;13:00 ;1
3898 ;1872 ;T1872;De 08:00 a 17:30 ht 8.5 ;08:00 ;17:30 ;15 ;15 ;09:30 ;60 ;8:30;12:00 ;13:00 ;1
3899 ;1873 ;T1873;De 08:00 a 17:30 ht 8.5 ;08:00 ;17:30 ;30 ;0 ;09:30 ;60 ;8:30;12:00 ;13:00 ;1
3900 ;1874 ;T1874;De 08:00 a 17:45 ht 8.75 ;08:00 ;17:45 ;15 ;15 ;09:45 ;60 ;8:45;12:00 ;13:00 ;0
3901 ;1875 ;T1875;De 08:00 a 18:00 ht 9 ;08:00 ;18:00 ;15 ;15 ;10:00 ;60 ;9:00;12:00 ;13:00 ;0
3902 ;1876 ;T1876;De 08:00 a 18:00 ht 9 ;08:00 ;18:00 ;30 ;0 ;10:00 ;60 ;9:00;12:00 ;13:00 ;0
3903 ;1877 ;T1877;De 08:00 a 18:15 ht 9.25 ;08:00 ;18:15 ;15 ;15 ;10:15 ;60 ;9:15;12:00 ;13:00 ;0
3904 ;1878 ;T1878;De 08:00 a 18:30 ht 9.5 ;08:00 ;18:30 ;15 ;15 ;10:30 ;60 ;9:30;12:00 ;13:00 ;0
3905 ;1879 ;T1879;De 08:00 a 19:00 ht 10 ;08:00 ;19:00 ;15 ;15 ;11:00 ;60 ;10:00;12:00 ;13:00 ;0
3906 ;1880 ;T1880;De 08:00 a 19:00 ht 10 ;08:00 ;19:00 ;30 ;0 ;11:00 ;60 ;10:00;12:00 ;13:00 ;0
3907 ;1881 ;T1881;De 08:15 a 17:45 ht 8.5 ;08:15 ;17:45 ;15 ;15 ;09:30 ;60 ;8:30;01:00 ;02:00 ;1
3908 ;1882 ;T1882;De 08:30 a 12:30 ht 4 ;08:30 ;12:30 ;0 ;0 ;04:00 ;0 ;4:00;;;0
3909 ;1883 ;T1883;De 08:30 a 13:00 ht 4.5 ;08:30 ;13:00 ;0 ;0 ;04:30 ;0 ;4:30;;;0
3910 ;1884 ;T1884;De 08:30 a 16:30 ht 7 ;08:30 ;16:30 ;15 ;15 ;08:00 ;60 ;7:00;12:30 ;13:30 ;1
3911 ;1885 ;T1885;De 08:30 a 16:30 ht 7 ;08:30 ;16:30 ;30 ;0 ;08:00 ;60 ;7:00;12:30 ;13:30 ;1
3912 ;1886 ;T1886;De 08:30 a 17:00 ht 7.5 ;08:30 ;17:00 ;15 ;15 ;08:30 ;60 ;7:30;12:30 ;13:30 ;1
3913 ;1887 ;T1887;De 08:30 a 17:00 ht 7.5 ;08:30 ;17:00 ;30 ;0 ;08:30 ;60 ;7:30;12:30 ;13:30 ;1
3914 ;1888 ;T1888;De 08:30 a 17:30 ht 8 ;08:30 ;17:30 ;15 ;15 ;09:00 ;60 ;8:00;12:30 ;13:30 ;1
3915 ;1889 ;T1889;De 08:30 a 18:00 ht 8.5 ;08:30 ;18:00 ;30 ;0 ;09:30 ;60 ;8:30;12:30 ;13:30 ;1
3916 ;1890 ;T1890;De 08:30 a 18:00 ht 8.5 ;08:30 ;18:00 ;15 ;15 ;09:30 ;60 ;8:30;12:30 ;13:30 ;1
3917 ;1891 ;T1891;De 08:30 a 18:30 ht 9 ;08:30 ;18:30 ;15 ;15 ;10:00 ;60 ;9:00;12:30 ;13:30 ;0
3918 ;1892 ;T1892;De 08:30 a 19:00 ht 9.5 ;08:30 ;19:00 ;15 ;15 ;10:30 ;60 ;9:30;12:30 ;13:30 ;0
3919 ;1893 ;T1893;De 08:30 a 19:00 ht 9.5 ;08:30 ;19:00 ;30 ;0 ;10:30 ;60 ;9:30;12:30 ;13:30 ;0
3920 ;1894 ;T1894;De 08:30 a 19:30 ht 10 ;08:30 ;19:30 ;15 ;15 ;11:00 ;60 ;10:00;12:30 ;13:30 ;0
3921 ;1895 ;T1895;De 08:30 a 19:30 ht 10 ;08:30 ;19:30 ;30 ;0 ;11:00 ;60 ;10:00;12:30 ;13:30 ;0
3922 ;1896 ;T1896;De 09:00 a 13:00 ht 4 ;09:00 ;13:00 ;0 ;0 ;04:00 ;0 ;4:00;;;0
3923 ;1897 ;T1897;De 09:00 a 14:00 ht 5 ;09:00 ;14:00 ;15 ;0 ;05:00 ;0 ;5:00;;;0
3924 ;1898 ;T1898;De 09:00 a 15:00 ht 6 ;09:00 ;15:00 ;15 ;0 ;06:00 ;0 ;6:00;;;0
3925 ;1899 ;T1899;De 09:00 a 17:00 ht 7 ;09:00 ;17:00 ;15 ;15 ;08:00 ;60 ;7:00;01:00 ;02:00 ;1
3926 ;1900 ;T1900;De 09:00 a 17:00 ht 7 ;09:00 ;17:00 ;30 ;0 ;08:00 ;60 ;7:00;01:00 ;02:00 ;1
3927 ;1901 ;T1901;De 09:00 a 18:00 ht 8 ;09:00 ;18:00 ;15 ;15 ;09:00 ;60 ;8:00;01:00 ;02:00 ;1
3928 ;1902 ;T1902;De 09:00 a 18:00 ht 8 ;09:00 ;18:00 ;30 ;0 ;09:00 ;60 ;8:00;01:00 ;02:00 ;1
3929 ;1903 ;T1903;De 09:00 a 18:30 ht 8.5 ;09:00 ;18:30 ;15 ;15 ;09:30 ;60 ;8:30;01:00 ;02:00 ;1
3930 ;1904 ;T1904;De 09:00 a 18:30 ht 8.5 ;09:00 ;18:30 ;30 ;0 ;09:30 ;60 ;8:30;01:00 ;02:00 ;1
3931 ;1905 ;T1905;De 09:00 a 19:00 ht 9 ;09:00 ;19:00 ;15 ;15 ;10:00 ;60 ;9:00;01:00 ;02:00 ;0
3932 ;1906 ;T1906;De 09:00 a 19:00 ht 9 ;09:00 ;19:00 ;30 ;0 ;10:00 ;60 ;9:00;01:00 ;02:00 ;0
3933 ;1907 ;T1907;De 09:00 a 19:30 ht 9.5 ;09:00 ;19:30 ;15 ;15 ;10:30 ;60 ;9:30;01:00 ;02:00 ;0
3934 ;1908 ;T1908;De 09:00 a 20:00 ht 10 ;09:00 ;20:00 ;15 ;15 ;11:00 ;60 ;10:00;01:00 ;02:00 ;0
3935 ;1909 ;T1909;De 09:00 a 20:00 ht 10 ;09:00 ;20:00 ;30 ;0 ;11:00 ;60 ;10:00;01:00 ;02:00 ;0
3936 ;1910 ;T1910;De 09:30 a 17:30 ht 7 ;09:30 ;17:30 ;30 ;0 ;08:00 ;60 ;7:00;01:30 ;02:30 ;1
3937 ;1911 ;T1911;De 09:30 a 18:00 ht 7.5 ;09:30 ;18:00 ;15 ;15 ;08:30 ;60 ;7:30;01:30 ;02:30 ;1
3938 ;1912 ;T1912;De 09:30 a 18:30 ht 8 ;09:30 ;18:30 ;15 ;15 ;09:00 ;60 ;8:00;01:30 ;02:30 ;1
3939 ;1913 ;T1913;De 09:30 a 19:00 ht 9.5 ;09:30 ;19:00 ;15 ;15 ;09:30 ;60 ;8:30;01:30 ;02:30 ;1
3940 ;1914 ;T1914;De 09:30 a 19:00 ht 8.5 ;09:30 ;19:00 ;30 ;0 ;09:30 ;60 ;8:30;01:30 ;02:30 ;1
3941 ;1915 ;T1915;De 09:30 a 19:30 ht 9 ;09:30 ;19:30 ;15 ;15 ;10:00 ;60 ;9:00;01:30 ;02:30 ;0
3942 ;1916 ;T1916;De 09:30 a 20:30 ht 10 ;09:30 ;20:30 ;30 ;0 ;11:00 ;60 ;10:00;01:30 ;02:30 ;0
3943 ;1917 ;T1917;De 10:00 a 16:00 ht 6 ;10:00 ;16:00 ;15 ;0 ;06:00 ;0 ;6:00;;;0
3944 ;1918 ;T1918;De 10:00 a 18:00 ht 7 ;10:00 ;18:00 ;15 ;15 ;08:00 ;60 ;7:00;02:00 ;03:00 ;1
3945 ;1919 ;T1919;De 10:00 a 18:00 ht 7 ;10:00 ;18:00 ;30 ;0 ;08:00 ;60 ;7:00;02:00 ;03:00 ;1
3946 ;1920 ;T1920;De 10:00 a 18:30 ht 7.5 ;10:00 ;18:30 ;15 ;15 ;08:30 ;60 ;7:30;02:00 ;03:00 ;1
3947 ;1921 ;T1921;De 10:00 a 18:30 ht 7.5 ;10:00 ;18:30 ;30 ;0 ;08:30 ;60 ;7:30;02:00 ;03:00 ;1
3948 ;1922 ;T1922;De 10:00 a 19:00 ht 8 ;10:00 ;19:00 ;15 ;15 ;09:00 ;60 ;8:00;02:00 ;03:00 ;1
3949 ;1923 ;T1923;De 10:00 a 19:00 ht 8 ;10:00 ;19:00 ;30 ;0 ;09:00 ;60 ;8:00;02:00 ;03:00 ;1
3950 ;1924 ;T1924;De 10:00 a 19:30 ht 8.5 ;10:00 ;19:30 ;15 ;15 ;09:30 ;60 ;8:30;02:00 ;03:00 ;1
3951 ;1925 ;T1925;De 10:00 a 20:00 ht 9 ;10:00 ;20:00 ;15 ;15 ;10:00 ;60 ;9:00;02:00 ;03:00 ;0
3952 ;1926 ;T1926;De 10:00 a 20:00 ht 9 ;10:00 ;20:00 ;30 ;0 ;10:00 ;60 ;9:00;02:00 ;03:00 ;0
3953 ;1927 ;T1927;De 10:00 a 21:00 ht 10 ;10:00 ;21:00 ;15 ;15 ;11:00 ;60 ;10:00;02:00 ;03:00 ;0
3954 ;1928 ;T1928;De 10:00 a 21:00 ht 10 ;10:00 ;21:00 ;30 ;0 ;11:00 ;60 ;10:00;02:00 ;03:00 ;0
3955 ;1929 ;T1929;De 10:30 a 16:30 ht 6 ;10:30 ;16:30 ;15 ;0 ;06:00 ;0 ;6:00;;;0
3956 ;1930 ;T1930;De 10:30 a 18:30 ht 7 ;10:30 ;18:30 ;30 ;0 ;08:00 ;60 ;7:00;02:00 ;03:00 ;1
3957 ;1931 ;T1931;De 10:30 a 19:00 ht 7.5 ;10:30 ;19:00 ;15 ;15 ;08:30 ;60 ;7:30;02:00 ;03:00 ;1
3958 ;1932 ;T1932;De 10:30 a 19:00 ht 8.5 ;10:30 ;19:00 ;30 ;0 ;08:30 ;60 ;7:30;02:00 ;03:00 ;1
3959 ;1933 ;T1933;De 10:30 a 20:00 ht 9.5 ;10:30 ;20:00 ;15 ;15 ;09:30 ;60 ;8:30;02:00 ;03:00 ;1
3960 ;1934 ;T1934;De 10:30 a 20:30 ht 9 ;10:30 ;20:30 ;15 ;15 ;10:00 ;60 ;9:00;02:00 ;03:00 ;0
3961 ;1935 ;T1935;De 11:00 a 17:00 ht 6 ;11:00 ;17:00 ;15 ;0 ;06:00 ;0 ;6:00;;;0
3962 ;1936 ;T1936;De 11:00 a 19:00 ht 7 ;11:00 ;19:00 ;15 ;15 ;08:00 ;60 ;7:00;03:00 ;04:00 ;1
3963 ;1937 ;T1937;De 11:00 a 19:00 ht 7 ;11:00 ;19:00 ;0 ;30 ;08:00 ;60 ;7:00;03:00 ;04:00 ;1
3964 ;1938 ;T1938;De 11:00 a 20:00 ht 8 ;11:00 ;20:00 ;15 ;15 ;09:00 ;60 ;8:00;03:00 ;04:00 ;1
3965 ;1939 ;T1939;De 11:00 a 20:00 ht 8 ;11:00 ;20:00 ;30 ;0 ;09:00 ;60 ;8:00;03:00 ;04:00 ;1
3966 ;1940 ;T1940;De 11:00 a 20:30 ht 8.5 ;11:00 ;20:30 ;15 ;15 ;09:30 ;60 ;8:30;03:00 ;04:00 ;1
3967 ;1941 ;T1941;De 11:00 a 21:00 ht 9 ;11:00 ;21:00 ;15 ;15 ;10:00 ;60 ;9:00;03:00 ;04:00 ;0
3968 ;1942 ;T1942;De 11:00 a 21:00 ht 9 ;11:00 ;21:00 ;30 ;0 ;10:00 ;60 ;9:00;03:00 ;04:00 ;0
3969 ;1943 ;T1943;De 11:00 a 22:00 ht 10 ;11:00 ;22:00 ;30 ;0 ;11:00 ;60 ;10:00;03:00 ;04:00 ;0
3970 ;1944 ;T1944;De 11:30 a 19:30 ht 7 ;11:30 ;19:30 ;0 ;30 ;08:00 ;60 ;7:00;03:00 ;04:00 ;1
3971 ;1945 ;T1945;De 11:30 a 20:00 ht 7.5 ;11:30 ;20:00 ;15 ;15 ;08:30 ;60 ;7:30;03:00 ;04:00 ;1
3972 ;1946 ;T1946;De 12:00 a 17:00 ht 5 ;12:00 ;17:00 ;0 ;0 ;05:00 ;0 ;5:00;;;0
3973 ;1947 ;T1947;De 12:00 a 20:00 ht 7 ;12:00 ;20:00 ;0 ;30 ;08:00 ;60 ;7:00;02:00 ;03:00 ;1
3974 ;1948 ;T1948;De 12:00 a 20:30 ht 7.5 ;12:00 ;20:30 ;0 ;30 ;08:30 ;60 ;7:30;02:00 ;03:00 ;1
3975 ;1949 ;T1949;De 12:00 a 21:00 ht 8 ;12:00 ;21:00 ;15 ;15 ;09:00 ;60 ;8:00;02:00 ;03:00 ;1
3976 ;1950 ;T1950;De 12:00 a 22:00 ht 9 ;12:00 ;22:00 ;15 ;15 ;10:00 ;60 ;9:00;02:00 ;03:00 ;0
3977 ;1951 ;T1951;De 12:00 a 22:00 ht 9 ;12:00 ;22:00 ;30 ;0 ;10:00 ;60 ;9:00;02:00 ;03:00 ;0
3978 ;1952 ;T1952;De 12:30 a 21:30 ht 8 ;12:30 ;21:30 ;0 ;30 ;09:00 ;60 ;8:00;02:00 ;03:00 ;1
3979 ;1953 ;T1953;De 12:30 a 20:30 ht 7 ;12:30 ;20:30 ;0 ;30 ;08:00 ;60 ;7:00;02:00 ;03:00 ;1
3980 ;1954 ;T1954;De 12:30 a 16:30 ht 4 ;12:30 ;16:30 ;0 ;0 ;04:00 ;0 ;4:00;;;0
3981 ;1955 ;T1955;De 12:30 a 18:00 ht 5.5 ;12:30 ;18:00 ;15 ;0 ;05:30 ;0 ;5:30;;;0
3982 ;1956 ;T1956;De 12:30 a 21:00 ht 7.5 ;12:30 ;21:00 ;0 ;30 ;08:30 ;60 ;7:30;02:00 ;03:00 ;1
3983 ;1957 ;T1957;De 13:00 a 17:00 ht 4 ;13:00 ;17:00 ;0 ;0 ;04:00 ;0 ;4:00;;;0
3984 ;1958 ;T1958;De 13:00 a 18:00 ht 5 ;13:00 ;18:00 ;15 ;0 ;05:00 ;0 ;5:00;;;0
3985 ;1959 ;T1959;De 13:00 a 19:00 ht 6 ;13:00 ;19:00 ;15 ;0 ;06:00 ;0 ;6:00;;;0
3986 ;1960 ;T1960;De 13:00 a 21:00 ht 7 ;13:00 ;21:00 ;0 ;30 ;08:00 ;60 ;7:00;03:30 ;04:30 ;1
3987 ;1961 ;T1961;De 13:00 a 21:30 ht 7.5 ;13:00 ;21:30 ;0 ;30 ;08:30 ;60 ;7:30;03:30 ;04:30 ;1
3988 ;1962 ;T1962;De 13:00 a 22:00 ht 8 ;13:00 ;22:00 ;0 ;30 ;09:00 ;60 ;8:00;03:30 ;04:30 ;1
3989 ;1963 ;T1963;De 13:30 a 20:00 ht 6.5 ;13:30 ;20:00 ;0 ;15 ;06:30 ;0 ;6:30;;;0
3990 ;1964 ;T1964;De 14:00 a 21:00 ht 7 ;14:00 ;21:00 ;30 ;0 ;07:00 ;0 ;7:00;;;1
3991 ;1965 ;T1965;De 13:30 a 21:30 ht 7 ;13:30 ;21:30 ;0 ;30 ;08:00 ;60 ;7:00;03:30 ;04:30 ;1
3992 ;1966 ;T1966;De 13:30 a 22:00 ht 8 ;13:30 ;22:00 ;0 ;30 ;08:30 ;60 ;7:30;03:30 ;04:30 ;1
3993 ;1967 ;T1967;De 14:00 a 19:00 ht 5 ;14:00 ;19:00 ;15 ;0 ;05:00 ;0 ;5:00;;;0
3994 ;1968 ;T1968;De 14:00 a 20:00 ht 6 ;14:00 ;20:00 ;15 ;0 ;06:00 ;0 ;6:00;;;0
3995 ;1969 ;T1969;De 14:00 a 21:00 ht 7 ;14:00 ;21:00 ;0 ;30 ;07:00 ;0 ;7:00;;;0
3996 ;1970 ;T1970;De 14:00 a 22:00 ht 7 ;14:00 ;22:00 ;0 ;30 ;08:00 ;60 ;7:00;;;1
3997 ;1971 ;T1971;De 14:00 a 23:00 ht 8 ;14:00 ;23:00 ;0 ;30 ;09:00 ;60 ;8:00;03:30 ;04:30 ;1
3998 ;1972 ;T1972;De 12:30 a 21:30 ht 8 ;12:30 ;21:30 ;0 ;30 ;09:00 ;60 ;8:00;02:00 ;03:00 ;1
3999 ;1973 ;T1973;De 14:30 a 22:00 ht 7.5 ;14:30 ;22:00 ;0 ;30 ;07:30 ;0 ;7:30;;;0
4000 ;1974 ;T1974;De 14:30 a 22:30 ht 7 ;14:30 ;22:30 ;0 ;30 ;08:00 ;60 ;7:00;;;1
4001 ;1975 ;T1975;De 14:30 a 23:00 ht 7.5 ;14:30 ;23:00 ;0 ;30 ;08:30 ;60 ;7:30;04:00 ;05:00 ;1
4002 ;1976 ;T1976;De 15:00 a 00:00 ht 8 ;15:00 ;00:00 ;0 ;30 ;09:00 ;60 ;8:00;06:00 ;07:00 ;1
4003 ;1977 ;T1977;De 15:00 a 21:00 ht 6 ;15:00 ;21:00 ;0 ;15 ;06:00 ;0 ;6:00;;;0
4004 ;1978 ;T1978;De 15:00 a 22:00 ht 7 ;15:00 ;22:00 ;0 ;30 ;07:00 ;0 ;7:00;;;0
4005 ;1979 ;T1979;De 15:00 a 23:00 ht 7 ;15:00 ;23:00 ;0 ;30 ;08:00 ;60 ;7:00;;;1
4006 ;1980 ;T1980;De 15:00 a 23:45 ht 7.75 ;15:00 ;23:45 ;0 ;30 ;08:45 ;60 ;7:45;06:00 ;07:00 ;1
4007 ;1981 ;T1981;De 16:00 a 00:00 ht 7 ;16:00 ;00:00 ;0 ;30 ;08:00 ;60 ;7:00;;;1
4008 ;1982 ;T1982;De 16:00 a 22:00 ht 6 ;16:00 ;22:00 ;0 ;15 ;06:00 ;0 ;6:00;;;0
4009 ;1983 ;T1983;De 16:00 a 00:00 ht 8 ;16:00 ;00:00 ;30 ;0 ;08:00 ;0 ;8:00;;;1
4010 ;1984 ;T1984;De 19:00 a 23:00 ht 4 ;19:00 ;23:00 ;0 ;0 ;04:00 ;0 ;4:00;;;0
4011 ;1985 ;T1985;De 16:30 a 22:00 ht 5.5 ;16:30 ;22:00 ;15 ;0 ;05:30 ;0 ;5:30;;;0
4012 ;1986 ;T1986;De 17:00 a 00:00 R60 ;17:00 ;00:00 ;0 ;30 ;07:00 ;60 ;6:00;21:00 ;22:00 ;1
4013 ;1987 ;T1987;De 18:00 a 02:00 ht 8 ;18:00 ;02:00 ;15 ;15 ;08:00 ;0 ;8:00;;;1
4014 ;1988 ;T1988;De 19:00 a 23:30 ht 4.5 ;19:00 ;23:30 ;0 ;0 ;04:30 ;0 ;4:30;;;0
4015 ;1989 ;T1989;De 19:00 a 00:00 ht 5 ;19:00 ;00:00 ;15 ;0 ;05:00 ;0 ;5:00;;;0
4016 ;1990 ;T1990;De 20:00 a 06:00 ht 9 ;20:00 ;06:00 ;30 ;0 ;10:00 ;60 ;9:00;01:00 ;02:00 ;0
4017 ;1991 ;T1991;De 22:00 a 06:00 ht 7 ;22:00 ;06:00 ;15 ;15 ;08:00 ;60 ;7:00;03:00 ;04:00 ;1
4018 ;1992 ;T1992;De 22:00 a 06:00 ht 7 ;22:00 ;06:00 ;30 ;0 ;08:00 ;60 ;7:00;03:00 ;04:00 ;1
4019 ;1993 ;T1993;De 06:00 a 13:00 ht 7 ;06:00 ;13:00 ;30 ;0 ;07:00 ;0 ;7:00;;;1
4020 ;1994 ;T1994;De 06:30 a 14:00 ht 7.5 ;06:30 ;14:00 ;30 ;0 ;07:30 ;0 ;7:30;;;1
4021 ;1995 ;T1995;De 07:30 a 14:30 ht 7 ;07:30 ;14:30 ;30 ;0 ;07:00 ;0 ;7:00;;;1
4022 ;1996 ;T1996;De 07:30 a 15:00 ht 7.5 ;07:30 ;15:00 ;30 ;0 ;07:30 ;0 ;7:30;;;1
4023 ;1997 ;T1997;De 08:00 a 14:00 ht 6 ;08:00 ;14:00 ;0 ;15 ;06:00 ;0 ;6:00;;;0
4024 ;1998 ;T1998;De 08:00 a 14:30 ht 6.5 ;08:00 ;14:30 ;15 ;0 ;06:30 ;0 ;6:30;;;0
4025 ;1999 ;T1999;De 08:00 a 15:00 ht 7 ;08:00 ;15:00 ;30 ;0 ;07:00 ;0 ;7:00;;;1
4026 ;2000 ;T2000;De 18:30 a 23:45 ht 5.25 ;18:30 ;23:45 ;0 ;0 ;05:15 ;0 ;5:15;;;0
4027 ;2001 ;T2001;De 05:00 a 13:00 ht 8 ;05:00 ;13:00 ;30 ;0 ;08:00 ;0 ;8:00;;;1
4028 ;2002 ;T2002;De 06:00 a 14:00 ht 7 ;06:00 ;14:00 ;30 ;0 ;08:00 ;60 ;7:00;10:00 ;11:00 ;1
4029 ;2003 ;T2003;De 06:00 a 15:00 ht 8 ;06:00 ;15:00 ;30 ;0 ;09:00 ;60 ;8:00;10:00 ;11:00 ;1
4030 ;2004 ;T2004;De 06:30 a 12:30 ht 6 ;06:30 ;12:30 ;30 ;0 ;06:00 ;0 ;6:00;;;1
4031 ;2005 ;T2005;De 06:30 a 14:30 ht 8 ;06:30 ;14:30 ;30 ;0 ;08:00 ;0 ;8:00;;;1
4032 ;2006 ;T2006;De 06:30 a 14:00 ht 7.5 ;06:30 ;14:00 ;30 ;0 ;07:30 ;0 ;7:30;;;1
4033 ;2007 ;T2007;De 07:00 a 14:30 ht 7.5 ;07:00 ;14:30 ;30 ;0 ;07:30 ;0 ;7:30;;;1
4034 ;2008 ;T2008;De 07:00 a 15:00 ht 7 ;07:00 ;15:00 ;30 ;0 ;08:00 ;60 ;7:00;11:00 ;12:00 ;1
4035 ;2009 ;T2009;De 07:00 a 16:00 ht 8 ;07:00 ;16:00 ;30 ;0 ;09:00 ;60 ;8:00;11:00 ;12:00 ;1
4036 ;2010 ;T2010;De 07:00 a 18:00 ht 10 ;07:00 ;18:00 ;30 ;0 ;11:00 ;60 ;10:00;11:00 ;12:00 ;0
4037 ;2011 ;T2011;De 07:00 a 15:00 ht 8 ;07:00 ;15:00 ;30 ;0 ;08:00 ;0 ;8:00;;;1
4038 ;2012 ;T2012;De 07:30 a 15:00 ht 7.5 ;07:30 ;15:00 ;30 ;0 ;07:30 ;0 ;7:30;;;1
4039 ;2013 ;T2013;De 07:30 a 15:30 ht 7 ;07:30 ;15:30 ;30 ;0 ;08:00 ;60 ;7:00;11:30 ;12:30 ;1
4040 ;2014 ;T2014;De 07:30 a 16:30 ht 8 ;07:30 ;16:30 ;30 ;0 ;09:00 ;60 ;8:00;11:30 ;12:30 ;1
4041 ;2015 ;T2015;De 08:00 a 15:30 ht 7.5 ;08:00 ;15:30 ;30 ;0 ;07:30 ;0 ;7:30;;;1
4042 ;2016 ;T2016;De 08:00 a 18:00 ht 9 ;08:00 ;18:00 ;30 ;0 ;10:00 ;60 ;9:00;12:00 ;13:00 ;0
4043 ;2017 ;T2017;De 08:00 a 15:30 ht 7.5 ;08:00 ;15:30 ;30 ;0 ;07:30 ;0 ;7:30;;;1
4044 ;2018 ;T2018;De 08:00 a 16:00 ht 8 ;08:00 ;16:00 ;30 ;0 ;08:00 ;0 ;8:00;;;1
4045 ;2019 ;T2019;De 08:00 a 17:00 ht 8 ;08:00 ;17:00 ;30 ;0 ;09:00 ;60 ;8:00;12:00 ;13:00 ;1
4046 ;2020 ;T2020;De 05:00 a 13:00 ht 7 ;05:00 ;13:00 ;30 ;0 ;08:00 ;60 ;7:00;11:00 ;12:00 ;1
4047 ;2021 ;T2021;De 05:00 a 12:00 ht 7 ;05:00 ;12:00 ;30 ;0 ;07:00 ;0 ;7:00;;;1
4048 ;2022 ;T2022;De 05:00 a 12:00 ht 7 ;05:00 ;12:00 ;30 ;0 ;07:00 ;0 ;7:00;;;1
4049 ;2023 ;T2023;De 06:00 a 13:00 ht 7 ;06:00 ;13:00 ;30 ;0 ;07:00 ;0 ;7:00;;;1
4050 ;2024 ;T2024;De 06:00 a 14:00 ht 8 ;06:00 ;14:00 ;30 ;0 ;08:00 ;0 ;8:00;;;1
4051 ;2025 ;T2025;De 06:00 a 15:00 ht 9 ;06:00 ;15:00 ;30 ;0 ;09:00 ;0 ;9:00;;;1
4052 ;2026 ;T2026;De 06:30 a 12:30 ht 6 ;06:30 ;12:30 ;30 ;0 ;06:00 ;0 ;6:00;;;1
4053 ;2027 ;T2027;De 06:30 a 14:30 ht 7 ;06:30 ;14:30 ;30 ;0 ;08:00 ;60 ;7:00;10:30 ;11:30 ;1
4054 ;2028 ;T2028;De 06:30 a 14:30 ht 8 ;06:30 ;14:30 ;30 ;0 ;08:00 ;0 ;8:00;;;1
4055 ;2029 ;T2029;De 06:30 a 14:00 ht 7.5 ;06:30 ;14:00 ;30 ;0 ;07:30 ;0 ;7:30;;;1
4056 ;2030 ;T2030;De 06:30 a 12:30 ht 6 ;06:30 ;12:30 ;30 ;0 ;06:00 ;0 ;6:00;;;1
4057 ;2031 ;T2031;De 06:30 a 14:30 ht 8 ;06:30 ;14:30 ;30 ;0 ;08:00 ;0 ;8:00;;;1
4058 ;2032 ;T2032;De 06:30 a 14:30 ht 7 ;06:30 ;14:30 ;30 ;0 ;08:00 ;60 ;7:00;10:30 ;11:30 ;1
4059 ;2033 ;T2033;De 06:45 a 14:30 ht 7.75 ;06:45 ;14:30 ;30 ;0 ;07:45 ;0 ;7:45;;;1
4060 ;2034 ;T2034;De 06:45 a 13:45 ht 7 ;06:45 ;13:45 ;30 ;0 ;07:00 ;0 ;7:00;;;1
4061 ;2035 ;T2035;De 07:00 a 14:00 ht 7 ;07:00 ;14:00 ;30 ;0 ;07:00 ;0 ;7:00;;;1
4062 ;2036 ;T2036;De 07:00 a 14:30 ht 7.5 ;07:00 ;14:30 ;30 ;0 ;07:30 ;0 ;7:30;;;1
4063 ;2037 ;T2037;De 07:00 a 15:00 ht 8 ;07:00 ;15:00 ;30 ;0 ;08:00 ;0 ;8:00;;;1
4064 ;2038 ;T2038;De 07:00 a 16:00 ht 9 ;07:00 ;16:00 ;30 ;0 ;09:00 ;0 ;9:00;;;1
4065 ;2039 ;T2039;De 07:00 a 18:00 ht 10 ;07:00 ;18:00 ;15 ;15 ;11:00 ;60 ;10:00;11:00 ;12:00 ;0
4066 ;2040 ;T2040;De 07:00 a 15:00 ht 8 ;07:00 ;15:00 ;30 ;0 ;08:00 ;0 ;8:00;;;1
4067 ;2041 ;T2041;De 07:00 a 15:30 ht 7.5 ;07:00 ;15:30 ;30 ;0 ;08:30 ;60 ;7:30;11:00 ;12:00 ;1
4068 ;2042 ;T2042;De 07:00 a 15:30 ht 8.5 ;07:00 ;15:30 ;30 ;0 ;08:30 ;0 ;8:30;;;1
4069 ;2043 ;T2043;De 07:00 a 17:00 ht 9 ;07:00 ;17:00 ;30 ;0 ;10:00 ;60 ;9:00;11:00 ;12:00 ;0
4070 ;2044 ;T2044;De 07:30 a 16:30 ht 8 ;07:30 ;16:30 ;30 ;0 ;09:00 ;60 ;8:00;11:30 ;12:30 ;1
4071 ;2045 ;T2045;De 07:30 a 16:30 ht 9 ;07:30 ;16:30 ;30 ;0 ;09:00 ;0 ;9:00;;;1
4072 ;2046 ;T2046;De 07:30 a 18:00 ht 9.5 ;07:30 ;18:00 ;30 ;0 ;10:30 ;60 ;9:30;11:30 ;12:30 ;0
4073 ;2047 ;T2047;De 07:30 a 18:00 ht 9.5 ;07:30 ;18:00 ;15 ;15 ;10:30 ;60 ;9:30;11:30 ;12:30 ;0
4074 ;2048 ;T2048;De 07:30 a 15:30 ht 8 ;07:30 ;15:30 ;30 ;0 ;08:00 ;0 ;8:00;;;1
4075 ;2049 ;T2049;De 08:00 a 16:00 ht 7 ;08:00 ;16:00 ;30 ;0 ;08:00 ;60 ;7:00;12:00 ;13:00 ;1
4076 ;2050 ;T2050;De 08:00 a 16:00 ht 8 ;08:00 ;16:00 ;30 ;0 ;08:00 ;0 ;8:00;;;1
4077 ;2051 ;T2051;De 08:00 a 17:00 ht 9 ;08:00 ;17:00 ;30 ;0 ;09:00 ;0 ;9:00;;;1
4078 ;2052 ;T2052;De 08:00 a 18:00 ht 9 ;08:00 ;18:00 ;30 ;0 ;10:00 ;60 ;9:00;12:00 ;13:00 ;0
4079 ;2053 ;T2053;De 08:00 a 15:00 ht 7 ;08:00 ;15:00 ;30 ;0 ;07:00 ;0 ;7:00;;;1
4080 ;2054 ;T2054;De 08:30 a 17:30 ht 8 ;08:30 ;17:30 ;30 ;0 ;09:00 ;60 ;8:00;12:30 ;13:30 ;1
4081 ;2055 ;T2055;De 08:30 a 17:30 ht 9 ;08:30 ;17:30 ;30 ;0 ;09:00 ;0 ;9:00;;;1
4082 ;2056 ;T2056;De 08:30 a 16:00 ht 7.5 ;08:30 ;16:00 ;30 ;0 ;07:30 ;0 ;7:30;;;1
4083 ;2057 ;T2057;De 08:30 a 16:30 ht 7 ;08:30 ;16:30 ;30 ;0 ;08:00 ;60 ;7:00;12:30 ;13:30 ;1
4084 ;2058 ;T2058;De 08:30 a 16:30 ht 8 ;08:30 ;16:30 ;30 ;0 ;08:00 ;0 ;8:00;;;1
4085 ;2059 ;T2059;De 08:30 a 17:30 ht 8 ;08:30 ;17:30 ;30 ;0 ;09:00 ;60 ;8:00;12:30 ;13:30 ;1
4086 ;2060 ;T2060;De 08:30 a 17:30 ht 9 ;08:30 ;17:30 ;30 ;0 ;09:00 ;0 ;9:00;;;1
4087 ;2061 ;T2061;De 08:30 a 15:30 ht 6 ;08:30 ;15:30 ;30 ;0 ;07:00 ;60 ;6:00;12:30 ;13:30 ;1
4088 ;2062 ;T2062;De 08:30 a 15:30 ht 7 ;08:30 ;15:30 ;30 ;0 ;07:00 ;0 ;7:00;;;1
4089 ;2063 ;T2063;De 09:00 a 18:00 ht 8 ;09:00 ;18:00 ;30 ;0 ;09:00 ;60 ;8:00;01:00 ;02:00 ;1
4090 ;2064 ;T2064;De 09:00 a 18:00 ht 9 ;09:00 ;18:00 ;30 ;0 ;09:00 ;0 ;9:00;;;1
4091 ;2065 ;T2065;De 09:00 a 19:00 ht 9 ;09:00 ;19:00 ;30 ;0 ;10:00 ;60 ;9:00;01:00 ;02:00 ;0
4092 ;2066 ;T2066;De 09:00 a 19:00 ht 10 ;09:00 ;19:00 ;30 ;0 ;10:00 ;0 ;10:00;;;0
4093 ;2067 ;T2067;De 09:00 a 18:30 ht 8.5 ;09:00 ;18:30 ;30 ;0 ;09:30 ;60 ;8:30;01:00 ;02:00 ;1
4094 ;2068 ;T2068;De 09:00 a 18:30 ht 9.5 ;09:00 ;18:30 ;30 ;0 ;09:30 ;0 ;9:30;;;1
4095 ;2069 ;T2069;De 09:00 a 19:00 ht 9 ;09:00 ;19:00 ;30 ;0 ;10:00 ;60 ;9:00;01:00 ;02:00 ;0
4096 ;2070 ;T2070;De 09:00 a 19:00 ht 10 ;09:00 ;19:00 ;30 ;0 ;10:00 ;0 ;10:00;;;0
4097 ;2071 ;T2071;De 09:00 a 17:00 ht 8 ;09:00 ;17:00 ;30 ;0 ;08:00 ;0 ;8:00;;;1
4098 ;2072 ;T2072;De 09:00 a 17:00 ht 7 ;09:00 ;17:00 ;30 ;0 ;08:00 ;60 ;7:00;01:00 ;02:00 ;1
4099 ;2073 ;T2073;De 09:00 a 16:00 ht 6 ;09:00 ;16:00 ;30 ;0 ;07:00 ;60 ;6:00;01:00 ;02:00 ;1
4100 ;2074 ;T2074;De 09:00 a 16:00 ht 7 ;09:00 ;16:00 ;30 ;0 ;07:00 ;0 ;7:00;;;1
4101 ;2075 ;T2075;De 09:30 a 20:00 ht 9.5 ;09:30 ;20:00 ;30 ;0 ;10:30 ;60 ;9:30;01:30 ;02:30 ;0
4102 ;2076 ;T2076;De 09:30 a 20:00 ht 9.5 ;09:30 ;20:00 ;15 ;15 ;10:30 ;60 ;9:30;01:30 ;02:30 ;0
4103 ;2077 ;T2077;De 09:30 a 19:00 ht 8.5 ;09:30 ;19:00 ;30 ;0 ;09:30 ;60 ;8:30;01:30 ;02:30 ;1
4104 ;2078 ;T2078;De 09:30 a 19:00 ht 9.5 ;09:30 ;19:00 ;30 ;0 ;09:30 ;0 ;9:30;;;1
4105 ;2079 ;T2079;De 09:30 a 17:30 ht 7 ;09:30 ;17:30 ;30 ;0 ;08:00 ;60 ;7:00;01:30 ;02:30 ;1
4106 ;2080 ;T2080;De 09:30 a 17:30 ht 8 ;09:30 ;17:30 ;30 ;0 ;08:00 ;0 ;8:00;;;1
4107 ;2081 ;T2081;De 10:00 a 20:30 ht 9.5 ;10:00 ;20:30 ;30 ;0 ;10:30 ;60 ;9:30;02:00 ;03:00 ;0
4108 ;2082 ;T2082;De 10:00 a 20:30 ht 9.5 ;10:00 ;20:30 ;15 ;15 ;10:30 ;60 ;9:30;02:00 ;03:00 ;0
4109 ;2083 ;T2083;De 10:00 a 21:00 ht 10 ;10:00 ;21:00 ;15 ;15 ;11:00 ;60 ;10:00;02:00 ;03:00 ;0
4110 ;2084 ;T2084;De 11:00 a 22:00 ht 10 ;11:00 ;22:00 ;15 ;15 ;11:00 ;60 ;10:00;03:00 ;04:00 ;0
4111 ;2085 ;T2085;De 10:00 a 20:00 ht 9 ;10:00 ;20:00 ;30 ;0 ;10:00 ;60 ;9:00;02:00 ;03:00 ;0
4112 ;2086 ;T2086;De 10:00 a 20:00 ht 10 ;10:00 ;20:00 ;30 ;0 ;10:00 ;0 ;10:00;;;0
4113 ;2087 ;T2087;De 10:00 a 21:00 ht 10 ;10:00 ;21:00 ;30 ;0 ;11:00 ;60 ;10:00;02:00 ;03:00 ;0
4114 ;2088 ;T2088;De 10:00 a 21:00 ht 10 ;10:00 ;21:00 ;15 ;15 ;11:00 ;60 ;10:00;02:00 ;03:00 ;0
4115 ;2089 ;T2089;De 10:00 a 17:00 ht 6 ;10:00 ;17:00 ;30 ;0 ;07:00 ;60 ;6:00;02:00 ;03:00 ;1
4116 ;2090 ;T2090;De 10:00 a 17:00 ht 7 ;10:00 ;17:00 ;30 ;0 ;07:00 ;0 ;7:00;;;1
4117 ;2091 ;T2091;De 10:30 a 21:00 ht 9.5 ;10:30 ;21:00 ;30 ;0 ;10:30 ;60 ;9:30;02:00 ;03:00 ;0
4118 ;2092 ;T2092;De 10:30 a 21:00 ht 9.5 ;10:30 ;21:00 ;15 ;15 ;10:30 ;60 ;9:30;02:00 ;03:00 ;0
4119 ;2093 ;T2093;De 10:30 a 17:30 ht 6 ;10:30 ;17:30 ;30 ;0 ;07:00 ;60 ;6:00;02:00 ;03:00 ;1
4120 ;2094 ;T2094;De 10:30 a 17:30 ht 7 ;10:30 ;17:30 ;30 ;0 ;07:00 ;0 ;7:00;;;1
4121 ;2095 ;T2095;De 11:00 a 21:00 ht 9 ;11:00 ;21:00 ;30 ;0 ;10:00 ;60 ;9:00;03:00 ;04:00 ;0
4122 ;2096 ;T2096;De 11:00 a 21:00 ht 10 ;11:00 ;21:00 ;30 ;0 ;10:00 ;0 ;10:00;;;0
4123 ;2097 ;T2097;De 11:00 a 23:00 ht 12 ;11:00 ;23:00 ;30 ;0 ;12:00 ;0 ;12:00;;;0
4124 ;2098 ;T2098;De 11:00 a 23:00 ;11:00 ;23:00 ;30 ;0 ;12:00 ;60 ;11:00;03:00 ;04:00 ;0
4125 ;2099 ;T2099;De 11:00 a 23:00 ;11:00 ;23:00 ;30 ;0 ;12:00 ;60 ;11:00;03:00 ;04:00 ;0
4126 ;2100 ;T2100;De 11:00 a 23:00 ;11:00 ;23:00 ;30 ;0 ;12:00 ;0 ;12:00;;;0
4127 ;2101 ;T2101;De 11:00 a 18:00 ht 6 ;11:00 ;18:00 ;30 ;0 ;07:00 ;60 ;6:00;03:00 ;04:00 ;1
4128 ;2102 ;T2102;De 11:00 a 18:00 ht 7 ;11:00 ;18:00 ;30 ;0 ;07:00 ;0 ;7:00;;;1
4129 ;2103 ;T2103;De 11:30 a 22:00 ht 9.5 ;11:30 ;22:00 ;30 ;0 ;10:30 ;60 ;9:30;03:00 ;04:00 ;0
4130 ;2104 ;T2104;De 11:30 a 22:00 ht 9.5 ;11:30 ;22:00 ;15 ;15 ;10:30 ;60 ;9:30;03:00 ;04:00 ;0
4131 ;2105 ;T2105;De 11:30 a 21:00 ht 8.5 ;11:30 ;21:00 ;30 ;0 ;09:30 ;60 ;8:30;03:00 ;04:00 ;1
4132 ;2106 ;T2106;De 11:30 a 21:00 ht 9.5 ;11:30 ;21:00 ;30 ;0 ;09:30 ;0 ;9:30;;;1
4133 ;2107 ;T2107;De 12:00 a 21:30 ht 8.5 ;12:00 ;21:30 ;30 ;0 ;09:30 ;60 ;8:30;02:00 ;03:00 ;1
4134 ;2108 ;T2108;De 12:00 a 21:30 ht 9.5 ;12:00 ;21:30 ;30 ;0 ;09:30 ;0 ;9:30;;;1
4135 ;2109 ;T2109;De 12:00 a 20:00 ht 7 ;12:00 ;20:00 ;30 ;0 ;08:00 ;60 ;7:00;02:00 ;03:00 ;1
4136 ;2110 ;T2110;De 12:00 a 20:00 ht 8 ;12:00 ;20:00 ;30 ;0 ;08:00 ;0 ;8:00;;;1
4137 ;2111 ;T2111;De 12:00 a 20:00 ht 7 ;12:00 ;20:00 ;30 ;0 ;08:00 ;60 ;7:00;02:00 ;03:00 ;1
4138 ;2112 ;T2112;De 12:00 a 20:00 ht 8 ;12:00 ;20:00 ;0 ;0 ;08:00 ;0 ;8:00;;;0
4139 ;2113 ;T2113;De 13:00 a 21:30 ht 7.5 ;13:00 ;21:30 ;30 ;0 ;08:30 ;60 ;7:30;03:30 ;04:30 ;1
4140 ;2114 ;T2114;De 13:00 a 21:30 ht 8.5 ;13:00 ;21:30 ;30 ;0 ;08:30 ;0 ;8:30;;;1
4141 ;2115 ;T2115;De 13:00 a 22:00 ht 8 ;13:00 ;22:00 ;30 ;0 ;09:00 ;60 ;8:00;03:30 ;04:30 ;1
4142 ;2116 ;T2116;De 13:00 a 22:00 ht 9 ;13:00 ;22:00 ;30 ;0 ;09:00 ;0 ;9:00;;;1
4143 ;2117 ;T2117;De 13:00 a 21:00 ht 7 ;13:00 ;21:00 ;30 ;0 ;08:00 ;60 ;7:00;03:00 ;04:00 ;1
4144 ;2118 ;T2118;De 13:00 a 21:00 ht 8 ;13:00 ;21:00 ;30 ;0 ;08:00 ;0 ;8:00;;;1
4145 ;2119 ;T2119;De 13:30 a 22:00 ht 8 ;13:30 ;22:00 ;30 ;0 ;08:30 ;60 ;7:30;03:00 ;04:00 ;1
4146 ;2120 ;T2120;De 13:30 a 22:00 ht 9 ;13:30 ;22:00 ;30 ;0 ;08:30 ;0 ;8:30;;;1
4147 ;2121 ;T2121;De 13:30 a 21:30 ht 7 ;13:30 ;21:30 ;30 ;0 ;08:00 ;60 ;7:00;03:00 ;04:00 ;1
4148 ;2122 ;T2122;De 13:30 a 21:30 ht 8 ;13:30 ;21:30 ;30 ;0 ;08:00 ;0 ;8:00;;;1
4149 ;2123 ;T2123;De 14:00 a 22:00 ht 7 ;14:00 ;22:00 ;30 ;0 ;08:00 ;60 ;7:00;;;1
4150 ;2124 ;T2124;De 14:00 a 22:00 ht 8 ;14:00 ;22:00 ;30 ;0 ;08:00 ;0 ;8:00;;;1
4151 ;2125 ;T2125;De 14:00 a 23:00 ht 8 ;14:00 ;23:00 ;30 ;0 ;09:00 ;60 ;8:00;03:30 ;04:30 ;1
4152 ;2126 ;T2126;De 14:00 a 23:00 ht 9 ;14:00 ;23:00 ;30 ;0 ;09:00 ;0 ;9:00;;;1
4153 ;2127 ;T2127;De 14:00 a 22:00 ht 7 ;14:00 ;22:00 ;30 ;0 ;08:00 ;60 ;7:00;;;1
4154 ;2128 ;T2128;De 14:00 a 22:00 ht 8 ;14:00 ;22:00 ;30 ;0 ;08:00 ;0 ;8:00;;;1
4155 ;2129 ;T2129;De 14:30 a 22:00 ht 6.5 ;14:30 ;22:00 ;30 ;0 ;07:30 ;60 ;6:30;;;1
4156 ;2130 ;T2130;De 14:30 a 22:00 ht 7.5 ;14:30 ;22:00 ;30 ;0 ;07:30 ;0 ;7:30;;;1
4157 ;2131 ;T2131;De 14:30 a 23:00 ht 7.5 ;14:30 ;23:00 ;30 ;0 ;08:30 ;60 ;7:30;04:00 ;05:00 ;1
4158 ;2132 ;T2132;De 14:30 a 23:00 ht 8.5 ;14:30 ;23:00 ;30 ;0 ;08:30 ;0 ;8:30;;;1
4159 ;2133 ;T2133;De 14:30 a 00:00 ht 8.5 ;14:30 ;00:00 ;30 ;0 ;09:30 ;60 ;8:30;03:30 ;04:30 ;1
4160 ;2134 ;T2134;De 14:30 a 00:00 ht 9.5 ;14:30 ;00:00 ;30 ;0 ;09:30 ;0 ;9:30;;;1
4161 ;2135 ;T2135;De 14:30 a 22:00 ht 7.5 ;14:30 ;22:00 ;30 ;0 ;07:30 ;0 ;7:30;;;1
4162 ;2136 ;T2136;De 14:30 a 22:30 ht 7 ;14:30 ;22:30 ;30 ;0 ;08:00 ;60 ;7:00;;;1
4163 ;2137 ;T2137;De 14:30 a 22:30 ht 8 ;14:30 ;22:30 ;30 ;0 ;08:00 ;0 ;8:00;;;1
4164 ;2138 ;T2138;De 14:30 a 22:00 ht 7.5 ;14:30 ;22:00 ;30 ;0 ;07:30 ;0 ;7:30;;;1
4165 ;2139 ;T2139;De 14:30 a 22:30 ht 7 ;14:30 ;22:30 ;30 ;0 ;08:00 ;60 ;7:00;;;1
4166 ;2140 ;T2140;De 14:30 a 22:30 ht 8 ;14:30 ;22:30 ;30 ;0 ;08:00 ;0 ;8:00;;;1
4167 ;2141 ;T2141;De 15:00 a 00:00 ht 8 ;15:00 ;00:00 ;30 ;0 ;09:00 ;60 ;8:00;06:00 ;07:00 ;1
4168 ;2142 ;T2142;De 15:00 a 00:00 ht 9 ;15:00 ;00:00 ;30 ;0 ;09:00 ;0 ;9:00;;;1
4169 ;2143 ;T2143;De 15:00 a 22:00 ht 7 ;15:00 ;22:00 ;30 ;0 ;07:00 ;0 ;7:00;;;1
4170 ;2144 ;T2144;De 15:00 a 23:00 ht 7 ;15:00 ;23:00 ;30 ;0 ;08:00 ;60 ;7:00;;;1
4171 ;2145 ;T2145;De 15:00 a 23:00 ht 8 ;15:00 ;23:00 ;30 ;0 ;08:00 ;0 ;8:00;;;1
4172 ;2146 ;T2146;De 15:00 a 22:00 ht 7 ;15:00 ;22:00 ;30 ;0 ;07:00 ;0 ;7:00;;;1
4173 ;2147 ;T2147;De 15:00 a 22:30 ht 7.5 ;15:00 ;22:30 ;30 ;0 ;07:30 ;0 ;7:30;;;1
4174 ;2148 ;T2148;De 15:30 a 01:00 ht 9.5 ;15:30 ;01:00 ;30 ;0 ;09:30 ;60 ;8:30;06:00 ;07:00 ;1
4175 ;2149 ;T2149;De 15:30 a 21:00 ht 5.5 ;15:30 ;21:00 ;30 ;0 ;05:30 ;0 ;5:30;;;1
4176 ;2150 ;T2150;De 16:00 a 01:00 ht 8 ;16:00 ;01:00 ;30 ;0 ;09:00 ;60 ;8:00;07:00 ;08:00 ;1
4177 ;2151 ;T2151;De 16:00 a 01:00 ht 9 ;16:00 ;01:00 ;30 ;0 ;09:00 ;0 ;9:00;;;1
4178 ;2152 ;T2152;De 16:00 a 00:00 ht 7 ;16:00 ;00:00 ;30 ;0 ;08:00 ;60 ;7:00;;;1
4179 ;2153 ;T2153;De 16:00 a 00:00 ht 8 ;16:00 ;00:00 ;30 ;0 ;08:00 ;0 ;8:00;;;1
4180 ;2154 ;T2154;De 16:00 a 23:00 ht 6 ;16:00 ;23:00 ;30 ;0 ;07:00 ;60 ;6:00;;;1
4181 ;2155 ;T2155;De 16:00 a 23:00 ht 7 ;16:00 ;23:00 ;30 ;0 ;07:00 ;0 ;7:00;;;1
4182 ;2156 ;T2156;De 17:00 a 21:00 ht 4 ;17:00 ;21:00 ;30 ;0 ;04:00 ;0 ;4:00;;;1
4183 ;2157 ;T2157;De 17:00 a 21:00 ht 4 ;17:00 ;21:00 ;30 ;0 ;04:00 ;0 ;4:00;;;1
4184 ;2158 ;T2158;De 17:00 a 01:00 ht 8 ;17:00 ;01:00 ;30 ;0 ;08:00 ;0 ;8:00;;;1
4185 ;2159 ;T2159;De 17:00 a 01:00 ht 8 ;17:00 ;01:00 ;30 ;0 ;08:00 ;0 ;8:00;;;1
4186 ;2160 ;T2160;De 17:00 a 01:00 ht 8 ;17:00 ;01:00 ;30 ;0 ;08:00 ;0 ;8:00;;;1
4187 ;2161 ;T2161;De 17:30 a 22:30 ht 5 ;17:30 ;22:30 ;30 ;0 ;05:00 ;0 ;5:00;;;1
4188 ;2162 ;T2162;De 22:00 a 06:00 ht 7 ;22:00 ;06:00 ;30 ;0 ;08:00 ;60 ;7:00;03:00 ;04:00 ;1
4189 ;2163 ;T2163;De 22:00 a 06:00 ht 8 ;22:00 ;06:00 ;30 ;0 ;08:00 ;0 ;8:00;;;1
4190 ;2164 ;T2164;De 22:00 a 06:00 ht 7 ;22:00 ;06:00 ;30 ;0 ;08:00 ;60 ;7:00;03:00 ;04:00 ;1
4191 ;2165 ;T2165;De 06:30 a 16:00 ht 9.5 ;06:30 ;16:00 ;30 ;0 ;09:30 ;0 ;9:30;;;1
4192 ;2166 ;T2166;De 06:30 a 13:30 ht 7 ;06:30 ;13:30 ;30 ;0 ;07:00 ;0 ;7:00;;;1
4193 ;2167 ;T2167;De 07:30 a 16:00 ht 8.5 ;07:30 ;16:00 ;30 ;0 ;08:30 ;0 ;8:30;;;1
4194 ;2168 ;T2168;De 07:30 a 17:00 ht 9.5 ;07:30 ;17:00 ;30 ;0 ;09:30 ;0 ;9:30;;;1
4195 ;2169 ;T2169;De 08:30 a 14:30 ht 6 ;08:30 ;14:30 ;30 ;0 ;06:00 ;0 ;6:00;;;1
4196 ;2170 ;T2170;De 08:30 a 16:30 ht 8 ;08:30 ;16:30 ;30 ;0 ;08:00 ;0 ;8:00;;;1
4197 ;2171 ;T2171;De 10:00 a 18:00 ht 8 ;10:00 ;18:00 ;30 ;0 ;08:00 ;0 ;8:00;;;1
4198 ;2172 ;T2172;De 11:00 a 22:00 ht 10 ;11:00 ;22:00 ;15 ;15 ;11:00 ;60 ;10:00;03:00 ;04:00 ;0
4199 ;2173 ;T2173;De 12:00 a 23:00 ht 10 ;12:00 ;23:00 ;15 ;15 ;11:00 ;60 ;10:00;02:00 ;03:00 ;0
4200 ;2174 ;T2174;De 13:00 a 20:00 ht 7 ;13:00 ;20:00 ;30 ;0 ;07:00 ;0 ;7:00;;;1
4201 ;2175 ;T2175;De 11:00 a 20:00 ht 9 ;11:00 ;20:00 ;30 ;0 ;09:00 ;0 ;9:00;;;1
4202 ;2176 ;T2176;De 06:00 a 17:00 ht 10 ;06:00 ;17:00 ;15 ;15 ;11:00 ;60 ;10:00;10:00 ;11:00 ;0
4203 ;2177 ;T2177;De 07:30 a 17:30 ht 10 ;07:30 ;17:30 ;30 ;0 ;10:00 ;0 ;10:00;;;0
4204 ;2178 ;T2178;De 17:30 a 21:00 ht 3.5 ;17:30 ;21:00 ;15 ;0 ;03:30 ;0 ;3:30;;;1
4205 ;2179 ;T2179;De 15:30 a 21:30 ht 6 ;15:30 ;21:30 ;30 ;0 ;06:00 ;0 ;6:00;;;1
4206 ;2180 ;T2180;De 15:30 a 22:00 ht 6.5 ;15:30 ;22:00 ;30 ;0 ;06:30 ;0 ;6:30;;;1
4207 ;2181 ;T2181;De 12:30 a 19:00 ht 6.5 ;12:30 ;19:00 ;30 ;0 ;06:30 ;0 ;6:30;;;1
4208 ;2182 ;T2182;De 07:00 a 13:30 ht 6.5 ;07:00 ;13:30 ;30 ;0 ;06:30 ;0 ;6:30;;;1
4209 ;2184 ;T2183;De 08:30 a 15:00 ht 6.5 ;08:30 ;15:00 ;30 ;0 ;06:30 ;0 ;6:30;;;1
4210 ;2183 ;T2184;De 10:00 a 16:30 ht 6.5 ;10:00 ;16:30 ;30 ;0 ;06:30 ;0 ;6:30;;;1
4211 ;2185 ;T2185;De 14:30 a 21:00 ht 6.5 ;14:30 ;21:00 ;30 ;0 ;06:30 ;0 ;6:30;;;1
4212 ;2186 ;T2186;De 10:30 a 17:00 ht 6.5 ;10:30 ;17:00 ;30 ;0 ;06:30 ;0 ;6:30;;;1
4213 ;2187 ;T2187;De 09:00 a 15:30 ht 6.5 ;09:00 ;15:30 ;30 ;0 ;06:30 ;0 ;6:30;;;1
4214 ;2188 ;T2188;De 13:30 a 20:30 ht 7 ;13:30 ;20:30 ;30 ;0 ;07:00 ;0 ;7:00;;;1
4215 ;2189 ;T2189;De 09:30 a 16:30 ht 7 ;09:30 ;16:30 ;30 ;0 ;07:00 ;0 ;7:00;;;1
4216 ;2190 ;T2190;De 14:30 a 21:30 ht 7 ;14:30 ;21:30 ;30 ;0 ;07:00 ;0 ;7:00;;;1
4217 ;2191 ;T2191;De 14:00 a 21:30 ht 7.5 ;14:00 ;21:30 ;30 ;0 ;07:30 ;0 ;7:30;;;1
4218 ;2192 ;T2192;De 13:00 a 20:30 ht 7.5 ;13:00 ;20:30 ;30 ;0 ;07:30 ;0 ;7:30;;;1
4219 ;2193 ;T2193;De 05:00 a 13:00 ht 8 ;05:00 ;13:00 ;30 ;0 ;08:00 ;0 ;8:00;;;1
4220 ;2194 ;T2194;De 11:00 a 19:30 ht 8.5 ;11:00 ;19:30 ;30 ;0 ;08:30 ;0 ;8:30;;;1
4221 ;2195 ;T2195;De 09:30 a 18:00 ht 8.5 ;09:30 ;18:00 ;30 ;0 ;08:30 ;0 ;8:30;;;1
4222 ;2196 ;T2196;De 09:00 a 20:00 ht 10 ;09:00 ;20:00 ;15 ;15 ;11:00 ;60 ;10:00;01:00 ;02:00 ;0
4223 ;2197 ;T2197;De 08:00 a 19:00 ht 10 ;08:00 ;19:00 ;15 ;15 ;11:00 ;60 ;10:00;12:00 ;13:00 ;0
4224 ;2198 ;T2198;De 08:30 a 17:30 ht 8 ;08:30 ;17:30 ;15 ;15 ;09:00 ;60 ;8:00;12:30 ;13:30 ;1
4225 ;2199 ;T2199;De 09:00 a 19:00 ht 9 ;09:00 ;19:00 ;15 ;15 ;10:00 ;60 ;9:00;01:00 ;02:00 ;0
4226 ;2200 ;T2200;De 20:00 a 02:00 ht 6 ;20:00 ;02:00 ;15 ;0 ;06:00 ;0 ;6:00;;;0
4227 ;2201 ;T2201;De 10:00 a 16:00 ht 6 ;10:00 ;16:00 ;15 ;0 ;06:00 ;0 ;6:00;;;0
4228 ;2202 ;T2202;De 07:00 a 17:00 ht 9 ;07:00 ;17:00 ;0 ;0 ;10:00 ;60 ;9:00;11:00 ;12:00 ;0
4229 ;2203 ;T2203;De 07:00 a 16:00 ht 8 ;07:00 ;16:00 ;0 ;0 ;09:00 ;60 ;8:00;11:00 ;12:00 ;1
4230 ;2204 ;T2204;De 08:00 a 13:00 ht 5 ;08:00 ;13:00 ;0 ;0 ;05:00 ;0 ;5:00;;;0
4231 ;2205 ;T2205;De 10:00 a 21:00 ht 10 ;10:00 ;21:00 ;0 ;0 ;11:00 ;60 ;10:00;02:00 ;03:00 ;0
4232 ;2206 ;T2206;De 11:00 a 21:00 ht 9 ;11:00 ;21:00 ;0 ;0 ;10:00 ;60 ;9:00;03:00 ;04:00 ;0
4233 ;2207 ;T2207;De 08:00 a 18:00 ht 9 ;08:00 ;18:00 ;0 ;0 ;10:00 ;60 ;9:00;12:00 ;13:00 ;0
4234 ;2208 ;T2208;De 09:00 a 12:00 ht 3 ;09:00 ;12:00 ;0 ;0 ;03:00 ;0 ;3:00;;;0
4235 ;2209 ;T2209;De 08:00 a 17:30 ht 8.5 ;08:00 ;17:30 ;0 ;0 ;09:30 ;60 ;8:30;12:00 ;13:00 ;1
4236 ;2210 ;T2210;De 08:00 a 19:00 ht 10 ;08:00 ;19:00 ;0 ;0 ;11:00 ;60 ;10:00;12:00 ;13:00 ;0
4237 ;2211 ;T2211;De 08:00 a 20:00 ht 10 ;08:00 ;20:00 ;15 ;15 ;12:00 ;120 ;10:00;12:00 ;14:00 ;0
4238 ;2212 ;T2212;De 07:00 a 19:00 ht 10 ;07:00 ;19:00 ;0 ;0 ;12:00 ;120 ;10:00;11:00 ;13:00 ;0
4239 ;2213 ;T2213;De 07:30 A 19:30 ht 10 ;07:30 ;19:30 ;0 ;0 ;12:00 ;120 ;10:00;11:30 ;13:30 ;0
4240 ;2214 ;T2214;De 08:00 a 20:00 ht 10 ;08:00 ;20:00 ;0 ;0 ;12:00 ;120 ;10:00;12:00 ;14:00 ;0
4241 ;2215 ;T2215_1;De 08:30 a 20:30 ht 10 ;08:30 ;20:30 ;0 ;0 ;12:00 ;120 ;10:00;12:30 ;14:30 ;0
4242 ;2216 ;T2215_2;De 07:00 a 16:30 ht 8 ;07:00 ;16:30 ;0 ;0 ;09:30 ;90 ;8:00;11:00 ;12:30 ;1
4243 ;2217 ;T2216_1;De 07:30 a 17:00 ht 8 ;07:30 ;17:00 ;0 ;0 ;09:30 ;90 ;8:00;11:30 ;13:00 ;1
4244 ;2218 ;T2216_2;De 08:00 A 17:30 ht 8 ;08:00 ;17:30 ;0 ;0 ;09:30 ;90 ;8:00;12:00 ;13:30 ;1
4245 ;2219 ;T2217;De 08:30 A 18:00 ht 8 ;08:30 ;18:00 ;0 ;0 ;09:30 ;90 ;8:00;12:30 ;14:00 ;1
4246 ;2220 ;T2218;De 09:00 a 18:30 ht 8 ;09:00 ;18:30 ;0 ;0 ;09:30 ;90 ;8:00;01:00 ;02:30 ;1
4247 ;2221 ;T2220;De 09:30 a 19:00 ht 8 ;09:30 ;19:00 ;0 ;0 ;09:30 ;90 ;8:00;01:30 ;03:00 ;1
4248 ;2222 ;T2221;De 10:00 a 19:30 ht 8 ;10:00 ;19:30 ;0 ;0 ;09:30 ;90 ;8:00;02:00 ;03:30 ;1
4249 ;2223 ;T2222;De 10:00 a 20:00 ht 8.5 ;10:00 ;20:00 ;0 ;0 ;10:00 ;90 ;8:30;02:00 ;03:30 ;0
4250 ;2224 ;T2223;De 11:30 a 19:30 ht 8 ;11:30 ;19:30 ;30 ;0 ;08:00 ;0 ;8:00;;;1
4251 ;2225 ;T2224;De 11:30 a 20:30 ht 9 ;11:30 ;20:30 ;0 ;0 ;09:00 ;0 ;9:00;;;0
4252 ;2226 ;T2225;De 10:30 a 20:00 ht 8 ;10:30 ;20:00 ;0 ;0 ;09:30 ;90 ;8:00;02:00 ;03:30 ;1
4253 ;2227 ;T2226;De 11:30 a 19:30 ht 8 ;11:30 ;19:30 ;30 ;0 ;08:00 ;0 ;8:00;;;1
4254 ;2228 ;T2227;De 06:30 a 17:00 ht 10 ;06:30 ;17:00 ;15 ;15 ;10:30 ;30 ;10:00;10:30 ;11:00 ;0
4255 ;2229 ;T2228;De 07:00 A 17:30 ht 10 ;07:00 ;17:30 ;15 ;15 ;10:30 ;30 ;10:00;11:00 ;11:30 ;0
4256 ;2230 ;T2229;De 07:00 a 15:00 ht 7.5 ;07:00 ;15:00 ;15 ;15 ;08:00 ;30 ;7:30;11:00 ;11:30 ;1
4257 ;2231 ;T2230;De 10:30 a 21:30 ht 10 ;10:30 ;21:30 ;30 ;0 ;11:00 ;60 ;10:00;02:00 ;03:00 ;0
4258 ;2232 ;T2231;De 11:30 a 20:30 ht 8 ;11:30 ;20:30 ;30 ;0 ;09:00 ;60 ;8:00;03:00 ;04:00 ;1
4259 ;2233 ;T2232;De 10:30 a 19:30 ht 9 ;10:30 ;19:30 ;0 ;0 ;09:00 ;0 ;9:00;;;0
4260 ;2234 ;T2233;De 09:30 a 15:00 ht 5.5 ;09:30 ;15:00 ;30 ;0 ;05:30 ;0 ;5:30;;;1
4261 ;2235 ;T2234;De 12:30 a 21:30 ht 8 ;12:30 ;21:30 ;30 ;0 ;09:00 ;60 ;8:00;02:00 ;03:00 ;1
4262 ;2236 ;T2235;De 11:00 a 20:00 ht 8 ;11:00 ;20:00 ;30 ;0 ;09:00 ;60 ;8:00;03:00 ;04:00 ;1
4263 ;2237 ;T2236;De 06:30 a 17:30 ht 10 ;06:30 ;17:30 ;30 ;0 ;11:00 ;60 ;10:00;10:30 ;11:30 ;0
4264 ;2238 ;T2237;De 12:00 a 22:00 ht 10 ;12:00 ;22:00 ;30 ;0 ;10:00 ;0 ;10:00;;;0
4265 ;2239 ;T2238;De 07:00 a 17:00 ht 9.5 ;07:00 ;17:00 ;15 ;15 ;10:00 ;30 ;9:30;11:00 ;11:30 ;0
4266 ;2240 ;T2239;De 07:30 a 18:00 ht 10 ;07:30 ;18:00 ;15 ;15 ;10:30 ;30 ;10:00;11:30 ;12:00 ;0
4267 ;2241 ;T2240;De 07:00 a 16:00 ht 8.5 ;07:00 ;16:00 ;15 ;15 ;09:00 ;30 ;8:30;11:00 ;11:30 ;1
4268 ;2242 ;T2241;De 08:00 a 12:30 ht 4.5 ;08:00 ;12:30 ;15 ;0 ;04:30 ;0 ;4:30;;;1
4269 ;2243 ;T2242;De 08:00 a 19:30 ht 9.5 ;08:00 ;19:30 ;15 ;15 ;11:30 ;120 ;9:30;12:00 ;14:00 ;0
4270 ;2244 ;T2243;De 06:00 a 17:00 ht 10 ;06:00 ;17:00 ;15 ;15 ;11:00 ;60 ;10:00;10:00 ;11:00 ;0
4271 ;2245 ;T2244;De 07:30 a 18:30 ht 9.5 ;07:30 ;18:30 ;15 ;15 ;11:00 ;90 ;9:30;11:30 ;13:00 ;0
4272 ;2246 ;T2245;De 14:00 a 18:00 ht 4 ;14:00 ;18:00 ;15 ;0 ;04:00 ;0 ;4:00;;;1
4273 ;2247 ;T2246;De 21:00 a 06:00 ht 9 ;21:00 ;06:00 ;15 ;0 ;09:00 ;0 ;9:00;;;0
4274 ;2248 ;T2247;De 06:30 a 16:30 ht 10 ;06:30 ;16:30 ;30 ;0 ;10:00 ;0 ;10:00;;;0
4275 ;2295 ;T2295;De 08:00 a 17:30 ht 8.5 ;08:00 ;17:30 ;0 ;0 ;09:30 ;60 ;8:30;12:00 ;13:00 ;1
4276 ;2321 ;T2306;De 07:30 a 19:30 ht 12 ;07:30 ;19:30 ;30 ;0 ;12:00 ;60 ;11:00;11:30 ;12:30 ;0
4277 ;2457 ;T2410;De 15:30 a 00:00 ht 9.5 ;15:30 ;00:00 ;15 ;15 ;08:30 ;0 ;8:30;;;1
4278 ;2458 ;T2411;De 11:30 A 21:30 ht 9 ;11:30 ;21:30 ;15 ;15 ;10:00 ;60 ;9:00;03:00 ;04:00 ;0
4279 ;2391 ;TP2013;De 07:00 a 17:00 ht 9 ;07:00 ;17:00 ;15 ;15 ;10:00 ;60 ;9:00;11:00 ;12:00 ;0
4280 ;2452 ;tp2014;De 06:00 A 10:00 ht 4 ;06:00 ;10:00 ;15 ;0 ;04:00 ;0 ;4:00;;;1
4281 ;2249 ;TT 2248;De 10:00 a 14:00 ht 4 ;10:00 ;14:00 ;15 ;0 ;04:00 ;0 ;4:00;;;1
4282 ;2250 ;TT 2249;De 06:30 a 15:00 ht 8.5 ;06:30 ;15:00 ;15 ;15 ;08:30 ;0 ;8:30;;;1
4283 ;2251 ;TT 2250;De 16:30 a 22:00 ht 5.5 ;16:30 ;22:00 ;15 ;0 ;05:30 ;0 ;5:30;;;0
4284 ;2252 ;TT 2251;De 12:00 a 19:00 ht 7 ;12:00 ;19:00 ;15 ;0 ;07:00 ;0 ;7:00;;;0
4285 ;2253 ;TT 2252;De 11:00 a 19:00 ht 8 ;11:00 ;19:00 ;30 ;0 ;08:00 ;0 ;8:00;;;1
4286 ;2254 ;TT 2253;De 06:00 a 13:30 ht 7.5 ;06:00 ;13:30 ;30 ;0 ;07:30 ;0 ;7:30;;;1
4287 ;2255 ;TT 2254;De 09:00 a 16:30 ht 7.5 ;09:00 ;16:30 ;30 ;0 ;07:30 ;0 ;7:30;;;1
4288 ;2256 ;TT 2255;De 10:00 a 17:30 ht 7.5 ;10:00 ;17:30 ;30 ;0 ;07:30 ;0 ;7:30;;;1
4289 ;2257 ;TT 2256;De 11:00 a 18:30 ht 7.5 ;11:00 ;18:30 ;30 ;0 ;07:30 ;0 ;7:30;;;1
4290 ;2258 ;TT 2257;De 12:00 a 19:30 ht 7.5 ;12:00 ;19:30 ;30 ;0 ;07:30 ;0 ;7:30;;;1
4291 ;2259 ;TT 2258;De 16:00 a 23:30 ht 7.5 ;16:00 ;23:30 ;30 ;0 ;07:30 ;0 ;7:30;;;1
4292 ;2260 ;TT 2259;De 16:30 a 00:00 ht 7.5 ;16:30 ;00:00 ;30 ;0 ;07:30 ;0 ;7:30;;;1
4293 ;2261 ;TT 2260;De 17:00 a 22:00 ht 5 ;17:00 ;22:00 ;30 ;0 ;05:00 ;0 ;5:00;;;1
4294 ;2262 ;TT 2261;De 17:00 a 23:00 ht 6 ;17:00 ;23:00 ;30 ;0 ;06:00 ;0 ;6:00;;;1
4295 ;2263 ;TT 2262;De 06:00 a 15:30 ht 8.5 ;06:00 ;15:30 ;15 ;15 ;09:30 ;60 ;8:30;10:00 ;11:00 ;1
4296 ;2264 ;TT 2263;De 06:00 a 16:30 ht 9.5 ;06:00 ;16:30 ;15 ;15 ;10:30 ;60 ;9:30;10:00 ;11:00 ;0
4297 ;2265 ;TT 2264;De 06:00 a 17:30 ht 10.5 ;06:00 ;17:30 ;15 ;15 ;11:30 ;60 ;10:30;10:00 ;11:00 ;0
4298 ;2266 ;TT 2265;De 06:00 a 17:00 ht 10 ;06:00 ;17:00 ;15 ;15 ;11:00 ;60 ;10:00;10:00 ;11:00 ;0
4299 ;2267 ;TT 2266;De 07:00 a 18:30 ht 10.5 ;07:00 ;18:30 ;15 ;15 ;11:30 ;60 ;10:30;11:00 ;12:00 ;0
4300 ;2268 ;TT 2267;De 07:00 a 18:00 ht 10 ;07:00 ;18:00 ;15 ;15 ;11:00 ;60 ;10:00;11:00 ;12:00 ;0
4301 ;2269 ;TT 2268;De 08:00 a 19:30 ht 10.5 ;08:00 ;19:30 ;15 ;15 ;11:30 ;60 ;10:30;12:00 ;13:00 ;0
4302 ;2270 ;TT 2269;De 09:00 a 17:30 ht 7.5 ;09:00 ;17:30 ;15 ;15 ;08:30 ;60 ;7:30;01:00 ;02:00 ;1
4303 ;2271 ;TT 2270;De 09:00 a 20:30 ht 10.5 ;09:00 ;20:30 ;15 ;15 ;11:30 ;60 ;10:30;01:00 ;02:00 ;0
4304 ;2272 ;TT 2271;De 09:00 a 20:00 ht 10 ;09:00 ;20:00 ;15 ;15 ;11:00 ;60 ;10:00;01:00 ;02:00 ;0
4305 ;2273 ;TT 2272;De 10:00 a 21:30 ht 10.5 ;10:00 ;21:30 ;15 ;15 ;11:30 ;60 ;10:30;02:00 ;03:00 ;0
4306 ;2274 ;TT 2273;De 11:00 a 19:30 ht 7.5 ;11:00 ;19:30 ;15 ;15 ;08:30 ;60 ;7:30;03:00 ;04:00 ;1
4307 ;2275 ;TT 2274;De 11:00 a 21:30 ht 9.5 ;11:00 ;21:30 ;15 ;15 ;10:30 ;60 ;9:30;03:00 ;04:00 ;0
4308 ;2276 ;TT 2275;De 11:00 a 22:30 ht 10.5 ;11:00 ;22:30 ;15 ;15 ;11:30 ;60 ;10:30;03:00 ;04:00 ;0
4309 ;2277 ;TT 2276;De 12:00 a 22:30 ht 9.5 ;12:00 ;22:30 ;15 ;15 ;10:30 ;60 ;9:30;02:00 ;03:00 ;0
4310 ;2278 ;TT 2277;De 12:00 a 23:00 ht 10 ;12:00 ;23:00 ;15 ;15 ;11:00 ;60 ;10:00;02:00 ;03:00 ;0
4311 ;2279 ;TT 2278;De 12:00 a 23:30 ht 10.5 ;12:00 ;23:30 ;15 ;15 ;11:30 ;60 ;10:30;02:00 ;03:00 ;0
4312 ;2280 ;TT 2279;De 13:00 a 00:00 ht 10 ;13:00 ;00:00 ;15 ;15 ;11:00 ;60 ;10:00;03:00 ;04:00 ;0
4313 ;2281 ;TT 2280;De 13:00 a 22:30 ht 8.5 ;13:00 ;22:30 ;15 ;15 ;09:30 ;60 ;8:30;03:00 ;04:00 ;1
4314 ;2282 ;TT 2281;De 13:00 a 23:00 ht 9 ;13:00 ;23:00 ;15 ;15 ;10:00 ;60 ;9:00;03:00 ;04:00 ;0
4315 ;2283 ;TT 2282;De 13:00 a 23:30 ht 9.5 ;13:00 ;23:30 ;15 ;15 ;10:30 ;60 ;9:30;03:00 ;04:00 ;0
4316 ;2284 ;TT 2283;De 13:00 a 00:00 ht 10 ;13:00 ;00:00 ;15 ;15 ;11:00 ;60 ;10:00;04:00 ;05:00 ;0
4317 ;2285 ;TT 2284;De 14:00 a 22:30 ht 7.5 ;14:00 ;22:30 ;15 ;15 ;08:30 ;60 ;7:30;04:00 ;05:00 ;1
4318 ;2286 ;TT 2285;De 14:00 a 23:30 ht 8.5 ;14:00 ;23:30 ;15 ;15 ;09:30 ;60 ;8:30;03:30 ;04:30 ;1
4319 ;2287 ;TT 2286;De 14:00 a 00:00 ht 9 ;14:00 ;00:00 ;15 ;15 ;10:00 ;60 ;9:00;03:30 ;04:30 ;0
4320 ;2288 ;TT 2287;De 15:00 a 23:30 ht 7.5 ;15:00 ;23:30 ;15 ;15 ;08:30 ;60 ;7:30;06:00 ;07:00 ;1
4321 ;2289 ;TT 2288;De 11:00 a 15:00 ht 4 ;11:00 ;15:00 ;15 ;0 ;04:00 ;0 ;4:00;;;1
4322 ;2290 ;TT 2289;De 12:30 a 20:30 ht 8 ;12:30 ;20:30 ;30 ;0 ;08:00 ;0 ;8:00;;;1
4323 ;2291 ;TT 2291;De 07:30 a 17:30 ht 9 ;07:30 ;17:30 ;30 ;0 ;10:00 ;60 ;9:00;11:30 ;12:30 ;0
4324 ;2292 ;TT 2292;De 13:30 a 21:30 ht 8 ;13:30 ;21:30 ;30 ;0 ;08:00 ;0 ;8:00;;;1
4325 ;2293 ;TT 2293;De 10:00 a 19:00 ht 9 ;10:00 ;19:00 ;30 ;0 ;09:00 ;0 ;9:00;;;1
4326 ;2294 ;TT 2294_1;De 00:00 a 07:00 ht 7 ;00:00 ;07:00 ;0 ;0 ;07:00 ;0 ;7:00;;;0
4327 ;2298 ;TT 2294_2;De 07:00 a 17:30 ht 9.5 ;07:00 ;17:30 ;15 ;15 ;10:30 ;60 ;9:30;11:00 ;12:00 ;0
4328 ;2302 ;TT 2295;De 16:00 a 21:00 ht 5 ;16:00 ;21:00 ;15 ;0 ;05:00 ;0 ;5:00;;;0
4329 ;2303 ;TT 2296;De 10:30 a 14:30 ht 4 ;10:30 ;14:30 ;15 ;0 ;04:00 ;0 ;4:00;;;1
4330 ;2308 ;TT 2297;De 12:15 a 20:00 ht 7.75 ;12:15 ;20:00 ;15 ;0 ;07:45 ;0 ;7:45;;;0
4331 ;2309 ;TT 2298;De 10:45 a 20:00 ht 8.25 ;10:45 ;20:00 ;15 ;15 ;09:15 ;60 ;8:15;02:00 ;03:00 ;1
4332 ;2310 ;TT 2299_1;De 12:00 a 16:00 ht 4 ;12:00 ;16:00 ;15 ;0 ;04:00 ;0 ;4:00;;;1
4333 ;2311 ;TT 2299_2;De 18:00 a 23:00 ht 5 ;18:00 ;23:00 ;15 ;0 ;05:00 ;0 ;5:00;;;0
4334 ;2312 ;TT 2300;De 18:00 a 00:00 ht 6 ;18:00 ;00:00 ;15 ;0 ;06:00 ;0 ;6:00;;;0
4335 ;2313 ;TT 2301;De 18:00 a 22:00 ht 4 ;18:00 ;22:00 ;15 ;0 ;04:00 ;0 ;4:00;;;1
4336 ;2315 ;TT 2302;De 10:00 a 15:00 ht 5 ;10:00 ;15:00 ;15 ;0 ;05:00 ;0 ;5:00;;;0
4337 ;2316 ;TT 2303;De 12:30 a 20:00 ht 7.5 ;12:30 ;20:00 ;15 ;0 ;07:30 ;0 ;7:30;;;0
4338 ;2317 ;TT 2304;De 14:30 a 20:00 ht 5.5 ;14:30 ;20:00 ;15 ;0 ;05:30 ;0 ;5:30;;;0
4339 ;2319 ;TT 2305;De 11:30 a 19:00 ht 7.5 ;11:30 ;19:00 ;15 ;15 ;07:30 ;0 ;7:30;;;1
4340 ;2337 ;TT 2306;De 09:30 a 14:30 ht 5 ;09:30 ;14:30 ;15 ;0 ;05:00 ;0 ;5:00;;;0
4341 ;2339 ;TT 2307;De 14:30 a 19:30 ht 5 ;14:30 ;19:30 ;15 ;0 ;05:00 ;0 ;5:00;;;0
4342 ;2341 ;TT 2308;De 07:00 a 11:00 ht 4 ;07:00 ;11:00 ;15 ;0 ;04:00 ;0 ;4:00;;;1
4343 ;2342 ;TT 2309;De 15:00 a 19:00 ht 4 ;15:00 ;19:00 ;15 ;0 ;04:00 ;0 ;4:00;;;1
4344 ;2343 ;TT 2310;De 15:00 a 20:00 ht 5 ;15:00 ;20:00 ;15 ;0 ;05:00 ;0 ;5:00;;;0
4345 ;2344 ;TT 2311;De 11:00 a 16:00 ht 5 ;11:00 ;16:00 ;15 ;0 ;05:00 ;0 ;5:00;;;0
4346 ;2345 ;TT 2312;De 18:00 a 23:30 ht 5.5 ;18:00 ;23:30 ;15 ;0 ;05:30 ;0 ;5:30;;;0
4347 ;2346 ;TT 2313;De 18:00 a 22:30 ht 4.5 ;18:00 ;22:30 ;15 ;0 ;04:30 ;0 ;4:30;;;1
4348 ;2347 ;TT 2314;De 15:00 a 21:30 ht 6.5 ;15:00 ;21:30 ;15 ;0 ;06:30 ;0 ;6:30;;;0
4349 ;2348 ;TT 2315;De 15:00 a 21:30 ht 6.5 ;15:00 ;21:30 ;15 ;0 ;06:30 ;0 ;6:30;;;0
4350 ;2349 ;TT 2316;De 14:00 a 22:30 ht 8.5 ;14:00 ;22:30 ;15 ;0 ;08:30 ;0 ;8:30;;;0
4351 ;2350 ;TT 2317;De 18:00 a 21:30 ht 3.5 ;18:00 ;21:30 ;15 ;0 ;03:30 ;0 ;3:30;;;1
4352 ;2351 ;TT 2318;De 13:00 a 00:00 ht 10 ;13:00 ;00:00 ;15 ;15 ;11:00 ;60 ;10:00;04:00 ;05:00 ;0
4353 ;2352 ;TT 2319;De 12:00 a 19:00 ht 6 ;12:00 ;19:00 ;0 ;0 ;07:00 ;60 ;6:00;02:00 ;03:00 ;1
4354 ;2353 ;TT 2320;De 15:00 a 18:30 ht 3.5 ;15:00 ;18:30 ;15 ;0 ;03:30 ;0 ;3:30;;;1
4355 ;2354 ;TT 2321;De 15:00 a 18:00 ht 3 ;15:00 ;18:00 ;15 ;0 ;03:00 ;0 ;3:00;;;1
4356 ;2355 ;TT 2322;De 08:00 a 11:00 ht 3 ;08:00 ;11:00 ;15 ;0 ;03:00 ;0 ;3:00;;;1
4357 ;2356 ;TT 2323;De 01:00 a 10:00 ht 8 ;01:00 ;10:00 ;15 ;15 ;09:00 ;60 ;8:00;06:00 ;07:00 ;1
4358 ;2357 ;TT 2324;De 01:00 a 11:00 ht 9 ;01:00 ;11:00 ;15 ;15 ;10:00 ;60 ;9:00;06:00 ;07:00 ;0
4359 ;2358 ;TT 2325;De 02:00 a 12:00 ;02:00 ;12:00 ;15 ;15 ;10:00 ;60 ;9:00;07:00 ;08:00 ;0
4360 ;2360 ;TT 2326;De 01:00 a 07:00 ht 6 ;01:00 ;07:00 ;15 ;0 ;06:00 ;0 ;6:00;;;0
4361 ;2361 ;TT 2327;De 23:00 a 07:00 ht 8 ;23:00 ;07:00 ;15 ;15 ;08:00 ;0 ;8:00;;;1
4362 ;2362 ;TT 2328;De 16:00 a 20:00 ht 4 ;16:00 ;20:00 ;15 ;0 ;04:00 ;0 ;4:00;;;1
4363 ;2363 ;TT 2329;De 13:30 a 16:00 ht 2.5 ;13:30 ;16:00 ;0 ;0 ;02:30 ;0 ;2:30;;;1
4364 ;2367 ;TT 2331;De 09:30 a 15:30 ht 6 ;09:30 ;15:30 ;15 ;0 ;06:00 ;0 ;6:00;;;0
4365 ;2369 ;TT 2332;De 10:00 a 21:00 ht 6.5 ;10:00 ;21:00 ;15 ;0 ;11:00 ;270 ;6:30;;;0
4366 ;2370 ;TT 2333;De 10:00 a 22:00 ht 7.5 ;10:00 ;22:00 ;15 ;0 ;12:00 ;270 ;7:30;;;0
4367 ;2371 ;TT 2334;De 10:30 a 22:00 ht 7.5 ;10:30 ;22:00 ;15 ;0 ;11:30 ;240 ;7:30;02:00 ;06:00 ;0
4368 ;2372 ;TT 2335;De 10:30 a 21:00 ht 5.5 ;10:30 ;21:00 ;15 ;0 ;10:30 ;300 ;5:30;;;0
4369 ;2373 ;TT 2336;De 10:00 a 21:30 ht 7.5 ;10:00 ;21:30 ;15 ;0 ;11:30 ;240 ;7:30;02:00 ;06:00 ;0
4370 ;2374 ;TT 2337;De 10:00 a 22:30 ht 8.5 ;10:00 ;22:30 ;15 ;0 ;12:30 ;240 ;8:30;02:00 ;06:00 ;0
4371 ;2375 ;TT 2338;De 10:30 a 22:30 ht 8 ;10:30 ;22:30 ;15 ;0 ;12:00 ;240 ;8:00;02:00 ;06:00 ;0
4372 ;2376 ;TT 2339;De 10:30 a 21:30 ht 6.5 ;10:30 ;21:30 ;15 ;0 ;11:00 ;270 ;6:30;;;0
4373 ;2377 ;TT 2340;De 10:30 a 21:30 ht 7.5 ;10:30 ;21:30 ;15 ;0 ;11:00 ;210 ;7:30;;;0
4374 ;2378 ;TT 2341;De 11:00 a 22:00 ht 8 ;11:00 ;22:00 ;15 ;0 ;11:00 ;180 ;8:00;03:00 ;06:00 ;0
4375 ;2379 ;TT 2342;De 11:00 a 23:00 ht 9 ;11:00 ;23:00 ;15 ;0 ;12:00 ;180 ;9:00;03:00 ;06:00 ;0
4376 ;2380 ;TT 2343;De 11:00 a 22:00 ht 9 ;11:00 ;22:00 ;15 ;0 ;11:00 ;120 ;9:00;03:00 ;05:00 ;0
4377 ;2381 ;TT 2344;De 11:00 a 23:00 ht 10 ;11:00 ;23:00 ;15 ;0 ;12:00 ;120 ;10:00;03:00 ;05:00 ;0
4378 ;2382 ;TT 2345;De 11:00 a 00:00 ht 11 ;11:00 ;00:00 ;15 ;0 ;13:00 ;120 ;11:00;03:00 ;05:00 ;0
4379 ;2383 ;TT 2346;De 11:00 a 23:00 ht 11 ;11:00 ;23:00 ;15 ;0 ;12:00 ;60 ;11:00;03:00 ;04:00 ;0
4380 ;2384 ;TT 2347;De 10:00 a 22:00 ht 8 ;10:00 ;22:00 ;15 ;0 ;12:00 ;240 ;8:00;02:00 ;06:00 ;0
4381 ;2385 ;TT 2348;De 10:00 a 22:30 ht 8.5 ;10:00 ;22:30 ;15 ;0 ;12:30 ;240 ;8:30;02:00 ;06:00 ;0
4382 ;2386 ;TT 2349;De 10:30 a 22:30 ht 8 ;10:30 ;22:30 ;15 ;0 ;12:00 ;240 ;8:00;02:00 ;06:00 ;0
4383 ;2387 ;TT 2350;De 10:30 a 21:30 ht 7 ;10:30 ;21:30 ;15 ;0 ;11:00 ;240 ;7:00;02:00 ;06:00 ;0
4384 ;2388 ;TT 2351;De 15:30 a 23:30 ht 8 ;15:30 ;23:30 ;30 ;0 ;08:00 ;0 ;8:00;;;1
4385 ;2389 ;TT 2352;De 01:00 a 09:00 ht 7 ;01:00 ;09:00 ;15 ;15 ;08:00 ;60 ;7:00;;;1
4386 ;2390 ;TT 2353;De 08:30 a 13:30 ht 5 ;08:30 ;13:30 ;15 ;0 ;05:00 ;0 ;5:00;;;0
4387 ;2392 ;TT 2354;De 22:00 a 05:00 ht 7 ;22:00 ;05:00 ;15 ;15 ;07:00 ;0 ;7:00;;;1
4388 ;2395 ;TT 2357;De 09:00 a 21:00 ht 8 ;09:00 ;21:00 ;15 ;15 ;12:00 ;240 ;8:00;01:00 ;05:00 ;0
4389 ;2396 ;TT 2358;De 09:00 a 21:30 ht 8.5 ;09:00 ;21:30 ;15 ;15 ;12:30 ;240 ;8:30;01:00 ;05:00 ;0
4390 ;2397 ;TT 2359;De 09:30 a 21:30 ht 8 ;09:30 ;21:30 ;15 ;15 ;12:00 ;240 ;8:00;01:00 ;05:00 ;0
4391 ;2398 ;TT 2360;De 09:30 a 20:30 ht 7 ;09:30 ;20:30 ;15 ;15 ;11:00 ;240 ;7:00;01:00 ;05:00 ;0
4392 ;2399 ;TT 2361;De 11:00 a 22:00 ht 8 ;11:00 ;22:00 ;15 ;15 ;11:00 ;180 ;8:00;03:00 ;06:00 ;0
4393 ;2400 ;TT 2362;De 16:00 a 19:00 ht 3 ;16:00 ;19:00 ;15 ;0 ;03:00 ;0 ;3:00;;;1
4394 ;2401 ;TT 2363;De 09:00 a 21:00 ht 10 ;09:00 ;21:00 ;15 ;15 ;12:00 ;120 ;10:00;01:00 ;03:00 ;0
4395 ;2402 ;TT 2364;De 07:45 a 17:45 ht 9 ;07:45 ;17:45 ;15 ;15 ;10:00 ;60 ;9:00;01:00 ;02:00 ;0
4396 ;2403 ;TT 2365;De 08:45 a 18:45 ht 9 ;08:45 ;18:45 ;15 ;15 ;10:00 ;60 ;9:00;12:00 ;13:00 ;0
4397 ;2404 ;TT 2366;De 08:15 a 18:15 ht 9 ;08:15 ;18:15 ;15 ;15 ;10:00 ;60 ;9:00;01:00 ;02:00 ;0
4398 ;2405 ;TT 2367;De 09:00 a 19:00 ht 8 ;09:00 ;19:00 ;15 ;15 ;10:00 ;120 ;8:00;01:00 ;03:00 ;0
4399 ;2406 ;TT 2368;De 09:30 a 19:30 ht 8 ;09:30 ;19:30 ;15 ;15 ;10:00 ;120 ;8:00;01:30 ;03:30 ;0
4400 ;2407 ;TT 2369;De 07:15 a 16:45 ht 8.5 ;07:15 ;16:45 ;15 ;15 ;09:30 ;60 ;8:30;12:00 ;13:00 ;1
4401 ;2408 ;TT 2370;De 07:45 a 17:15 ht 8.5 ;07:45 ;17:15 ;15 ;15 ;09:30 ;60 ;8:30;01:00 ;02:00 ;1
4402 ;2409 ;TT 2371;De 08:15 a 17:45 ht 8.5 ;08:15 ;17:45 ;15 ;15 ;09:30 ;60 ;8:30;01:00 ;02:00 ;1
4403 ;2410 ;TT 2372;De 07:45 a 17:45 ht 9 ;07:45 ;17:45 ;15 ;15 ;10:00 ;60 ;9:00;01:00 ;02:00 ;0
4404 ;2411 ;TT 2373;De 07:15 a 17:15 ht 9 ;07:15 ;17:15 ;15 ;15 ;10:00 ;60 ;9:00;12:00 ;13:00 ;0
4405 ;2412 ;TT 2374;De 08:15 a 18:15 ht 9 ;08:15 ;18:15 ;15 ;15 ;10:00 ;60 ;9:00;01:00 ;02:00 ;0
4406 ;2413 ;TT 2375;De 07:15 a 16:15 ht 8 ;07:15 ;16:15 ;15 ;15 ;09:00 ;60 ;8:00;12:00 ;13:00 ;1
4407 ;2414 ;TT 2376;De 07:45 a 16:45 ht 8 ;07:45 ;16:45 ;15 ;15 ;09:00 ;60 ;8:00;01:00 ;02:00 ;1
4408 ;2415 ;TT 2377;De 08:15 a 17:15 ht 8 ;08:15 ;17:15 ;15 ;15 ;09:00 ;60 ;8:00;01:00 ;02:00 ;1
4409 ;2416 ;TT 2378;De 06:45 a 16:15 ht 8.5 ;06:45 ;16:15 ;15 ;15 ;09:30 ;60 ;8:30;11:30 ;12:30 ;1
4410 ;2417 ;TT 2379;De 06:45 a 16:45 ht 9 ;06:45 ;16:45 ;15 ;15 ;10:00 ;60 ;9:00;11:30 ;12:30 ;0
4411 ;2418 ;TT 2380;De 06:45 a 15:45 ht 8 ;06:45 ;15:45 ;15 ;15 ;09:00 ;60 ;8:00;11:30 ;12:30 ;1
4412 ;2419 ;TT 2381;De 07:15 a 18:15 ht 10 ;07:15 ;18:15 ;15 ;15 ;11:00 ;60 ;10:00;12:00 ;13:00 ;0
4413 ;2420 ;TT 2382;De 07:45 a 18:45 ht 10 ;07:45 ;18:45 ;15 ;15 ;11:00 ;60 ;10:00;01:00 ;02:00 ;0
4414 ;2421 ;TT 2383;De 08:15 a 19:15 ht 10 ;08:15 ;19:15 ;15 ;15 ;11:00 ;60 ;10:00;01:00 ;02:00 ;0
4415 ;2422 ;TT 2384;De 06:45 a 17:45 ht 10 ;06:45 ;17:45 ;15 ;15 ;11:00 ;60 ;10:00;11:30 ;12:30 ;0
4416 ;2423 ;TT 2385;De 07:15 a 18:00 ht 9.75 ;07:15 ;18:00 ;15 ;0 ;10:45 ;60 ;9:45;12:00 ;13:00 ;0
4417 ;2424 ;TT 2386;De 07:15 a 17:00 ht 8.75 ;07:15 ;17:00 ;15 ;0 ;09:45 ;60 ;8:45;12:00 ;13:00 ;0
4418 ;2425 ;TT 2387;De 07:15 a 16:00 ht 7.75 ;07:15 ;16:00 ;15 ;0 ;08:45 ;60 ;7:45;12:00 ;13:00 ;1
4419 ;2426 ;TT 2388;De 07:15 a 17:30 ht 9.25 ;07:15 ;17:30 ;15 ;0 ;10:15 ;60 ;9:15;12:00 ;13:00 ;0
4420 ;2427 ;TT 2389;De 07:15 a 16:30 ht 8.25 ;07:15 ;16:30 ;15 ;0 ;09:15 ;60 ;8:15;12:00 ;13:00 ;1
4421 ;2428 ;TT 2390;De 07:45 a 18:00 ht 9.25 ;07:45 ;18:00 ;15 ;0 ;10:15 ;60 ;9:15;01:00 ;02:00 ;0
4422 ;2429 ;TT 2391;De 07:45 a 17:00 ht 8.25 ;07:45 ;17:00 ;15 ;0 ;09:15 ;60 ;8:15;01:00 ;02:00 ;1
4423 ;2430 ;TT 2392;De 07:45 a 16:00 ht 7.25 ;07:45 ;16:00 ;15 ;0 ;08:15 ;60 ;7:15;01:00 ;02:00 ;1
4424 ;2431 ;TT 2393;De 07:45 a 17:30 ht 8.75 ;07:45 ;17:30 ;15 ;0 ;09:45 ;60 ;8:45;01:00 ;02:00 ;0
4425 ;2432 ;TT 2394;De 07:45 a 16:30 ht 7.75 ;07:45 ;16:30 ;15 ;0 ;08:45 ;60 ;7:45;01:00 ;02:00 ;1
4426 ;2433 ;TT 2395;De 07:45 a 18:30 ht 9.75 ;07:45 ;18:30 ;15 ;0 ;10:45 ;60 ;9:45;01:00 ;02:00 ;0
4427 ;2434 ;TT 2396;De 06:45 a 16:00 ht 8.15 ;06:45 ;16:00 ;15 ;0 ;09:15 ;60 ;8:15;11:30 ;12:30 ;1
4428 ;2435 ;TT 2397;De 06:45 a 16:30 ht 8.75 ;06:45 ;16:30 ;15 ;0 ;09:45 ;60 ;8:45;11:30 ;12:30 ;0
4429 ;2436 ;TT 2398;De 06:45 a 17:00 ht 9.25 ;06:45 ;17:00 ;15 ;0 ;10:15 ;60 ;9:15;11:30 ;12:30 ;0
4430 ;2437 ;TT 2399;De 06:45 a 17:30 ht 9.75 ;06:45 ;17:30 ;15 ;0 ;10:45 ;60 ;9:45;11:30 ;12:30 ;0
4431 ;2438 ;TT 2400;De 09:30 a 17:00 ht 7.5 ;09:30 ;17:00 ;60 ;0 ;07:30 ;0 ;7:30;;;1
4432 ;2439 ;TT 2401;De 08:00 a 20:00 ht 8 ;08:00 ;20:00 ;15 ;15 ;12:00 ;240 ;8:00;12:00 ;16:00 ;0
4433 ;2446 ;TT 2402;De 00:00 a 08:00 ht 8 ;00:00 ;08:00 ;15 ;0 ;08:00 ;0 ;8:00;;;0
4434 ;2447 ;TT 2403;De 07:45 a 17:45 ht 9 ;07:45 ;17:45 ;15 ;15 ;10:00 ;60 ;9:00;01:00 ;02:00 ;0
4435 ;2448 ;TT 2404;De 08:00 a 20:30 ht 10 ;08:00 ;20:30 ;15 ;15 ;12:30 ;150 ;10:00;12:00 ;14:30 ;0
4436 ;2449 ;TT 2405;De 08:00 a 19:30 ht 9 ;08:00 ;19:30 ;15 ;15 ;11:30 ;150 ;9:00;12:00 ;14:30 ;0
4437 ;2453 ;TT 2407;De 12:30 a 18:30 ht 6 ;12:30 ;18:30 ;15 ;0 ;06:00 ;0 ;6:00;;;0
4438 ;2454 ;TT 2408;De 13:30 a 16:30 ht 3 ;13:30 ;16:30 ;0 ;0 ;03:00 ;0 ;3:00;;;0
4439 ;2455 ;TT 2409;De 04:00 a 14:00 ht 9 ;04:00 ;14:00 ;15 ;15 ;10:00 ;60 ;9:00;11:00 ;12:00 ;0
4440 ;2459 ;TT 2411;De 12:30 a 22:30 ht 9 ;12:30 ;22:30 ;15 ;15 ;10:00 ;60 ;9:00;02:00 ;03:00 ;0
4441 ;2460 ;TT 2412;De 21:00 a 05:00 ht 8 ;21:00 ;05:00 ;15 ;15 ;08:00 ;0 ;8:00;;;1
4442 ;2461 ;TT 2413;De 10:00 a 22:00 ht 10 ;10:00 ;22:00 ;0 ;0 ;12:00 ;120 ;10:00;02:00 ;04:00 ;0
4443 ;2462 ;TT 2414;DE 18:00 A 02:00 ht 8 ;18:00 ;02:00 ;15 ;15 ;08:00 ;0 ;8:00;;;1
4444 ;2463 ;TT 2415;De 07:00 a 18:00 ht 9.5 ;07:00 ;18:00 ;0 ;0 ;11:00 ;90 ;9:30;11:00 ;12:30 ;0
4445 ;2464 ;TT 2416;De 07:00 a 18:00 ht 9 ;07:00 ;18:00 ;0 ;0 ;11:00 ;120 ;9:00;11:00 ;13:00 ;0
4446 ;2465 ;TT 2417;De 06:45 a 14:45 ht 8 ;06:45 ;14:45 ;15 ;15 ;08:00 ;0 ;8:00;;;1
4447 ;2466 ;TT 2418;De 02:00 a 07:00 ht 5 ;02:00 ;07:00 ;15 ;0 ;05:00 ;0 ;5:00;;;0
4448 ;2467 ;TT 2419;DE 12:30 A 19:30 ht 7 ;12:30 ;19:30 ;15 ;15 ;07:00 ;0 ;7:00;;;1
4449 ;2468 ;TT 2420;De 07:00 a 17:00 ht 8 ;07:00 ;17:00 ;0 ;0 ;10:00 ;120 ;8:00;11:00 ;13:00 ;0
4450 ;2469 ;TT 2421;DE 08:00 A 18:00 ht 9 ;08:00 ;18:00 ;15 ;15 ;10:00 ;60 ;9:00;12:00 ;13:00 ;0
4451 ;2470 ;TT 2422;De 06:00 a 12:30 ht 6.5 ;06:00 ;12:30 ;15 ;15 ;06:30 ;0 ;6:30;;;1
4452 ;2471 ;TT 2423;DE 20:00 A 05:00 ht 9 ;20:00 ;05:00 ;15 ;15 ;09:00 ;0 ;9:00;;;1
4453 ;2472 ;TT 2424;DE 04:00 A 08:00 ht 4 ;04:00 ;08:00 ;0 ;0 ;04:00 ;0 ;4:00;;;0
4454 ;2473 ;TT 2425;DE 15:30 A 19:30 ht 4 ;15:30 ;19:30 ;0 ;0 ;04:00 ;0 ;4:00;;;0
4455 ;2474 ;TT 2426;De 20:00 a 04:00 ht 8 ;20:00 ;04:00 ;15 ;0 ;08:00 ;0 ;8:00;;;0
4456 ;2475 ;TT 2427;De 11:00 a 19:00 ht 6 ;11:00 ;19:00 ;0 ;0 ;08:00 ;120 ;6:00;03:00 ;05:00 ;1
4457 ;2476 ;TT 2428;De 05:00 a 14:00 ht 8 ;05:00 ;14:00 ;0 ;0 ;09:00 ;60 ;8:00;11:00 ;12:00 ;1
4458 ;2477 ;TT 2429;DE 15:00 A 20:30 ht 5.5 ;15:00 ;20:30 ;20 ;0 ;05:30 ;0 ;5:30;;;0
4459 ;2456 ;TT 2456;De 08:30 a 14:00 ht 5.5 ;08:30 ;14:00 ;15 ;0 ;05:30 ;0 ;5:30;;;0
4460 ;2478 ;TT 2478;DE 08:00 A 18:30 ht 8 ;08:00 ;18:30 ;15 ;15 ;10:30 ;150 ;8:00;;;0
4461 ;2480 ;TT 2480;DE 15:45 A 22:45 ht 7 ;15:45 ;22:45 ;15 ;15 ;07:00 ;0 ;7:00;;;1
4462 ;2481 ;TT 2481;DE 09:00 A 17:59 ht 8 ;09:00 ;17:59 ;15 ;15 ;08:59 ;60 ;7:59;;;1
4463 ;2482 ;TT 2482;De 04:30 a 12:30 ht 8  ;04:30 ;12:30 ;15 ;15 ;08:00 ;0 ;8:00;;;1
4464 ;2483 ;TT 2483;De 13:00 a 23:00 ht 8 ;13:00 ;23:00 ;15 ;15 ;10:00 ;120 ;8:00;04:00 ;06:00 ;0
4465 ;2484 ;TT 2484;De 07:30 A 15:30 ht 6 ;07:30 ;15:30 ;0 ;0 ;08:00 ;120 ;6:00;11:30 ;13:30 ;1
4466 ;2485 ;TT 2485;De 18:00 a 01:00 ht 7 ;18:00 ;01:00 ;15 ;15 ;07:00 ;0 ;7:00;;;1
4467 ;2486 ;TT 2486;De 15:30 A 22:30 ht 7 ;15:30 ;22:30 ;15 ;15 ;07:00 ;0 ;7:00;;;1
4468 ;2487 ;TT 2487;De 22:00 a 07:00 ht 9 ;22:00 ;07:00 ;15 ;15 ;09:00 ;0 ;9:00;;;1
4469 ;2488 ;TT 2488;De 04:00 a 12:00 ht 8 ;04:00 ;12:00 ;30 ;0 ;08:00 ;0 ;8:00;;;1
4470 ;2489 ;TT 2489;De 14:00 a 17:00 ht 3 ;14:00 ;17:00 ;15 ;0 ;03:00 ;0 ;3:00;;;1
4471 ;2490 ;TT 2490;De 06:00 a 16:00 ht 8 ;06:00 ;16:00 ;0 ;0 ;10:00 ;120 ;8:00;10:00 ;12:00 ;0
4472 ;2491 ;TT 2491;De 06:15 a 16:15 ht 9 ;06:15 ;16:15 ;15 ;15 ;10:00 ;60 ;9:00;11:00 ;12:00 ;0
4473 ;2492 ;TT 2492;De 05:00 a 16:00 ht 10 ;05:00 ;16:00 ;15 ;15 ;11:00 ;60 ;10:00;11:00 ;12:00 ;0
4474 ;2494 ;TT 2494;De 10:00 a 22:00 ht 9.5 ;10:00 ;22:00 ;15 ;15 ;12:00 ;150 ;9:30;02:00 ;04:30 ;0
4478 ;2498 ;TT 2498;De 07:15 a 14:15 ht 7 ;07:15 ;14:15 ;15 ;15 ;07:00 ;0 ;7:00;;;1
4479 ;2499 ;TT 2499;De 14:15 a 21:15 ht 7 ;14:15 ;21:15 ;15 ;15 ;07:00 ;0 ;7:00;;;1
4480 ;2502 ;TT 2500;De 05:00 a 11:00 ht 6 ;05:00 ;11:00 ;15 ;15 ;06:00 ;0 ;6:00;;;1
4481 ;2501 ;TT 2501;De 06:30 a 13:00 ht 6.5 ;06:30 ;13:00 ;10 ;10 ;06:30 ;0 ;6:30;;;0
4482 ;2504 ;TT 2502;De 03:00 a 12:00 ht 9 ;03:00 ;12:00 ;15 ;15 ;09:00 ;0 ;9:00;;;1
4483 ;2503 ;TT 2503;De 03:00 a 11:00 ht 8 ;03:00 ;11:00 ;15 ;15 ;08:00 ;0 ;8:00;;;1
4484 ;2505 ;TT 2505;De 08:13 a 17:02 ht 8.8 ;08:13 ;17:02 ;;0 ;08:49 ;;8:49;;;0
4485 ;2506 ;TT 2506;De 08:13 a 17:02 ht 8.8 ;08:13 ;17:02 ;;0 ;08:49 ;;8:49;;;0
4486 ;2507 ;TT 2507;De 08:13 a 17:02 ht 8.8 ;08:13 ;17:02 ;;0 ;08:49 ;;8:49;;;0
4487 ;2508 ;TT 2508;De 08:13 a 17:02 ht 8.8 ;08:13 ;17:02 ;;0 ;08:49 ;;8:49;;;0
4488 ;2509 ;TT 2509;De 07:55 a 18:00 ht 10.1 ;07:55 ;18:00 ;;0 ;10:05 ;;10:05;;;0
4489 ;2510 ;TT 2510;De 07:55 a 18:00 ht 10.1 ;07:55 ;18:00 ;;0 ;10:05 ;;10:05;;;0
4490 ;2511 ;TT 2511;De 08:58 a 19:20 ht 10.4 ;08:58 ;19:20 ;;0 ;10:22 ;;10:22;;;0
4491 ;2512 ;TT 2512;De 07:07 a 17:01 ht 9.9 ;07:07 ;17:01 ;;0 ;09:54 ;;9:54;;;0
4492 ;2513 ;TT 2513;De 06:10 a 15:08 ht 9.0 ;06:10 ;15:08 ;;0 ;08:58 ;;8:58;;;0
4493 ;2514 ;TT 2514;De 06:10 a 15:08 ht 9.0 ;06:10 ;15:08 ;;0 ;08:58 ;;8:58;;;0
4494 ;2515 ;TT 2515;De 08:54 a 18:09 ht 9.3 ;08:54 ;18:09 ;;0 ;09:15 ;;9:15;;;0
4495 ;2516 ;TT 2516;De 08:54 a 18:09 ht 9.3 ;08:54 ;18:09 ;;0 ;09:15 ;;9:15;;;0
4496 ;2517 ;TT 2517;De 08:54 a 18:09 ht 9.3 ;08:54 ;18:09 ;;0 ;09:15 ;;9:15;;;0
4497 ;2518 ;TT 2518;De 08:54 a 18:09 ht 9.3 ;08:54 ;18:09 ;;0 ;09:15 ;;9:15;;;0
4498 ;2519 ;TT 2519;De 08:54 a 18:09 ht 9.3 ;08:54 ;18:09 ;;0 ;09:15 ;;9:15;;;0
4499 ;2520 ;TT 2520;De 08:54 a 18:09 ht 9.3 ;08:54 ;18:09 ;;0 ;09:15 ;;9:15;;;0
4500 ;2521 ;TT 2521;De 09:14 a 19:10 ht 9.9 ;09:14 ;19:10 ;;0 ;09:56 ;;9:56;;;0
4501 ;2522 ;TT 2522;De 09:14 a 19:10 ht 9.9 ;09:14 ;19:10 ;;0 ;09:56 ;;9:56;;;0
4502 ;2523 ;TT 2523;De 09:14 a 19:10 ht 9.9 ;09:14 ;19:10 ;;0 ;09:56 ;;9:56;;;0
4503 ;2524 ;TT 2524;De 09:14 a 19:10 ht 9.9 ;09:14 ;19:10 ;;0 ;09:56 ;;9:56;;;0
4504 ;2525 ;TT 2525;De 09:14 a 19:10 ht 9.9 ;09:14 ;19:10 ;;0 ;09:56 ;;9:56;;;0
4505 ;2526 ;TT 2526;De 07:37 a 16:47 ht 9.2 ;07:37 ;16:47 ;;0 ;09:10 ;;9:10;;;0
4506 ;2527 ;TT 2527;De 07:37 a 16:47 ht 9.2 ;07:37 ;16:47 ;;0 ;09:10 ;;9:10;;;0
4507 ;2528 ;TT 2528;De 06:06 a 15:12 ht 9.1 ;06:06 ;15:12 ;;0 ;09:06 ;;9:06;;;0
4508 ;2529 ;TT 2529;De 06:06 a 15:12 ht 9.1 ;06:06 ;15:12 ;;0 ;09:06 ;;9:06;;;0
4511 ;2532 ;TT 2532;De 09:17 a 18:00 ht 8.7 ;09:17 ;18:00 ;;0 ;08:43 ;;8:43;;;0
4515 ;2536 ;TT 2536;De 08:04 a 17:04 ht 9.0 ;08:04 ;17:04 ;;0 ;09:00 ;;9:00;;;0
4516 ;2537 ;TT 2537;De 08:04 a 17:04 ht 9.0 ;08:04 ;17:04 ;;0 ;09:00 ;;9:00;;;0
4519 ;2540 ;TT 2540;De 07:51 a 17:06 ht 9.3 ;07:51 ;17:06 ;;0 ;09:15 ;;9:15;;;0
4520 ;2541 ;TT 2541;De 07:51 a 17:06 ht 9.3 ;07:51 ;17:06 ;;0 ;09:15 ;;9:15;;;0
4521 ;2542 ;TT 2542;De 08:58 a 19:04 ht 10.1 ;08:58 ;19:04 ;;0 ;10:06 ;;10:06;;;0
4522 ;2543 ;TT 2543;De 08:05 a 17:38 ht 9.6 ;08:05 ;17:38 ;;0 ;09:33 ;;9:33;;;0
4523 ;2544 ;TT 2544;De 08:05 a 17:38 ht 9.6 ;08:05 ;17:38 ;;0 ;09:33 ;;9:33;;;0
4524 ;2545 ;TT 2545;De 06:41 a 17:00 ht 10.3 ;06:41 ;17:00 ;;0 ;10:19 ;;10:19;;;0
4525 ;2546 ;TT 2546;De 06:41 a 17:00 ht 10.3 ;06:41 ;17:00 ;;0 ;10:19 ;;10:19;;;0
4526 ;2547 ;TT 2547;De 08:43 a 17:01 ht 8.3 ;08:43 ;17:01 ;;0 ;08:18 ;;8:18;;;0
4527 ;2548 ;TT 2548;De 08:43 a 17:01 ht 8.3 ;08:43 ;17:01 ;;0 ;08:18 ;;8:18;;;0
4528 ;2549 ;TT 2549;De 06:02 a 11:05 ht 5.1 ;06:02 ;11:05 ;;0 ;05:03 ;;5:03;;;0
4529 ;2550 ;TT 2550;De 06:02 a 11:05 ht 5.1 ;06:02 ;11:05 ;;0 ;05:03 ;;5:03;;;0
4530 ;2551 ;TT 2551;De 09:11 a 19:04 ht 9.9 ;09:11 ;19:04 ;;0 ;09:53 ;;9:53;;;0
4531 ;2552 ;TT 2552;De 09:11 a 19:04 ht 9.9 ;09:11 ;19:04 ;;0 ;09:53 ;;9:53;;;0
4532 ;2553 ;TT 2553;De 07:47 a 17:01 ht 9.2 ;07:47 ;17:01 ;;0 ;09:14 ;;9:14;;;0
4533 ;2554 ;TT 2554;De 09:03 a 20:14 ht 11.2 ;09:03 ;20:14 ;0 ;0 ;11:11 ;0 ;11:11;;;0
4534 ;2555 ;TT 2555;De 10:14 a 17:11 ht 7.0 ;10:14 ;17:11 ;;0 ;06:57 ;;6:57;;;0
4535 ;2556 ;TT 2556;De 06:09 a 15:15 ht 9.1 ;06:09 ;15:15 ;;0 ;09:06 ;;9:06;;;0
4536 ;2557 ;TT 2557;De 06:09 a 15:15 ht 9.1 ;06:09 ;15:15 ;;0 ;09:06 ;;9:06;;;0
4537 ;2558 ;TT 2558;De 06:09 a 15:15 ht 9.1 ;06:09 ;15:15 ;;0 ;09:06 ;;9:06;;;0
4538 ;2559 ;TT 2559;De 06:09 a 15:15 ht 9.1 ;06:09 ;15:15 ;;0 ;09:06 ;;9:06;;;0
4539 ;2560 ;TT 2560;De 08:12 a 17:00 ht 8.8 ;08:12 ;17:00 ;;0 ;08:48 ;;8:48;;;0
4540 ;2561 ;TT 2561;De 08:12 a 17:00 ht 8.8 ;08:12 ;17:00 ;;0 ;08:48 ;;8:48;;;0
4541 ;2562 ;TT 2562;De 07:02 a 17:01 ht 10.0 ;07:02 ;17:01 ;;0 ;09:59 ;;9:59;;;0
4542 ;2563 ;TT 2563;De 07:02 a 17:01 ht 10.0 ;07:02 ;17:01 ;;0 ;09:59 ;;9:59;;;0
4543 ;2564 ;TT 2564;De 07:02 a 17:01 ht 10.0 ;07:02 ;17:01 ;;0 ;09:59 ;;9:59;;;0
4544 ;2565 ;TT 2565;De 06:58 a 17:02 ht 10.1 ;06:58 ;17:02 ;0 ;0 ;10:04 ;0 ;10:04;;;0
4545 ;2566 ;TT 2566;De 06:58 a 17:02 ht 10.1 ;06:58 ;17:02 ;0 ;0 ;10:04 ;0 ;10:04;;;0
4546 ;2567 ;TT 2567;De 06:58 a 17:02 ht 10.1 ;06:58 ;17:02 ;0 ;0 ;10:04 ;0 ;10:04;;;0
4547 ;2568 ;TT 2568;De 07:30 a 17:07 ht 9.6 ;07:30 ;17:07 ;;0 ;09:37 ;;9:37;;;0
4548 ;2569 ;TT 2569;De 07:30 a 17:07 ht 9.6 ;07:30 ;17:07 ;;0 ;09:37 ;;9:37;;;0
4549 ;2570 ;TT 2570;De 07:41 a 18:04 ht 10.4 ;07:41 ;18:04 ;;0 ;10:23 ;;10:23;;;0
4550 ;2571 ;TT 2571;De 07:41 a 18:04 ht 10.4 ;07:41 ;18:04 ;;0 ;10:23 ;;10:23;;;0
4551 ;2572 ;TT 2572;De 11:08 a 21:09 ht 10.0 ;11:08 ;21:09 ;;0 ;10:01 ;;10:01;;;0
4552 ;2573 ;TT 2573;De 11:08 a 21:09 ht 10.0 ;11:08 ;21:09 ;;0 ;10:01 ;;10:01;;;0
4556 ;2577 ;TT 2577;De 15:42 a 22:13 ht 6.5 ;15:42 ;22:13 ;;0 ;06:31 ;;6:31;;;0
4557 ;2578 ;TT 2578;De 15:42 a 22:13 ht 6.5 ;15:42 ;22:13 ;;0 ;06:31 ;;6:31;;;0
4558 ;2579 ;TT 2579;De 15:42 a 22:13 ht 6.5 ;15:42 ;22:13 ;;0 ;06:31 ;;6:31;;;0
4559 ;2580 ;TT 2580;De 08:27 a 17:20 ht 8.9 ;08:27 ;17:20 ;;0 ;08:53 ;;8:53;;;0
4560 ;2581 ;TT 2581;De 08:27 a 17:20 ht 8.9 ;08:27 ;17:20 ;;0 ;08:53 ;;8:53;;;0
4561 ;2582 ;TT 2582;De 08:27 a 17:20 ht 8.9 ;08:27 ;17:20 ;;0 ;08:53 ;;8:53;;;0
4563 ;2584 ;TT 2584;De 09:41 a 18:30 ht 8.8 ;09:41 ;18:30 ;;0 ;08:49 ;;8:49;;;0
4564 ;2585 ;TT 2585;De 10:16 a 19:02 ht 8.8 ;10:16 ;19:02 ;;0 ;08:46 ;;8:46;;;0
4565 ;2586 ;TT 2586;De 09:03 a 17:01 ht 8.0 ;09:03 ;17:01 ;;0 ;07:58 ;;7:58;;;0
4566 ;2587 ;TT 2587;De 16:00 a 00:00 ht 8 ;16:00 ;00:00 ;15 ;0 ;08:00 ;0 ;8:00;;;0
4567 ;2588 ;TT 2588;De 11:07 a 20:00 ht 8.9 ;11:07 ;20:00 ;;0 ;08:53 ;;8:53;;;0
4568 ;2589 ;TT 2589;De 11:07 a 20:00 ht 8.9 ;11:07 ;20:00 ;;0 ;08:53 ;;8:53;;;0
4569 ;2590 ;TT 2590;De 09:56 a 19:00 ht 9.1 ;09:56 ;19:00 ;;0 ;09:04 ;;9:04;;;0
4570 ;2591 ;TT 2591;De 09:56 a 19:00 ht 9.1 ;09:56 ;19:00 ;;0 ;09:04 ;;9:04;;;0
4571 ;2592 ;TT 2592;De 05:52 a 14:06 ht 8.2 ;05:52 ;14:06 ;;0 ;08:14 ;;8:14;;;0
4572 ;2593 ;TT 2593;De 05:52 a 14:06 ht 8.2 ;05:52 ;14:06 ;;0 ;08:14 ;;8:14;;;0
4573 ;2594 ;TT 2594;De 10:41 a 16:04 ht 5.4 ;10:41 ;16:04 ;;0 ;05:23 ;;5:23;;;0
4574 ;2595 ;TT 2595;De 07:54 a 16:57 ht 9.1 ;07:54 ;16:57 ;;0 ;09:03 ;;9:03;;;0
4575 ;2596 ;TT 2596;De 10:55 a 20:03 ht 9.1 ;10:55 ;20:03 ;;0 ;09:08 ;;9:08;;;0
4576 ;2597 ;TT 2597;De 10:55 a 20:03 ht 9.1 ;10:55 ;20:03 ;;0 ;09:08 ;;9:08;;;0
4577 ;2598 ;TT 2598;De 07:01 a 16:59 ht 10.0 ;07:01 ;16:59 ;;0 ;09:58 ;;9:58;;;0
4578 ;2599 ;TT 2599;De 09:03 a 20:14 ht 11.2 ;09:03 ;20:14 ;0 ;0 ;11:11 ;0 ;11:11;;;0
4579 ;2600 ;TT 2600;De 07:38 a 17:00 ht 9.4 ;07:38 ;17:00 ;;0 ;09:22 ;;9:22;;;0
4580 ;2601 ;TT 2601;De 05:53 a 15:02 ht 9.2 ;05:53 ;15:02 ;;0 ;09:09 ;;9:09;;;0
4581 ;2602 ;TT 2602;De 05:53 a 15:02 ht 9.2 ;05:53 ;15:02 ;;0 ;09:09 ;;9:09;;;0
4582 ;2603 ;TT 2603;De 05:53 a 15:02 ht 9.2 ;05:53 ;15:02 ;;0 ;09:09 ;;9:09;;;0
4583 ;2604 ;TT 2604;De 10:14 a 17:11 ht 7.0 ;10:14 ;17:11 ;;0 ;06:57 ;;6:57;;;0
4584 ;2605 ;TT 2605;De 10:14 a 17:11 ht 7.0 ;10:14 ;17:11 ;;0 ;06:57 ;;6:57;;;0
4585 ;2606 ;TT 2606;De 10:14 a 17:11 ht 7.0 ;10:14 ;17:11 ;;0 ;06:57 ;;6:57;;;0
4586 ;2607 ;TT 2607;De 10:14 a 17:11 ht 7.0 ;10:14 ;17:11 ;;0 ;06:57 ;;6:57;;;0
4587 ;2608 ;TT 2608;De 10:14 a 17:11 ht 7.0 ;10:14 ;17:11 ;;0 ;06:57 ;;6:57;;;0
4588 ;2609 ;TT 2609;De 09:58 a 19:56 ht 10.0 ;09:58 ;19:56 ;;0 ;09:58 ;;9:58;;;0
4589 ;2610 ;TT 2610;De 09:58 a 19:56 ht 10.0 ;09:58 ;19:56 ;;0 ;09:58 ;;9:58;;;0
4590 ;2611 ;TT 2611;De 08:12 a 17:00 ht 8.8 ;08:12 ;17:00 ;;0 ;08:48 ;;8:48;;;0
4591 ;2612 ;TT 2612;De 09:51 a 19:01 ht 9.2 ;09:51 ;19:01 ;;0 ;09:10 ;;9:10;;;0
4592 ;2613 ;TT 2613;De 07:08 a 17:00 ht 9.9 ;07:08 ;17:00 ;;0 ;09:52 ;;9:52;;;0
4593 ;2614 ;TT 2614;De 07:08 a 17:00 ht 9.9 ;07:08 ;17:00 ;;0 ;09:52 ;;9:52;;;0
4594 ;2615 ;TT 2615;De 15:52 a 00:06 ht 8.2 ;15:52 ;00:06 ;;0 ;08:14 ;;8:14;;;0
4595 ;2616 ;TT 2616;De 06:34 a 15:00 ht 8.4 ;06:34 ;15:00 ;;0 ;08:26 ;;8:26;;;0
4596 ;2617 ;TT 2617;De 06:34 a 15:00 ht 8.4 ;06:34 ;15:00 ;;0 ;08:26 ;;8:26;;;0
4597 ;2618 ;TT 2618;De 06:34 a 15:00 ht 8.4 ;06:34 ;15:00 ;;0 ;08:26 ;;8:26;;;0
4598 ;2619 ;TT 2619;De 06:34 a 15:00 ht 8.4 ;06:34 ;15:00 ;;0 ;08:26 ;;8:26;;;0
4599 ;2620 ;TT 2620;De 06:34 a 15:00 ht 8.4 ;06:34 ;15:00 ;;0 ;08:26 ;;8:26;;;0
4600 ;2621 ;TT 2621;De 06:34 a 15:00 ht 8.4 ;06:34 ;15:00 ;;0 ;08:26 ;;8:26;;;0
4601 ;2622 ;TT 2622;De 06:34 a 15:00 ht 8.4 ;06:34 ;15:00 ;;0 ;08:26 ;;8:26;;;0
4602 ;2623 ;TT 2623;De 06:34 a 15:00 ht 8.4 ;06:34 ;15:00 ;;0 ;08:26 ;;8:26;;;0
4603 ;2624 ;TT 2624;De 07:47 a 19:03 ht 11.3 ;07:47 ;19:03 ;0 ;0 ;11:16 ;0 ;11:16;;;0
4604 ;2625 ;TT 2625;De 07:47 a 19:03 ht 11.3 ;07:47 ;19:03 ;0 ;0 ;11:16 ;0 ;11:16;;;0
4605 ;2626 ;TT 2626;De 07:37 a 17:01 ht 9.4 ;07:37 ;17:01 ;;0 ;09:24 ;;9:24;;;0
4606 ;2627 ;TT 2627;De 07:37 a 17:01 ht 9.4 ;07:37 ;17:01 ;;0 ;09:24 ;;9:24;;;0
4607 ;2628 ;TT 2628;De 16:00 a 00:00 ht 8 ;16:00 ;00:00 ;15 ;0 ;08:00 ;0 ;8:00;;;0
4608 ;2629 ;TT 2629;De 16:00 a 00:00 ht 8 ;16:00 ;00:00 ;15 ;0 ;08:00 ;0 ;8:00;;;0
4609 ;2630 ;TT 2630;De 09:11 a 19:04 ht 9.9 ;09:11 ;19:04 ;;0 ;09:53 ;;9:53;;;0
4610 ;2631 ;TT 2631;De 08:12 a 17:00 ht 8.8 ;08:12 ;17:00 ;;0 ;08:48 ;;8:48;;;0
4611 ;2632 ;TT 2632;De 08:12 a 17:00 ht 8.8 ;08:12 ;17:00 ;;0 ;08:48 ;;8:48;;;0
4612 ;2633 ;TT 2633;De 08:31 a 17:02 ht 8.5 ;08:31 ;17:02 ;;0 ;08:31 ;;8:31;;;0
4613 ;2634 ;TT 2634;De 08:31 a 17:02 ht 8.5 ;08:31 ;17:02 ;;0 ;08:31 ;;8:31;;;0
4614 ;2635 ;TT 2635;De 08:31 a 17:02 ht 8.5 ;08:31 ;17:02 ;;0 ;08:31 ;;8:31;;;0
4615 ;2636 ;TT 2636;De 08:31 a 17:02 ht 8.5 ;08:31 ;17:02 ;;0 ;08:31 ;;8:31;;;0
4617 ;2638 ;TT 2638;De 07:56 a 17:33 ht 9.6 ;07:56 ;17:33 ;;0 ;09:37 ;;9:37;;;0
4618 ;2639 ;TT 2639;De 08:32 a 17:08 ht 8.6 ;08:32 ;17:08 ;;0 ;08:36 ;;8:36;;;0
4619 ;2640 ;TT 2640;De 17:32 a 00:02 ht 6.5 ;17:32 ;00:02 ;;0 ;06:30 ;;6:30;;;0
4620 ;2641 ;TT 2641;De 07:08 a 17:00 ht 9.9 ;07:08 ;17:00 ;;0 ;09:52 ;;9:52;;;0
4621 ;2642 ;TT 2642;De 06:34 a 15:00 ht 8.4 ;06:34 ;15:00 ;;0 ;08:26 ;;8:26;;;0
4622 ;2643 ;TT 2643;De 06:34 a 15:00 ht 8.4 ;06:34 ;15:00 ;;0 ;08:26 ;;8:26;;;0
4623 ;2644 ;TT 2644;De 06:34 a 15:00 ht 8.4 ;06:34 ;15:00 ;;0 ;08:26 ;;8:26;;;0
4624 ;2645 ;TT 2645;De 06:34 a 15:00 ht 8.4 ;06:34 ;15:00 ;;0 ;08:26 ;;8:26;;;0
4625 ;2646 ;TT 2646;De 06:34 a 15:00 ht 8.4 ;06:34 ;15:00 ;;0 ;08:26 ;;8:26;;;0
4626 ;2647 ;TT 2647;De 07:47 a 19:03 ht 11.3 ;07:47 ;19:03 ;0 ;0 ;11:16 ;0 ;11:16;;;0
4627 ;2648 ;TT 2648;De 07:03 a 16:01 ht 9.0 ;07:03 ;16:01 ;;0 ;08:58 ;;8:58;;;0
4628 ;2649 ;TT 2649;De 07:03 a 16:01 ht 9.0 ;07:03 ;16:01 ;;0 ;08:58 ;;8:58;;;0
4629 ;2650 ;TT 2650;De 07:03 a 16:01 ht 9.0 ;07:03 ;16:01 ;;0 ;08:58 ;;8:58;;;0
4630 ;2651 ;TT 2651;De 07:03 a 16:01 ht 9.0 ;07:03 ;16:01 ;;0 ;08:58 ;;8:58;;;0
4631 ;2652 ;TT 2652;De 07:03 a 16:01 ht 9.0 ;07:03 ;16:01 ;;0 ;08:58 ;;8:58;;;0
4633 ;2654 ;TT 2654;De 15:27 a 00:01 ht 8.6 ;15:27 ;00:01 ;;0 ;08:34 ;;8:34;;;0
4634 ;2655 ;TT 2655;De 15:27 a 00:01 ht 8.6 ;15:27 ;00:01 ;;0 ;08:34 ;;8:34;;;0
4636 ;2657 ;TT 2657;De 08:13 a 17:02 ht 8.8 ;08:13 ;17:02 ;;0 ;08:49 ;;8:49;;;0
4637 ;2658 ;TT 2658;De 08:13 a 17:02 ht 8.8 ;08:13 ;17:02 ;;0 ;08:49 ;;8:49;;;0
4638 ;2659 ;TT 2659;De 08:13 a 17:02 ht 8.8 ;08:13 ;17:02 ;;0 ;08:49 ;;8:49;;;0
4639 ;2660 ;TT 2660;De 08:54 a 18:09 ht 9.3 ;08:54 ;18:09 ;;0 ;09:15 ;;9:15;;;0
4640 ;2661 ;TT 2661;De 08:54 a 18:09 ht 9.3 ;08:54 ;18:09 ;;0 ;09:15 ;;9:15;;;0
4641 ;2662 ;TT 2662;De 08:54 a 18:09 ht 9.3 ;08:54 ;18:09 ;;0 ;09:15 ;;9:15;;;0
4642 ;2663 ;TT 2663;De 08:54 a 18:09 ht 9.3 ;08:54 ;18:09 ;;0 ;09:15 ;;9:15;;;0
4643 ;2664 ;TT 2664;De 08:54 a 18:09 ht 9.3 ;08:54 ;18:09 ;;0 ;09:15 ;;9:15;;;0
4644 ;2665 ;TT 2665;De 08:25 a 16:55 ht 8.5 ;08:25 ;16:55 ;;0 ;08:30 ;;8:30;;;0
4645 ;2666 ;TT 2666;De 08:25 a 16:55 ht 8.5 ;08:25 ;16:55 ;;0 ;08:30 ;;8:30;;;0
4646 ;2667 ;TT 2667;De 08:25 a 16:55 ht 8.5 ;08:25 ;16:55 ;;0 ;08:30 ;;8:30;;;0
4647 ;2668 ;TT 2668;De 08:29 a 17:21 ht 8.9 ;08:29 ;17:21 ;;0 ;08:52 ;;8:52;;;0
4648 ;2669 ;TT 2669;De 06:51 a 17:03 ht 10.2 ;06:51 ;17:03 ;;0 ;10:12 ;;10:12;;;0
4649 ;2670 ;TT 2670;De 08:06 a 17:06 ht 9.0 ;08:06 ;17:06 ;;0 ;09:00 ;;9:00;;;0
4650 ;2671 ;TT 2671;De 08:06 a 17:06 ht 9.0 ;08:06 ;17:06 ;;0 ;09:00 ;;9:00;;;0
4651 ;2672 ;TT 2672;De 07:56 a 17:06 ht 9.2 ;07:56 ;17:06 ;;0 ;09:10 ;;9:10;;;0
4652 ;2673 ;TT 2673;De 08:41 a 17:42 ht 9.0 ;08:41 ;17:42 ;;0 ;09:01 ;;9:01;;;0
4653 ;2674 ;TT 2674;De 06:51 a 17:03 ht 10.2 ;06:51 ;17:03 ;;0 ;10:12 ;;10:12;;;0
4654 ;2675 ;TT 2675;De 07:56 a 18:00 ht 10.1 ;07:56 ;18:00 ;;0 ;10:04 ;;10:04;;;0
4655 ;2676 ;TT 2676;De 08:06 a 17:06 ht 9.0 ;08:06 ;17:06 ;;0 ;09:00 ;;9:00;;;0
4656 ;2677 ;TT 2677;De 08:41 a 17:42 ht 9.0 ;08:41 ;17:42 ;;0 ;09:01 ;;9:01;;;0
4657 ;2678 ;TT 2678;De 07:56 a 18:00 ht 10.1 ;07:56 ;18:00 ;;0 ;10:04 ;;10:04;;;0
4658 ;2679 ;TT 2679;De 06:51 a 17:03 ht 10.2 ;06:51 ;17:03 ;;0 ;10:12 ;;10:12;;;0
4659 ;2680 ;TT 2680;De 07:56 a 18:00 ht 10.1 ;07:56 ;18:00 ;;0 ;10:04 ;;10:04;;;0
4660 ;2681 ;TT 2681;De 07:52 a 18:02 ht 10.2 ;07:52 ;18:02 ;;0 ;10:10 ;;10:10;;;0
4661 ;2682 ;TT 2682;De 06:59 a 17:05 ht 10.1 ;06:59 ;17:05 ;0 ;0 ;10:06 ;0 ;10:06;;;0
4662 ;2683 ;TT 2683;De 07:52 a 18:02 ht 10.2 ;07:52 ;18:02 ;;0 ;10:10 ;;10:10;;;0
4663 ;2684 ;TT 2684;De 07:48 a 18:02 ht 10.2 ;07:48 ;18:02 ;;0 ;10:14 ;;10:14;;;0
4664 ;2685 ;TT 2685;De 07:57 a 17:11 ht 9.2 ;07:57 ;17:11 ;;0 ;09:14 ;;9:14;;;0
4665 ;2686 ;TT 2686;De 06:58 a 17:02 ht 10.1 ;06:58 ;17:02 ;0 ;0 ;10:04 ;0 ;10:04;;;0
4666 ;2687 ;TT 2687;De 07:56 a 17:06 ht 9.2 ;07:56 ;17:06 ;;0 ;09:10 ;;9:10;;;0
4667 ;2688 ;TT 2688;De 06:51 a 17:03 ht 10.2 ;06:51 ;17:03 ;;0 ;10:12 ;;10:12;;;0
4668 ;2689 ;TT 2689;De 07:56 a 18:00 ht 10.1 ;07:56 ;18:00 ;;0 ;10:04 ;;10:04;;;0
4669 ;2690 ;TT 2690;De 07:56 a 18:00 ht 10.1 ;07:56 ;18:00 ;;0 ;10:04 ;;10:04;;;0
4670 ;2691 ;TT 2691;De 08:41 a 17:42 ht 9.0 ;08:41 ;17:42 ;;0 ;09:01 ;;9:01;;;0
4671 ;2692 ;TT 2692;De 08:06 a 17:06 ht 9.0 ;08:06 ;17:06 ;;0 ;09:00 ;;9:00;;;0
4672 ;2693 ;TT 2693;De 08:29 a 17:21 ht 8.9 ;08:29 ;17:21 ;;0 ;08:52 ;;8:52;;;0
4673 ;2694 ;TT 2694;De 07:56 a 18:00 ht 10.1 ;07:56 ;18:00 ;;0 ;10:04 ;;10:04;;;0
4674 ;2695 ;TT 2695;De 06:51 a 17:03 ht 10.2 ;06:51 ;17:03 ;;0 ;10:12 ;;10:12;;;0
4675 ;2696 ;TT 2696;De 07:56 a 18:00 ht 10.1 ;07:56 ;18:00 ;;0 ;10:04 ;;10:04;;;0
4676 ;2697 ;TT 2697;De 06:59 a 17:05 ht 10.1 ;06:59 ;17:05 ;0 ;0 ;10:06 ;0 ;10:06;;;0
4677 ;2698 ;TT 2698;De 07:52 a 17:01 ht 9.2 ;07:52 ;17:01 ;;0 ;09:09 ;;9:09;;;0
4678 ;2699 ;TT 2699;De 07:48 a 18:02 ht 10.2 ;07:48 ;18:02 ;;0 ;10:14 ;;10:14;;;0
4679 ;2700 ;TT 2700;De 07:46 a 18:01 ht 10.3 ;07:46 ;18:01 ;;0 ;10:15 ;;10:15;;;0
4680 ;2701 ;TT 2701;De 07:47 a 18:01 ht 10.2 ;07:47 ;18:01 ;;0 ;10:14 ;;10:14;;;0
4681 ;2702 ;TT 2702;De 07:02 a 17:01 ht 10.0 ;07:02 ;17:01 ;;0 ;09:59 ;;9:59;;;0
4682 ;2703 ;TT 2703;De 07:44 a 18:02 ht 10.3 ;07:44 ;18:02 ;;0 ;10:18 ;;10:18;;;0
4683 ;2704 ;TT 2704;De 06:59 a 17:05 ht 10.1 ;06:59 ;17:05 ;0 ;0 ;10:06 ;0 ;10:06;;;0
4684 ;2705 ;TT 2705;De 16:23 a 00:01 ht 7.6 ;16:23 ;00:01 ;;0 ;07:38 ;;7:38;;;0
4685 ;2706 ;TT 2706;De 13:41 a 22:02 ht 8.4 ;13:41 ;22:02 ;;0 ;08:21 ;;8:21;;;0
4686 ;2707 ;TT 2707;De 13:41 a 22:02 ht 8.4 ;13:41 ;22:02 ;;0 ;08:21 ;;8:21;;;0
4687 ;2708 ;TT 2708;De 07:04 a 17:37 ht 10.6 ;07:04 ;17:37 ;;0 ;10:33 ;;10:33;;;0
4688 ;2709 ;TT 2709;De 07:04 a 17:37 ht 10.6 ;07:04 ;17:37 ;;0 ;10:33 ;;10:33;;;0
4689 ;2710 ;TT 2710;De 15:11 a 22:01 ht 6.8 ;15:11 ;22:01 ;;0 ;06:50 ;;6:50;;;0
4690 ;2711 ;TT 2711;De 15:11 a 22:01 ht 6.8 ;15:11 ;22:01 ;;0 ;06:50 ;;6:50;;;0
4691 ;2712 ;TT 2712;De 09:43 a 20:00 ht 10.3 ;09:43 ;20:00 ;;0 ;10:17 ;;10:17;;;0
4692 ;2713 ;TT 2713;De 08:18 a 17:03 ht 8.8 ;08:18 ;17:03 ;;0 ;08:45 ;;8:45;;;0
4693 ;2714 ;TT 2714;De 08:18 a 17:03 ht 8.8 ;08:18 ;17:03 ;;0 ;08:45 ;;8:45;;;0
4694 ;2715 ;TT 2715;De 10:57 a 21:00 ht 10.1 ;10:57 ;21:00 ;;0 ;10:03 ;;10:03;;;0
4695 ;2716 ;TT 2716;De 07:48 a 17:03 ht 9.3 ;07:48 ;17:03 ;;0 ;09:15 ;;9:15;;;0
4696 ;2717 ;TT 2717;De 07:21 a 16:47 ht 9.4 ;07:21 ;16:47 ;;0 ;09:26 ;;9:26;;;0
4697 ;2718 ;TT 2718;De 07:21 a 16:47 ht 9.4 ;07:21 ;16:47 ;;0 ;09:26 ;;9:26;;;0
4698 ;2719 ;TT 2719;De 07:51 a 17:06 ht 9.3 ;07:51 ;17:06 ;;0 ;09:15 ;;9:15;;;0
4699 ;2720 ;TT 2720;De 06:09 a 15:04 ht 8.9 ;06:09 ;15:04 ;;0 ;08:55 ;;8:55;;;0
4700 ;2721 ;TT 2721;De 07:51 a 17:06 ht 9.3 ;07:51 ;17:06 ;;0 ;09:15 ;;9:15;;;0
4701 ;2722 ;TT 2722;De 07:41 a 18:03 ht 10.4 ;07:41 ;18:03 ;;0 ;10:22 ;;10:22;;;0
4702 ;2723 ;TT 2723;De 07:57 a 17:11 ht 9.2 ;07:57 ;17:11 ;;0 ;09:14 ;;9:14;;;0
4703 ;2724 ;TT 2724;De 07:46 a 18:01 ht 10.3 ;07:46 ;18:01 ;;0 ;10:15 ;;10:15;;;0
4704 ;2725 ;TT 2725;De 16:23 a 00:01 ht 7.6 ;16:23 ;00:01 ;;0 ;07:38 ;;7:38;;;0
4705 ;2726 ;TT 2726;De 16:23 a 00:01 ht 7.6 ;16:23 ;00:01 ;;0 ;07:38 ;;7:38;;;0
4706 ;2727 ;TT 2727;De 16:23 a 00:01 ht 7.6 ;16:23 ;00:01 ;;0 ;07:38 ;;7:38;;;0
4707 ;2728 ;TT 2728;De 13:59 a 22:08 ht 8.2 ;13:59 ;22:08 ;;0 ;08:09 ;;8:09;;;0
4708 ;2729 ;TT 2729;De 13:59 a 22:08 ht 8.2 ;13:59 ;22:08 ;;0 ;08:09 ;;8:09;;;0
4709 ;2730 ;TT 2730;De 07:03 a 14:47 ht 7.7 ;07:03 ;14:47 ;;0 ;07:44 ;;7:44;;;0
4710 ;2731 ;TT 2731;De 07:54 a 17:00 ht 9.1 ;07:54 ;17:00 ;;0 ;09:06 ;;9:06;;;0
4711 ;2732 ;TT 2732;De 07:57 a 17:06 ht 9.2 ;07:57 ;17:06 ;;0 ;09:09 ;;9:09;;;0
4712 ;2733 ;TT 2733;De 08:05 a 17:01 ht 8.9 ;08:05 ;17:01 ;;0 ;08:56 ;;8:56;;;0
4714 ;2735 ;TT 2735;De 07:37 a 17:01 ht 9.4 ;07:37 ;17:01 ;;0 ;09:24 ;;9:24;;;0
4715 ;2736 ;TT 2736;De 09:41 a 20:05 ht 10.4 ;09:41 ;20:05 ;;0 ;10:24 ;;10:24;;;0
4716 ;2737 ;TT 2737;De 09:41 a 20:05 ht 10.4 ;09:41 ;20:05 ;;0 ;10:24 ;;10:24;;;0
4717 ;2738 ;TT 2738;De 08:28 a 17:59 ht 9.5 ;08:28 ;17:59 ;;0 ;09:31 ;;9:31;;;0
4718 ;2739 ;TT 2739;De 08:28 a 17:59 ht 9.5 ;08:28 ;17:59 ;;0 ;09:31 ;;9:31;;;0
4719 ;2740 ;TT 2740;De 09:35 a 20:00 ht 10.4 ;09:35 ;20:00 ;;0 ;10:25 ;;10:25;;;0
4720 ;2741 ;TT 2741;De 10:57 a 20:00 ht 9.1 ;10:57 ;20:00 ;;0 ;09:03 ;;9:03;;;0
4723 ;2744 ;TT 2744;De 07:39 a 17:32 ht 9.9 ;07:39 ;17:32 ;;0 ;09:53 ;;9:53;;;0
4724 ;2745 ;TT 2745;De 07:39 a 17:32 ht 9.9 ;07:39 ;17:32 ;;0 ;09:53 ;;9:53;;;0
4725 ;2746 ;TT 2746;De 07:39 a 17:32 ht 9.9 ;07:39 ;17:32 ;;0 ;09:53 ;;9:53;;;0
4726 ;2747 ;TT 2747;De 07:39 a 17:32 ht 9.9 ;07:39 ;17:32 ;;0 ;09:53 ;;9:53;;;0
4727 ;2748 ;TT 2748;De 08:01 a 17:02 ht 9.0 ;08:01 ;17:02 ;;0 ;09:01 ;;9:01;;;0
4728 ;2749 ;TT 2749;De 08:01 a 17:02 ht 9.0 ;08:01 ;17:02 ;;0 ;09:01 ;;9:01;;;0
4729 ;2750 ;TT 2750;De 08:01 a 17:02 ht 9.0 ;08:01 ;17:02 ;;0 ;09:01 ;;9:01;;;0
4730 ;2751 ;TT 2751;De 08:01 a 17:02 ht 9.0 ;08:01 ;17:02 ;;0 ;09:01 ;;9:01;;;0
4731 ;2752 ;TT 2752;De 08:01 a 17:02 ht 9.0 ;08:01 ;17:02 ;;0 ;09:01 ;;9:01;;;0
4732 ;2753 ;TT 2753;De 08:01 a 17:02 ht 9.0 ;08:01 ;17:02 ;;0 ;09:01 ;;9:01;;;0
4733 ;2754 ;TT 2754;De 08:00 a 17:06 ht 9.1 ;08:00 ;17:06 ;;0 ;09:06 ;;9:06;;;0
4734 ;2755 ;TT 2755;De 08:00 a 17:06 ht 9.1 ;08:00 ;17:06 ;;0 ;09:06 ;;9:06;;;0
4735 ;2756 ;TT 2756;De 08:13 a 19:08 ht 10.9 ;08:13 ;19:08 ;;0 ;10:55 ;;10:55;;;0
4736 ;2757 ;TT 2757;De 08:13 a 19:08 ht 10.9 ;08:13 ;19:08 ;;0 ;10:55 ;;10:55;;;0
4737 ;2758 ;TT 2758;De 08:13 a 19:08 ht 10.9 ;08:13 ;19:08 ;;0 ;10:55 ;;10:55;;;0
4738 ;2759 ;TT 2759;De 09:23 a 20:01 ht 10.6 ;09:23 ;20:01 ;;0 ;10:38 ;;10:38;;;0
4739 ;2760 ;TT 2760;De 09:23 a 20:01 ht 10.6 ;09:23 ;20:01 ;;0 ;10:38 ;;10:38;;;0
4740 ;2761 ;TT 2761;De 10:52 a 20:00 ht 9.1 ;10:52 ;20:00 ;;0 ;09:08 ;;9:08;;;0
4741 ;2762 ;TT 2762;De 10:52 a 20:00 ht 9.1 ;10:52 ;20:00 ;;0 ;09:08 ;;9:08;;;0
4742 ;2763 ;TT 2763;De 10:52 a 20:00 ht 9.1 ;10:52 ;20:00 ;;0 ;09:08 ;;9:08;;;0
4743 ;2764 ;TT 2764;De 10:52 a 20:00 ht 9.1 ;10:52 ;20:00 ;;0 ;09:08 ;;9:08;;;0
4744 ;2765 ;TT 2765;De 09:11 a 18:05 ht 8.9 ;09:11 ;18:05 ;;0 ;08:54 ;;8:54;;;0
4745 ;2766 ;TT 2766;De 09:11 a 18:05 ht 8.9 ;09:11 ;18:05 ;;0 ;08:54 ;;8:54;;;0
4746 ;2767 ;TT 2767;De 09:11 a 18:05 ht 8.9 ;09:11 ;18:05 ;;0 ;08:54 ;;8:54;;;0
4747 ;2768 ;TT 2768;De 09:11 a 18:05 ht 8.9 ;09:11 ;18:05 ;;0 ;08:54 ;;8:54;;;0
4748 ;2769 ;TT 2769;De 09:11 a 18:05 ht 8.9 ;09:11 ;18:05 ;;0 ;08:54 ;;8:54;;;0
4749 ;2770 ;TT 2770;De 09:11 a 18:05 ht 8.9 ;09:11 ;18:05 ;;0 ;08:54 ;;8:54;;;0
4750 ;2771 ;TT 2771;De 07:50 a 18:04 ht 10.2 ;07:50 ;18:04 ;;0 ;10:14 ;;10:14;;;0
4751 ;2772 ;TT 2772;De 07:50 a 18:04 ht 10.2 ;07:50 ;18:04 ;;0 ;10:14 ;;10:14;;;0
4752 ;2773 ;TT 2773;De 07:50 a 18:04 ht 10.2 ;07:50 ;18:04 ;;0 ;10:14 ;;10:14;;;0
4753 ;2774 ;TT 2774;De 07:50 a 18:04 ht 10.2 ;07:50 ;18:04 ;;0 ;10:14 ;;10:14;;;0
4754 ;2775 ;TT 2775;De 07:37 a 17:00 ht 9.4 ;07:37 ;17:00 ;;0 ;09:23 ;;9:23;;;0
4755 ;2776 ;TT 2776;De 07:37 a 17:00 ht 9.4 ;07:37 ;17:00 ;;0 ;09:23 ;;9:23;;;0
4756 ;2777 ;TT 2777;De 07:37 a 17:00 ht 9.4 ;07:37 ;17:00 ;;0 ;09:23 ;;9:23;;;0
4757 ;2778 ;TT 2778;De 07:37 a 17:00 ht 9.4 ;07:37 ;17:00 ;;0 ;09:23 ;;9:23;;;0
4758 ;2779 ;TT 2779;De 08:25 a 18:29 ht 10.1 ;08:25 ;18:29 ;;0 ;10:04 ;;10:04;;;0
4759 ;2780 ;TT 2780;De 08:25 a 18:29 ht 10.1 ;08:25 ;18:29 ;;0 ;10:04 ;;10:04;;;0
4760 ;2781 ;TT 2781;De 10:57 a 20:00 ht 9.1 ;10:57 ;20:00 ;;0 ;09:03 ;;9:03;;;0
4761 ;2782 ;TT 2782;De 10:57 a 20:00 ht 9.1 ;10:57 ;20:00 ;;0 ;09:03 ;;9:03;;;0
4762 ;2783 ;TT 2783;De 09:07 a 17:05 ht 8.0 ;09:07 ;17:05 ;;0 ;07:58 ;;7:58;;;0
4763 ;2784 ;TT 2784;De 09:07 a 17:05 ht 8.0 ;09:07 ;17:05 ;;0 ;07:58 ;;7:58;;;0
4764 ;2785 ;TT 2785;De 09:07 a 17:05 ht 8.0 ;09:07 ;17:05 ;;0 ;07:58 ;;7:58;;;0
4765 ;2786 ;TT 2786;De 09:07 a 17:05 ht 8.0 ;09:07 ;17:05 ;;0 ;07:58 ;;7:58;;;0
4766 ;2787 ;TT 2787;De 06:59 a 16:00 ht 9.0 ;06:59 ;16:00 ;0 ;0 ;09:01 ;0 ;9:01;;;0
4767 ;2788 ;TT 2788;De 06:59 a 16:00 ht 9.0 ;06:59 ;16:00 ;0 ;0 ;09:01 ;0 ;9:01;;;0
4768 ;2789 ;TT 2789;De 08:09 a 17:03 ht 8.9 ;08:09 ;17:03 ;;0 ;08:54 ;;8:54;;;0
4769 ;2790 ;TT 2790;De 08:09 a 17:03 ht 8.9 ;08:09 ;17:03 ;;0 ;08:54 ;;8:54;;;0
4770 ;2791 ;TT 2791;De 09:23 a 20:01 ht 10.6 ;09:23 ;20:01 ;;0 ;10:38 ;;10:38;;;0
4771 ;2792 ;TT 2792;De 09:23 a 20:01 ht 10.6 ;09:23 ;20:01 ;;0 ;10:38 ;;10:38;;;0
4772 ;2793 ;TT 2793;De 07:08 a 17:15 ht 10.1 ;07:08 ;17:15 ;;0 ;10:07 ;;10:07;;;0
4773 ;2794 ;TT 2794;De 07:00 a 17:15 ht 9.15 ;07:00 ;17:15 ;15 ;15 ;10:15 ;60 ;9:15;11:00 ;12:00 ;0
4774 ;2795 ;TT 2795;De 07:08 a 17:15 ht 10.1 ;07:08 ;17:15 ;0 ;0 ;10:07 ;0 ;10:07;;;0
4775 ;2796 ;TT 2796;De 07:08 a 17:15 ht 10.1 ;07:08 ;17:15 ;0 ;0 ;10:07 ;0 ;10:07;;;0
4776 ;2797 ;TT 2797;De 09:11 a 18:05 ht 8.9 ;09:11 ;18:05 ;;0 ;08:54 ;;8:54;;;0
4777 ;2798 ;TT 2798;De 09:11 a 18:05 ht 8.9 ;09:11 ;18:05 ;;0 ;08:54 ;;8:54;;;0
4778 ;2799 ;TT 2799;De 09:11 a 18:05 ht 8.9 ;09:11 ;18:05 ;;0 ;08:54 ;;8:54;;;0
4779 ;2800 ;TT 2800;De 09:11 a 18:05 ht 8.9 ;09:11 ;18:05 ;;0 ;08:54 ;;8:54;;;0
4780 ;2801 ;TT 2801;De 07:50 a 18:04 ht 10.2 ;07:50 ;18:04 ;;0 ;10:14 ;;10:14;;;0
4781 ;2802 ;TT 2802;De 07:50 a 18:04 ht 10.2 ;07:50 ;18:04 ;;0 ;10:14 ;;10:14;;;0
4782 ;2803 ;TT 2803;De 07:50 a 18:04 ht 10.2 ;07:50 ;18:04 ;;0 ;10:14 ;;10:14;;;0
4783 ;2804 ;TT 2804;De 07:50 a 18:04 ht 10.2 ;07:50 ;18:04 ;;0 ;10:14 ;;10:14;;;0
4784 ;2805 ;TT 2805;De 07:50 a 18:04 ht 10.2 ;07:50 ;18:04 ;;0 ;10:14 ;;10:14;;;0
4785 ;2806 ;TT 2806;De 07:50 a 18:04 ht 10.2 ;07:50 ;18:04 ;;0 ;10:14 ;;10:14;;;0
4786 ;2807 ;TT 2807;De 07:37 a 17:01 ht 9.4 ;07:37 ;17:01 ;;0 ;09:24 ;;9:24;;;0
4787 ;2808 ;TT 2808;De 07:37 a 17:01 ht 9.4 ;07:37 ;17:01 ;;0 ;09:24 ;;9:24;;;0
4788 ;2809 ;TT 2809;De 07:37 a 17:00 ht 9.4 ;07:37 ;17:00 ;;0 ;09:23 ;;9:23;;;0
4789 ;2810 ;TT 2810;De 07:37 a 17:00 ht 9.4 ;07:37 ;17:00 ;;0 ;09:23 ;;9:23;;;0
4790 ;2811 ;TT 2811;De 09:41 a 20:05 ht 10.4 ;09:41 ;20:05 ;;0 ;10:24 ;;10:24;;;0
4791 ;2812 ;TT 2812;De 09:41 a 20:05 ht 10.4 ;09:41 ;20:05 ;;0 ;10:24 ;;10:24;;;0
4792 ;2813 ;TT 2813;De 12:10 a 14:58 ht 2.8 ;12:10 ;14:58 ;0 ;0 ;02:48 ;0 ;2:48;;;1
4793 ;2814 ;TT 2814;De 12:10 a 14:58 ht 2.8 ;12:10 ;14:58 ;0 ;0 ;02:48 ;0 ;2:48;;;1
4794 ;2815 ;TT 2815;De 07:56 a 17:34 ht 9.6 ;07:56 ;17:34 ;;0 ;09:38 ;;9:38;;;0
4795 ;2816 ;TT 2816;De 07:56 a 17:34 ht 9.6 ;07:56 ;17:34 ;;0 ;09:38 ;;9:38;;;0
4796 ;2817 ;TT 2817;De 11:35 a 21:01 ht 9.4 ;11:35 ;21:01 ;;0 ;09:26 ;;9:26;;;0
4797 ;2818 ;TT 2818;De 10:52 a 20:00 ht 9.1 ;10:52 ;20:00 ;;0 ;09:08 ;;9:08;;;0
4798 ;2819 ;TT 2819;De 07:37 a 17:01 ht 9.4 ;07:37 ;17:01 ;;0 ;09:24 ;;9:24;;;0
4799 ;2820 ;TT 2820;De 08:50 a 18:00 ht 9.2 ;08:50 ;18:00 ;;0 ;09:10 ;;9:10;;;0
4800 ;2821 ;TT 2821;De 09:35 a 20:00 ht 10.4 ;09:35 ;20:00 ;;0 ;10:25 ;;10:25;;;0
4801 ;2822 ;TT 2822;De 09:35 a 20:00 ht 10.4 ;09:35 ;20:00 ;;0 ;10:25 ;;10:25;;;0
4802 ;2823 ;TT 2823;De 08:25 a 18:29 ht 10.1 ;08:25 ;18:29 ;;0 ;10:04 ;;10:04;;;0
4803 ;2824 ;TT 2824;De 08:25 a 18:29 ht 10.1 ;08:25 ;18:29 ;;0 ;10:04 ;;10:04;;;0
4804 ;2825 ;TT 2825;De 08:25 a 18:29 ht 10.1 ;08:25 ;18:29 ;;0 ;10:04 ;;10:04;;;0
4805 ;2826 ;TT 2826;De 07:39 a 17:32 ht 9.9 ;07:39 ;17:32 ;;0 ;09:53 ;;9:53;;;0
4806 ;2827 ;TT 2827;De 07:39 a 17:32 ht 9.9 ;07:39 ;17:32 ;;0 ;09:53 ;;9:53;;;0
4807 ;2828 ;TT 2828;De 06:52 a 15:02 ht 8.2 ;06:52 ;15:02 ;;0 ;08:10 ;;8:10;;;0
4808 ;2829 ;TT 2829;De 06:52 a 15:02 ht 8.2 ;06:52 ;15:02 ;;0 ;08:10 ;;8:10;;;0
4809 ;2830 ;TT 2830;De 06:52 a 15:02 ht 8.2 ;06:52 ;15:02 ;;0 ;08:10 ;;8:10;;;0
4810 ;2831 ;TT 2831;De 07:41 a 18:04 ht 10.4 ;07:41 ;18:04 ;;0 ;10:23 ;;10:23;;;0
4815 ;2836 ;TT 2836;De 08:02 a 18:02 ht 10.0 ;08:02 ;18:02 ;;0 ;10:00 ;;10:00;;;0
4816 ;2837 ;TT 2837;De 08:02 a 18:02 ht 10.0 ;08:02 ;18:02 ;;0 ;10:00 ;;10:00;;;0
4817 ;2838 ;TT 2838;De 08:02 a 18:02 ht 10.0 ;08:02 ;18:02 ;;0 ;10:00 ;;10:00;;;0
4818 ;2839 ;TT 2839;De 08:02 a 18:02 ht 10.0 ;08:02 ;18:02 ;;0 ;10:00 ;;10:00;;;0
4819 ;2840 ;TT 2840;De 07:33 a 17:02 ht 9.5 ;07:33 ;17:02 ;;0 ;09:29 ;;9:29;;;0
4820 ;2841 ;TT 2841;De 07:33 a 17:02 ht 9.5 ;07:33 ;17:02 ;;0 ;09:29 ;;9:29;;;0
4821 ;2842 ;TT 2842;De 07:33 a 17:02 ht 9.5 ;07:33 ;17:02 ;;0 ;09:29 ;;9:29;;;0
4822 ;2843 ;TT 2843;De 07:33 a 17:02 ht 9.5 ;07:33 ;17:02 ;;0 ;09:29 ;;9:29;;;0
4823 ;2844 ;TT 2844;De 08:05 a 17:05 ht 9.0 ;08:05 ;17:05 ;;0 ;09:00 ;;9:00;;;0
4824 ;2845 ;TT 2845;De 08:05 a 17:05 ht 9.0 ;08:05 ;17:05 ;;0 ;09:00 ;;9:00;;;0
4825 ;2846 ;TT 2846;De 08:05 a 17:05 ht 9.0 ;08:05 ;17:05 ;;0 ;09:00 ;;9:00;;;0
4826 ;2847 ;TT 2847;De 08:05 a 17:05 ht 9.0 ;08:05 ;17:05 ;;0 ;09:00 ;;9:00;;;0
4827 ;2848 ;TT 2848;De 07:49 a 17:09 ht 9.3 ;07:49 ;17:09 ;;0 ;09:20 ;;9:20;;;0
4828 ;2849 ;TT 2849;De 07:49 a 17:09 ht 9.3 ;07:49 ;17:09 ;;0 ;09:20 ;;9:20;;;0
4829 ;2850 ;TT 2850;De 07:49 a 17:09 ht 9.3 ;07:49 ;17:09 ;;0 ;09:20 ;;9:20;;;0
4830 ;2851 ;TT 2851;De 07:49 a 17:09 ht 9.3 ;07:49 ;17:09 ;;0 ;09:20 ;;9:20;;;0
4831 ;2852 ;TT 2852;De 07:45 a 17:02 ht 9.3 ;07:45 ;17:02 ;;0 ;09:17 ;;9:17;;;0
4832 ;2853 ;TT 2853;De 07:45 a 17:02 ht 9.3 ;07:45 ;17:02 ;;0 ;09:17 ;;9:17;;;0
4833 ;2854 ;TT 2854;De 07:45 a 17:02 ht 9.3 ;07:45 ;17:02 ;;0 ;09:17 ;;9:17;;;0
4834 ;2855 ;TT 2855;De 07:45 a 17:02 ht 9.3 ;07:45 ;17:02 ;;0 ;09:17 ;;9:17;;;0
4835 ;2856 ;TT 2856;De 07:57 a 19:11 ht 11.2 ;07:57 ;19:11 ;0 ;0 ;11:14 ;0 ;11:14;;;0
4836 ;2857 ;TT 2857;De 07:57 a 19:11 ht 11.2 ;07:57 ;19:11 ;0 ;0 ;11:14 ;0 ;11:14;;;0
4837 ;2858 ;TT 2858;De 07:57 a 19:11 ht 11.2 ;07:57 ;19:11 ;0 ;0 ;11:14 ;0 ;11:14;;;0
4838 ;2859 ;TT 2859;De 07:57 a 19:11 ht 11.2 ;07:57 ;19:11 ;0 ;0 ;11:14 ;0 ;11:14;;;0
4839 ;2860 ;TT 2860;De 07:43 a 19:12 ht 11.5 ;07:43 ;19:12 ;0 ;0 ;11:29 ;0 ;11:29;;;0
4840 ;2861 ;TT 2861;De 07:43 a 19:12 ht 11.5 ;07:43 ;19:12 ;0 ;0 ;11:29 ;0 ;11:29;;;0
4841 ;2862 ;TT 2862;De 07:43 a 19:12 ht 11.5 ;07:43 ;19:12 ;0 ;0 ;11:29 ;0 ;11:29;;;0
4842 ;2863 ;TT 2863;De 07:43 a 19:12 ht 11.5 ;07:43 ;19:12 ;0 ;0 ;11:29 ;0 ;11:29;;;0
4843 ;2864 ;TT 2864;De 06:55 a 17:06 ht 10.2 ;06:55 ;17:06 ;;0 ;10:11 ;;10:11;;;0
4844 ;2865 ;TT 2865;De 06:55 a 17:06 ht 10.2 ;06:55 ;17:06 ;;0 ;10:11 ;;10:11;;;0
4845 ;2866 ;TT 2866;De 06:55 a 17:06 ht 10.2 ;06:55 ;17:06 ;;0 ;10:11 ;;10:11;;;0
4846 ;2867 ;TT 2867;De 06:55 a 17:06 ht 10.2 ;06:55 ;17:06 ;;0 ;10:11 ;;10:11;;;0
4847 ;2868 ;TT 2868;De 07:52 a 13:45 ht 5.9 ;07:52 ;13:45 ;;0 ;05:53 ;;5:53;;;0
4848 ;2869 ;TT 2869;De 07:52 a 13:45 ht 5.9 ;07:52 ;13:45 ;;0 ;05:53 ;;5:53;;;0
4849 ;2870 ;TT 2870;De 07:52 a 13:45 ht 5.9 ;07:52 ;13:45 ;;0 ;05:53 ;;5:53;;;0
4850 ;2871 ;TT 2871;De 07:52 a 13:45 ht 5.9 ;07:52 ;13:45 ;;0 ;05:53 ;;5:53;;;0
4851 ;2872 ;TT 2872;De 07:44 a 17:06 ht 9.4 ;07:44 ;17:06 ;;0 ;09:22 ;;9:22;;;0
4852 ;2873 ;TT 2873;De 07:44 a 17:06 ht 9.4 ;07:44 ;17:06 ;;0 ;09:22 ;;9:22;;;0
4853 ;2874 ;TT 2874;De 07:44 a 17:06 ht 9.4 ;07:44 ;17:06 ;;0 ;09:22 ;;9:22;;;0
4854 ;2875 ;TT 2875;De 07:44 a 17:06 ht 9.4 ;07:44 ;17:06 ;;0 ;09:22 ;;9:22;;;0
4855 ;2876 ;TT 2876;De 08:04 a 17:04 ht 9.0 ;08:04 ;17:04 ;;0 ;09:00 ;;9:00;;;0
4856 ;2877 ;TT 2877;De 08:04 a 17:04 ht 9.0 ;08:04 ;17:04 ;;0 ;09:00 ;;9:00;;;0
4857 ;2878 ;TT 2878;De 08:04 a 17:04 ht 9.0 ;08:04 ;17:04 ;;0 ;09:00 ;;9:00;;;0
4858 ;2879 ;TT 2879;De 08:04 a 17:04 ht 9.0 ;08:04 ;17:04 ;;0 ;09:00 ;;9:00;;;0
4859 ;2880 ;TT 2880;De 07:42 a 17:05 ht 9.4 ;07:42 ;17:05 ;;0 ;09:23 ;;9:23;;;0
4860 ;2881 ;TT 2881;De 07:42 a 17:05 ht 9.4 ;07:42 ;17:05 ;;0 ;09:23 ;;9:23;;;0
4861 ;2882 ;TT 2882;De 07:42 a 17:05 ht 9.4 ;07:42 ;17:05 ;;0 ;09:23 ;;9:23;;;0
4862 ;2883 ;TT 2883;De 07:42 a 17:05 ht 9.4 ;07:42 ;17:05 ;;0 ;09:23 ;;9:23;;;0
4863 ;2884 ;TT 2884;De 07:58 a 17:59 ht 10.0 ;07:58 ;17:59 ;;0 ;10:01 ;;10:01;;;0
4864 ;2885 ;TT 2885;De 07:58 a 17:59 ht 10.0 ;07:58 ;17:59 ;;0 ;10:01 ;;10:01;;;0
4865 ;2886 ;TT 2886;De 07:58 a 17:59 ht 10.0 ;07:58 ;17:59 ;;0 ;10:01 ;;10:01;;;0
4866 ;2887 ;TT 2887;De 07:58 a 17:59 ht 10.0 ;07:58 ;17:59 ;;0 ;10:01 ;;10:01;;;0
4867 ;2888 ;TT 2888;De 07:30 a 17:07 ht 9.6 ;07:30 ;17:07 ;;0 ;09:37 ;;9:37;;;0
4868 ;2889 ;TT 2889;De 07:30 a 17:07 ht 9.6 ;07:30 ;17:07 ;;0 ;09:37 ;;9:37;;;0
4869 ;2890 ;TT 2890;De 07:30 a 17:07 ht 9.6 ;07:30 ;17:07 ;;0 ;09:37 ;;9:37;;;0
4870 ;2891 ;TT 2891;De 07:30 a 17:07 ht 9.6 ;07:30 ;17:07 ;;0 ;09:37 ;;9:37;;;0
4871 ;2892 ;TT 2892;De 07:46 a 18:10 ht 10.4 ;07:46 ;18:10 ;;0 ;10:24 ;;10:24;;;0
4872 ;2893 ;TT 2893;De 07:46 a 18:10 ht 10.4 ;07:46 ;18:10 ;;0 ;10:24 ;;10:24;;;0
4873 ;2894 ;TT 2894;De 07:46 a 18:10 ht 10.4 ;07:46 ;18:10 ;;0 ;10:24 ;;10:24;;;0
4874 ;2895 ;TT 2895;De 07:46 a 18:10 ht 10.4 ;07:46 ;18:10 ;;0 ;10:24 ;;10:24;;;0
4875 ;2896 ;TT 2896;De 07:41 a 18:04 ht 10.4 ;07:41 ;18:04 ;;0 ;10:23 ;;10:23;;;0
4876 ;2897 ;TT 2897;De 07:41 a 18:04 ht 10.4 ;07:41 ;18:04 ;;0 ;10:23 ;;10:23;;;0
4877 ;2898 ;TT 2898;De 07:41 a 18:04 ht 10.4 ;07:41 ;18:04 ;;0 ;10:23 ;;10:23;;;0
4878 ;2899 ;TT 2899;De 07:41 a 18:04 ht 10.4 ;07:41 ;18:04 ;;0 ;10:23 ;;10:23;;;0
4883 ;2904 ;TT 2904;De 08:02 a 18:02 ht 10.0 ;08:02 ;18:02 ;;0 ;10:00 ;;10:00;;;0
4884 ;2905 ;TT 2905;De 08:02 a 18:02 ht 10.0 ;08:02 ;18:02 ;;0 ;10:00 ;;10:00;;;0
4885 ;2906 ;TT 2906;De 08:02 a 18:02 ht 10.0 ;08:02 ;18:02 ;;0 ;10:00 ;;10:00;;;0
4886 ;2907 ;TT 2907;De 08:02 a 18:02 ht 10.0 ;08:02 ;18:02 ;;0 ;10:00 ;;10:00;;;0
4887 ;2908 ;TT 2908;De 07:33 a 17:02 ht 9.5 ;07:33 ;17:02 ;;0 ;09:29 ;;9:29;;;0
4888 ;2909 ;TT 2909;De 07:33 a 17:02 ht 9.5 ;07:33 ;17:02 ;;0 ;09:29 ;;9:29;;;0
4889 ;2910 ;TT 2910;De 07:33 a 17:02 ht 9.5 ;07:33 ;17:02 ;;0 ;09:29 ;;9:29;;;0
4890 ;2911 ;TT 2911;De 07:33 a 17:02 ht 9.5 ;07:33 ;17:02 ;;0 ;09:29 ;;9:29;;;0
4891 ;2912 ;TT 2912;De 08:05 a 17:05 ht 9.0 ;08:05 ;17:05 ;;0 ;09:00 ;;9:00;;;0
4892 ;2913 ;TT 2913;De 08:05 a 17:05 ht 9.0 ;08:05 ;17:05 ;;0 ;09:00 ;;9:00;;;0
4893 ;2914 ;TT 2914;De 08:05 a 17:05 ht 9.0 ;08:05 ;17:05 ;;0 ;09:00 ;;9:00;;;0
4894 ;2915 ;TT 2915;De 08:05 a 17:05 ht 9.0 ;08:05 ;17:05 ;;0 ;09:00 ;;9:00;;;0
4895 ;2916 ;TT 2916;De 07:49 a 17:09 ht 9.3 ;07:49 ;17:09 ;;0 ;09:20 ;;9:20;;;0
4896 ;2917 ;TT 2917;De 07:49 a 17:09 ht 9.3 ;07:49 ;17:09 ;;0 ;09:20 ;;9:20;;;0
4897 ;2918 ;TT 2918;De 07:49 a 17:09 ht 9.3 ;07:49 ;17:09 ;;0 ;09:20 ;;9:20;;;0
4898 ;2919 ;TT 2919;De 07:49 a 17:09 ht 9.3 ;07:49 ;17:09 ;;0 ;09:20 ;;9:20;;;0
4899 ;2920 ;TT 2920;De 07:45 a 17:02 ht 9.3 ;07:45 ;17:02 ;;0 ;09:17 ;;9:17;;;0
4900 ;2921 ;TT 2921;De 07:45 a 17:02 ht 9.3 ;07:45 ;17:02 ;;0 ;09:17 ;;9:17;;;0
4901 ;2922 ;TT 2922;De 07:45 a 17:02 ht 9.3 ;07:45 ;17:02 ;;0 ;09:17 ;;9:17;;;0
4902 ;2923 ;TT 2923;De 07:45 a 17:02 ht 9.3 ;07:45 ;17:02 ;;0 ;09:17 ;;9:17;;;0
4903 ;2924 ;TT 2924;De 07:57 a 19:11 ht 11.2 ;07:57 ;19:11 ;0 ;0 ;11:14 ;0 ;11:14;;;0
4904 ;2925 ;TT 2925;De 07:57 a 19:11 ht 11.2 ;07:57 ;19:11 ;0 ;0 ;11:14 ;0 ;11:14;;;0
4905 ;2926 ;TT 2926;De 07:57 a 19:11 ht 11.2 ;07:57 ;19:11 ;0 ;0 ;11:14 ;0 ;11:14;;;0
4906 ;2927 ;TT 2927;De 07:57 a 19:11 ht 11.2 ;07:57 ;19:11 ;0 ;0 ;11:14 ;0 ;11:14;;;0
4907 ;2928 ;TT 2928;De 07:43 a 19:12 ht 11.5 ;07:43 ;19:12 ;0 ;0 ;11:29 ;0 ;11:29;;;0
4908 ;2929 ;TT 2929;De 07:43 a 19:12 ht 11.5 ;07:43 ;19:12 ;0 ;0 ;11:29 ;0 ;11:29;;;0
4909 ;2479 ;TT 2930;De 05:45 a 13:45 ht 8 ;05:45 ;13:45 ;15 ;15 ;08:00 ;0 ;8:00;;;1
4910 ;2930 ;TT 2930 I;De 07:43 a 19:12 ht 11.5 ;07:43 ;19:12 ;0 ;0 ;11:29 ;0 ;11:29;;;0
4911 ;2931 ;TT 2931;De 07:43 a 19:12 ht 11.5 ;07:43 ;19:12 ;0 ;0 ;11:29 ;0 ;11:29;;;0
4912 ;2932 ;TT 2932;De 06:55 a 17:06 ht 10.2 ;06:55 ;17:06 ;;0 ;10:11 ;;10:11;;;0
4913 ;2933 ;TT 2933;De 06:55 a 17:06 ht 10.2 ;06:55 ;17:06 ;;0 ;10:11 ;;10:11;;;0
4914 ;2934 ;TT 2934;De 06:55 a 17:06 ht 8.45 ;06:55 ;17:06 ;15 ;0 ;10:11 ;60 ;9:11;;;0
4915 ;2935 ;TT 2935;De 06:55 a 17:06 ht 10.2 ;06:55 ;17:06 ;;0 ;10:11 ;;10:11;;;0
4916 ;2936 ;TT 2936;De 07:52 a 13:45 ht 5.9 ;07:52 ;13:45 ;;0 ;05:53 ;;5:53;;;0
4917 ;2937 ;TT 2937;De 07:52 a 13:45 ht 5.9 ;07:52 ;13:45 ;;0 ;05:53 ;;5:53;;;0
4918 ;2938 ;TT 2938;De 07:52 a 13:45 ht 5.9 ;07:52 ;13:45 ;;0 ;05:53 ;;5:53;;;0
4919 ;2939 ;TT 2939;De 07:52 a 13:45 ht 5.9 ;07:52 ;13:45 ;;0 ;05:53 ;;5:53;;;0
4920 ;2940 ;TT 2940;De 07:44 a 17:06 ht 9.4 ;07:44 ;17:06 ;;0 ;09:22 ;;9:22;;;0
4921 ;2941 ;TT 2941;De 07:44 a 17:06 ht 9.4 ;07:44 ;17:06 ;;0 ;09:22 ;;9:22;;;0
4922 ;2942 ;TT 2942;De 07:44 a 17:06 ht 9.4 ;07:44 ;17:06 ;;0 ;09:22 ;;9:22;;;0
4923 ;2943 ;TT 2943;De 07:44 a 17:06 ht 9.4 ;07:44 ;17:06 ;;0 ;09:22 ;;9:22;;;0
4924 ;2944 ;TT 2944;De 08:04 a 17:04 ht 9.0 ;08:04 ;17:04 ;;0 ;09:00 ;;9:00;;;0
4925 ;2945 ;TT 2945;De 08:04 a 17:04 ht 9.0 ;08:04 ;17:04 ;;0 ;09:00 ;;9:00;;;0
4926 ;2946 ;TT 2946;De 08:04 a 17:04 ht 9.0 ;08:04 ;17:04 ;;0 ;09:00 ;;9:00;;;0
4927 ;2947 ;TT 2947;De 08:04 a 17:04 ht 9.0 ;08:04 ;17:04 ;;0 ;09:00 ;;9:00;;;0
4928 ;2948 ;TT 2948;De 07:42 a 17:05 ht 9.4 ;07:42 ;17:05 ;;0 ;09:23 ;;9:23;;;0
4929 ;2949 ;TT 2949;De 07:42 a 17:05 ht 9.4 ;07:42 ;17:05 ;;0 ;09:23 ;;9:23;;;0
4930 ;2950 ;TT 2950;De 07:42 a 17:05 ht 9.4 ;07:42 ;17:05 ;;0 ;09:23 ;;9:23;;;0
4931 ;2951 ;TT 2951;De 07:42 a 17:05 ht 9.4 ;07:42 ;17:05 ;;0 ;09:23 ;;9:23;;;0
4932 ;2952 ;TT 2952;De 07:58 a 17:59 ht 10.0 ;07:58 ;17:59 ;;0 ;10:01 ;;10:01;;;0
4933 ;2953 ;TT 2953;De 07:58 a 17:59 ht 10.0 ;07:58 ;17:59 ;;0 ;10:01 ;;10:01;;;0
4934 ;2954 ;TT 2954;De 07:58 a 17:59 ht 10.0 ;07:58 ;17:59 ;;0 ;10:01 ;;10:01;;;0
4935 ;2955 ;TT 2955;De 07:58 a 17:59 ht 10.0 ;07:58 ;17:59 ;;0 ;10:01 ;;10:01;;;0
4936 ;2956 ;TT 2956;De 07:30 a 17:07 ht 9.6 ;07:30 ;17:07 ;;0 ;09:37 ;;9:37;;;0
4937 ;2957 ;TT 2957;De 07:30 a 17:07 ht 9.6 ;07:30 ;17:07 ;;0 ;09:37 ;;9:37;;;0
4938 ;2958 ;TT 2958;De 07:30 a 17:07 ht 9.6 ;07:30 ;17:07 ;;0 ;09:37 ;;9:37;;;0
4939 ;2959 ;TT 2959;De 07:30 a 17:07 ht 9.6 ;07:30 ;17:07 ;;0 ;09:37 ;;9:37;;;0
4940 ;2960 ;TT 2960;De 07:46 a 18:10 ht 10.4 ;07:46 ;18:10 ;;0 ;10:24 ;;10:24;;;0
4941 ;2961 ;TT 2961;De 07:46 a 18:10 ht 10.4 ;07:46 ;18:10 ;;0 ;10:24 ;;10:24;;;0
4942 ;2962 ;TT 2962;De 07:46 a 18:10 ht 10.4 ;07:46 ;18:10 ;;0 ;10:24 ;;10:24;;;0
4943 ;2963 ;TT 2963;De 07:46 a 18:10 ht 10.4 ;07:46 ;18:10 ;;0 ;10:24 ;;10:24;;;0
4944 ;2964 ;TT 2964;De 07:41 a 18:04 ht 10.4 ;07:41 ;18:04 ;;0 ;10:23 ;;10:23;;;0
4945 ;2965 ;TT 2965;De 07:41 a 18:04 ht 10.4 ;07:41 ;18:04 ;;0 ;10:23 ;;10:23;;;0
4946 ;2966 ;TT 2966;De 07:41 a 18:04 ht 10.4 ;07:41 ;18:04 ;;0 ;10:23 ;;10:23;;;0
4947 ;2967 ;TT 2967;De 07:41 a 18:04 ht 10.4 ;07:41 ;18:04 ;;0 ;10:23 ;;10:23;;;0
4952 ;2972 ;TT 2972;De 08:02 a 18:02 ht 10.0 ;08:02 ;18:02 ;;0 ;10:00 ;;10:00;;;0
4953 ;2973 ;TT 2973;De 08:02 a 18:02 ht 10.0 ;08:02 ;18:02 ;;0 ;10:00 ;;10:00;;;0
4954 ;2974 ;TT 2974;De 08:02 a 18:02 ht 10.0 ;08:02 ;18:02 ;;0 ;10:00 ;;10:00;;;0
4955 ;2975 ;TT 2975;De 08:02 a 18:02 ht 10.0 ;08:02 ;18:02 ;;0 ;10:00 ;;10:00;;;0
4956 ;2976 ;TT 2976;De 07:33 a 17:02 ht 9.5 ;07:33 ;17:02 ;;0 ;09:29 ;;9:29;;;0
4957 ;2977 ;TT 2977;De 07:33 a 17:02 ht 9.5 ;07:33 ;17:02 ;;0 ;09:29 ;;9:29;;;0
4958 ;2978 ;TT 2978;De 07:33 a 17:02 ht 9.5 ;07:33 ;17:02 ;;0 ;09:29 ;;9:29;;;0
4959 ;2979 ;TT 2979;De 07:33 a 17:02 ht 9.5 ;07:33 ;17:02 ;;0 ;09:29 ;;9:29;;;0
4960 ;2980 ;TT 2980;De 08:05 a 17:05 ht 9.0 ;08:05 ;17:05 ;;0 ;09:00 ;;9:00;;;0
4961 ;2981 ;TT 2981;De 08:05 a 17:05 ht 9.0 ;08:05 ;17:05 ;;0 ;09:00 ;;9:00;;;0
4962 ;2982 ;TT 2982;De 08:05 a 17:05 ht 9.0 ;08:05 ;17:05 ;;0 ;09:00 ;;9:00;;;0
4963 ;2983 ;TT 2983;De 08:05 a 17:05 ht 9.0 ;08:05 ;17:05 ;;0 ;09:00 ;;9:00;;;0
4964 ;2984 ;TT 2984;De 07:49 a 17:09 ht 9.3 ;07:49 ;17:09 ;;0 ;09:20 ;;9:20;;;0
4965 ;2985 ;TT 2985;De 07:49 a 17:09 ht 9.3 ;07:49 ;17:09 ;;0 ;09:20 ;;9:20;;;0
4966 ;2986 ;TT 2986;De 07:49 a 17:09 ht 9.3 ;07:49 ;17:09 ;;0 ;09:20 ;;9:20;;;0
4967 ;2987 ;TT 2987;De 07:49 a 17:09 ht 9.3 ;07:49 ;17:09 ;;0 ;09:20 ;;9:20;;;0
4968 ;2988 ;TT 2988;De 07:45 a 17:02 ht 9.3 ;07:45 ;17:02 ;;0 ;09:17 ;;9:17;;;0
4969 ;2989 ;TT 2989;De 07:45 a 17:02 ht 9.3 ;07:45 ;17:02 ;;0 ;09:17 ;;9:17;;;0
4970 ;2990 ;TT 2990;De 07:45 a 17:02 ht 9.3 ;07:45 ;17:02 ;;0 ;09:17 ;;9:17;;;0
4971 ;2991 ;TT 2991;De 07:45 a 17:02 ht 9.3 ;07:45 ;17:02 ;;0 ;09:17 ;;9:17;;;0
4972 ;2992 ;TT 2992;De 07:57 a 19:11 ht 11.2 ;07:57 ;19:11 ;0 ;0 ;11:14 ;0 ;11:14;;;0
4973 ;2993 ;TT 2993;De 07:57 a 19:11 ht 11.2 ;07:57 ;19:11 ;0 ;0 ;11:14 ;0 ;11:14;;;0
4974 ;2994 ;TT 2994;De 11:00 a 14:00 ht 3 ;11:00 ;14:00 ;0 ;0 ;03:00 ;0 ;3:00;;;0
4975 ;2995 ;TT 2995;De 12:30 a 15:30 ht 3 ;12:30 ;15:30 ;0 ;0 ;03:00 ;0 ;3:00;;;0
4976 ;2996 ;TT 2996;De 06:15 a 17:15 ht 10 ;06:15 ;17:15 ;15 ;15 ;11:00 ;60 ;10:00;11:00 ;12:00 ;0
4977 ;2997 ;TT 2997;De 21:00 a 07:00 ht 9 ;21:00 ;07:00 ;0 ;0 ;10:00 ;60 ;9:00;02:00 ;03:00 ;0
4978 ;2998 ;TT 2998;De 08:00 a 15:00 ht 7.0 ;08:00 ;15:00 ;15 ;0 ;07:00 ;0 ;7:00;;;0
4979 ;2999 ;TT 2999;De 08:00 a 14:00 ht 6.0 ;08:00 ;14:00 ;30 ;0 ;06:00 ;0 ;6:00;;;1
4980 ;3000 ;TT 3000;De 08:00 a 16:00 ht 8.0 ;08:00 ;16:00 ;15 ;0 ;08:00 ;0 ;8:00;;;0
4981 ;3001 ;TT 3001;De 11:00 a 17:00 ht 6.0 ;11:00 ;17:00 ;30 ;0 ;06:00 ;0 ;6:00;;;1
4982 ;3002 ;TT 3002;De 12:00 a 20:00 ht 8.0 ;12:00 ;20:00 ;15 ;0 ;08:00 ;0 ;8:00;;;0
4983 ;3003 ;TT 3003;De 14:00 a 20:00 ht 6.0 ;14:00 ;20:00 ;30 ;0 ;06:00 ;0 ;6:00;;;1
4984 ;3004 ;TT 3004;De 06:00 a 14:00 ht 8 ;06:00 ;14:00 ;15 ;0 ;08:00 ;0 ;8:00;;;0
4985 ;3005 ;TT 3005;De 15:00 a 23:00 ht 8.0 ;15:00 ;23:00 ;15 ;0 ;08:00 ;0 ;8:00;;;0
4986 ;3006 ;TT 3006;De 16:00 a 00:00 ht 8 ;16:00 ;00:00 ;15 ;0 ;08:00 ;0 ;8:00;;;0
4987 ;3007 ;TT 3007;De 20:00 a 06:00 ht 9 ;20:00 ;06:00 ;0 ;0 ;10:00 ;60 ;9:00;01:00 ;02:00 ;0
4988 ;3008 ;TT 3008;De 20:00 a 06:00 ht 9 ;20:00 ;06:00 ;15 ;0 ;10:00 ;60 ;9:00;01:00 ;02:00 ;0
4989 ;3009 ;TT 3009;De 08:30 a 14:30 ht 6.0 ;08:30 ;14:30 ;15 ;0 ;06:00 ;0 ;6:00;;;0
4990 ;3010 ;TT 3010;De 10:30 a 19:30 ht 9.0 ;10:30 ;19:30 ;15 ;0 ;09:00 ;60 ;8:00;02:00 ;03:00 ;1
4991 ;3011 ;TT 3011;De 09:00 a 14:30 ht 5.5 ;09:00 ;14:30 ;15 ;0 ;05:30 ;0 ;5:30;;;0
4992 ;3012 ;TT 3012;De 11:30 a 15:30 ht 4 ;11:30 ;15:30 ;15 ;0 ;04:00 ;0 ;4:00;;;1
4993 ;3013 ;TT 3013;De 12:00 a 17:30 ht 5.5 ;12:00 ;17:30 ;15 ;0 ;05:30 ;0 ;5:30;;;0
4994 ;3014 ;TT 3014;De 13:30 a 19:00 ht 5.5 ;13:30 ;19:00 ;15 ;0 ;05:30 ;0 ;5:30;;;0
4995 ;3015 ;TT 3015;De 13:30 a 22:30 ht 8 ;13:30 ;22:30 ;15 ;15 ;09:00 ;60 ;8:00;04:00 ;05:00 ;1
4996 ;3016 ;TT 3016;De 12:00 a 20:00 ht 8.0 ;12:00 ;20:00 ;15 ;0 ;08:00 ;60 ;7:00;02:30 ;03:30 ;1
4997 ;3017 ;TT 3017;De 15:00 a 23:00 ht 8.0 ;15:00 ;23:00 ;15 ;0 ;08:00 ;60 ;7:00;06:30 ;07:30 ;1
4998 ;3018 ;TT 3018;De 15:00 a 00:00 ht 9 ;15:00 ;00:00 ;15 ;0 ;09:00 ;60 ;8:00;06:30 ;07:30 ;1
4999 ;3019 ;TT 3019;De 22:00 a 06:00 ht 8 ;22:00 ;06:00 ;0 ;0 ;08:00 ;60 ;7:00;03:00 ;04:00 ;1
5000 ;3020 ;TT 3020;De 08:00 a 15:00 ht 7.0 ;08:00 ;15:00 ;15 ;0 ;07:00 ;60 ;6:00;12:00 ;13:00 ;1
5001 ;3021 ;TT 3021;De 14:00 a 20:00 ht 6.0 ;14:00 ;20:00 ;15 ;0 ;06:00 ;60 ;5:00;;;1
5002 ;3022 ;TT 3022;De 09:30 a 17:30 ht 8.0 ;09:30 ;17:30 ;15 ;0 ;08:00 ;60 ;7:00;01:30 ;02:30 ;1
5003 ;3023 ;TT 3023;De 00:00 a 10:00 ht 10 ;00:00 ;10:00 ;15 ;0 ;10:00 ;60 ;9:00;05:00 ;06:00 ;0
5004 ;3024 ;TT 3024;De 07:00 a 12:00 ht 5.0 ;07:00 ;12:00 ;20 ;0 ;05:00 ;0 ;5:00;;;0
5005 ;3025 ;TT 3025;De 08:00 a 12:00 ht 4.0 ;08:00 ;12:00 ;15 ;0 ;04:00 ;0 ;4:00;;;1
5006 ;3026 ;TT 3026;De 07:00 a 15:00 ht 8.0 ;07:00 ;15:00 ;15 ;0 ;08:00 ;0 ;8:00;;;0
5007 ;3027 ;TT 3027;De 10:00 a 16:00 ht 6.0 ;10:00 ;16:00 ;30 ;0 ;06:00 ;0 ;6:00;;;1
5008 ;3028 ;TT 3028;De 13:00 a 21:00 ht 8.0 ;13:00 ;21:00 ;15 ;0 ;08:00 ;0 ;8:00;;;0
5009 ;3029 ;TT 3029;De 22:00 a 06:00 ht 8 ;22:00 ;06:00 ;15 ;0 ;08:00 ;0 ;8:00;;;0
5010 ;3030 ;TT 3030;De 22:00 a 06:00 ht 8 ;22:00 ;06:00 ;0 ;0 ;08:00 ;0 ;8:00;;;0
5011 ;3031 ;TT 3031;De 09:30 a 17:30 ht 8.0 ;09:30 ;17:30 ;15 ;0 ;08:00 ;0 ;8:00;;;0
5012 ;3032 ;TT 3032;De 20:00 a 23:00 ;20:00 ;23:00 ;0 ;0 ;03:00 ;0 ;3:00;;;0
5013 ;3033 ;TT 3033;De 08:00 a 13:00 ht 5.0 ;08:00 ;13:00 ;20 ;0 ;05:00 ;0 ;5:00;;;0
5014 ;3034 ;TT 3034;De 08:00 a 17:30 ht 9.5 ;08:00 ;17:30 ;0 ;0 ;09:30 ;0 ;9:30;;;0
5015 ;3035 ;TT 3035;De 10:00 a 18:00 ht 8.0 ;10:00 ;18:00 ;15 ;0 ;08:00 ;0 ;8:00;;;0
5016 ;3036 ;TT 3036;De 06:00 a 12:00 ht 6 ;06:00 ;12:00 ;30 ;0 ;06:00 ;0 ;6:00;;;1
5017 ;3037 ;TT 3037;De 09:00 a 13:00 ht 4.0 ;09:00 ;13:00 ;15 ;0 ;04:00 ;0 ;4:00;;;1
5018 ;3038 ;TT 3038;De 12:00 a 18:00 ht 6.0 ;12:00 ;18:00 ;30 ;0 ;06:00 ;0 ;6:00;;;1
5019 ;3039 ;TT 3039;De 20:00 a 06:00 ht 10 ;20:00 ;06:00 ;15 ;15 ;10:00 ;0 ;10:00;;;0
5020 ;3040 ;TT 3040;De 15:30 a 00:00 ht 8.5 ;15:30 ;00:00 ;15 ;0 ;08:30 ;0 ;8:30;;;0
5021 ;3041 ;TT 3041;De 14:00 a 22:00 ht 8.0 ;14:00 ;22:00 ;15 ;0 ;08:00 ;0 ;8:00;;;0
5022 ;3042 ;TT 3042;De 06:30 a 17:30 ht 10 ;06:30 ;17:30 ;15 ;15 ;11:00 ;60 ;10:00;10:30 ;11:30 ;0
5023 ;3043 ;TT 3043;De 12:00 a 20:30 ht 8.5 ;12:00 ;20:30 ;15 ;0 ;08:30 ;60 ;7:30;02:30 ;03:30 ;1
5024 ;3044 ;TT 3044;De 06:00 a 13:00 ht 7 ;06:00 ;13:00 ;15 ;0 ;07:00 ;0 ;7:00;;;0
5025 ;3045 ;TT 3045;De 06:30 a 14:30 ht 8.0 ;06:30 ;14:30 ;15 ;0 ;08:00 ;0 ;8:00;;;0
5026 ;3046 ;TT 3046;De 08:30 a 15:00 ht 6.5 ;08:30 ;15:00 ;15 ;0 ;06:30 ;0 ;6:30;;;0
5027 ;3047 ;TT 3047;De 09:30 a 15:30 ht 6.0 ;09:30 ;15:30 ;30 ;0 ;06:00 ;0 ;6:00;;;1
5028 ;3048 ;TT 3048;De 13:00 a 19:00 ht 6.0 ;13:00 ;19:00 ;30 ;0 ;06:00 ;0 ;6:00;;;1
5029 ;3049 ;TT 3049;De 15:00 a 20:00 ht 5.0 ;15:00 ;20:00 ;20 ;0 ;05:00 ;0 ;5:00;;;0
5030 ;3050 ;TT 3050;De 14:30 a 20:30 ht 6 ;14:30 ;20:30 ;30 ;0 ;06:00 ;0 ;6:00;;;1
5031 ;3051 ;TT 3051;De 18:00 a 00:00 ht 6 ;18:00 ;00:00 ;30 ;0 ;06:00 ;0 ;6:00;;;1
5032 ;3052 ;TT 3052;De 14:30 a 20:30 ht 6 ;14:30 ;20:30 ;15 ;0 ;06:00 ;0 ;6:00;;;0
5033 ;3053 ;TT 3053;De 15:00 a 21:00 ht 6 ;15:00 ;21:00 ;15 ;0 ;06:00 ;0 ;6:00;;;0
5034 ;3054 ;TT 3054;De 15:00 a 21:00 ht 6 ;15:00 ;21:00 ;30 ;0 ;06:00 ;0 ;6:00;;;1
5035 ;3055 ;TT 3055;De 21:00 a 06:00 ht 9 ;21:00 ;06:00 ;0 ;0 ;09:00 ;0 ;9:00;;;0
5036 ;3056 ;TT 3056;De 12:30 a 21:00 ht 8.5 ;12:30 ;21:00 ;15 ;0 ;08:30 ;60 ;7:30;02:30 ;03:30 ;1
5037 ;3057 ;TT 3057;De 09:00 a 15:00 ht 6.0 ;09:00 ;15:00 ;30 ;0 ;06:00 ;0 ;6:00;;;1
5038 ;3058 ;TT 3058;De 12:00 a 19:00 ht 7.0 ;12:00 ;19:00 ;30 ;0 ;07:00 ;0 ;7:00;;;1
5039 ;3059 ;TT 3059;De 13:30 a 22:00 ht 8.5 ;13:30 ;22:00 ;15 ;0 ;08:30 ;60 ;7:30;04:00 ;05:00 ;1
5040 ;3060 ;TT 3060;De 12:00 a 21:30 ht 9.5 ;12:00 ;21:30 ;15 ;0 ;09:30 ;60 ;8:30;02:30 ;03:30 ;1
5041 ;3061 ;TT 3061;De 16:00 a 22:00 ht 6.0 ;16:00 ;22:00 ;30 ;0 ;06:00 ;0 ;6:00;;;1
5042 ;3062 ;TT 3062;De 06:30 a 12:30 ht 6 ;06:30 ;12:30 ;15 ;0 ;06:00 ;0 ;6:00;;;0
5043 ;3063 ;TT 3063;De 13:00 a 21:30 ht 8.5 ;13:00 ;21:30 ;15 ;0 ;08:30 ;60 ;7:30;04:00 ;05:00 ;1
5044 ;3064 ;TT 3064;De 13:00 a 22:00 ht 9.0 ;13:00 ;22:00 ;15 ;0 ;09:00 ;60 ;8:00;04:00 ;05:00 ;1
5045 ;3065 ;TT 3065;De 12:00 a 18:30 ht 6.5 ;12:00 ;18:30 ;15 ;0 ;06:30 ;0 ;6:30;;;0
5046 ;3066 ;TT 3066;De 13:30 a 21:00 ht 7.5 ;13:30 ;21:00 ;15 ;0 ;07:30 ;0 ;7:30;;;0
5047 ;3067 ;TT 3067;De 09:00 a 17:00 ht 8.0 ;09:00 ;17:00 ;15 ;0 ;08:00 ;0 ;8:00;;;0
5048 ;3068 ;TT 3068;De 22:30 a 06:30 ht 8 ;22:30 ;06:30 ;15 ;15 ;08:00 ;0 ;8:00;;;1
5049 ;3069 ;TT 3069;De 21:00 a 06:00 ht 9.0 ;21:00 ;06:00 ;30 ;0 ;09:00 ;60 ;8:00;02:00 ;03:00 ;1
5050 ;3070 ;TT 3070;De 13:30 a 20:00 ht 6.5 ;13:30 ;20:00 ;30 ;0 ;06:30 ;0 ;6:30;;;1
5051 ;3071 ;TT 3071;De 06:30 a 14:00 ht 7.5 ;06:30 ;14:00 ;15 ;0 ;07:30 ;0 ;7:30;;;0
5052 ;3072 ;TT 3072;De 07:30 a 14:30 ht 7.0 ;07:30 ;14:30 ;15 ;0 ;07:00 ;0 ;7:00;;;0
5053 ;3073 ;TT 3073;De 08:30 a 16:30 ht 8.0 ;08:30 ;16:30 ;15 ;0 ;08:00 ;0 ;8:00;;;0
5054 ;3074 ;TT 3074;De 21:00 a 06:00 ht 9.0 ;21:00 ;06:00 ;0 ;0 ;09:00 ;60 ;8:00;02:00 ;03:00 ;1
5055 ;3075 ;TT 3075;De 09:00 a 16:00 ht 7.0 ;09:00 ;16:00 ;15 ;0 ;07:00 ;0 ;7:00;;;0
5056 ;3076 ;TT 3076;De 17:00 a 23:00 ht 6 ;17:00 ;23:00 ;15 ;0 ;06:00 ;0 ;6:00;;;0
5057 ;3077 ;TT 3077;De 17:00 a 00:00 ht 7 ;17:00 ;00:00 ;15 ;0 ;07:00 ;0 ;7:00;;;0
5058 ;3078 ;TT 3078;De 11:00 a 18:00 ht 7.0 ;11:00 ;18:00 ;15 ;0 ;07:00 ;0 ;7:00;;;0
5059 ;3079 ;TT 3079;De 14:00 a 00:00 ht 10 ;14:00 ;00:00 ;15 ;0 ;10:00 ;0 ;10:00;;;0
5060 ;3080 ;TT 3080;De 12:30 a 21:30 ht 9.0 ;12:30 ;21:30 ;15 ;0 ;09:00 ;60 ;8:00;02:30 ;03:30 ;1
5061 ;3081 ;TT 3081;De 10:15 a 19:15 ht 9.0 ;10:15 ;19:15 ;15 ;0 ;09:00 ;60 ;8:00;02:00 ;03:00 ;1
5062 ;3082 ;TT 3082;De 09:00 a 16:30 ht 7.5 ;09:00 ;16:30 ;15 ;0 ;07:30 ;60 ;6:30;01:00 ;02:00 ;1
5063 ;3083 ;TT 3083;De 09:30 a 20:30 ht 10 ;09:30 ;20:30 ;15 ;15 ;11:00 ;60 ;10:00;01:30 ;02:30 ;0
5064 ;3084 ;TT 3084;De 08:30 a 20:00 ht 10.5 ;08:30 ;20:00 ;15 ;15 ;11:30 ;60 ;10:30;12:30 ;13:30 ;0
5065 ;3085 ;TT 3085;De 06:30 a 18:00 ht 10.5 ;06:30 ;18:00 ;15 ;15 ;11:30 ;60 ;10:30;10:30 ;11:30 ;0
5066 ;3086 ;TT 3086;De 11:30 a 20:30 ht 9.0 ;11:30 ;20:30 ;15 ;0 ;09:00 ;60 ;8:00;03:00 ;04:00 ;1
5067 ;3087 ;TT 3087;De 09:30 a 13:30 ht 4.0 ;09:30 ;13:30 ;15 ;0 ;04:00 ;0 ;4:00;;;1
5068 ;3088 ;TT 3088;De 06:30 a 13:30 ht 7.0 ;06:30 ;13:30 ;15 ;0 ;07:00 ;0 ;7:00;;;0
5069 ;3089 ;TT 3089;De 07:30 a 15:00 ht 7.5 ;07:30 ;15:00 ;15 ;0 ;07:30 ;0 ;7:30;;;0
5070 ;3090 ;TT 3090;De 15:00 a 22:00 ht 7.0 ;15:00 ;22:00 ;15 ;0 ;07:00 ;0 ;7:00;;;0
5071 ;3091 ;TT 3091;De 08:30 a 15:30 ht 7.0 ;08:30 ;15:30 ;15 ;0 ;07:00 ;0 ;7:00;;;0
5072 ;3092 ;TT 3092;De 06:00 a 14:30 ht 8.5 ;06:00 ;14:30 ;15 ;0 ;08:30 ;0 ;8:30;;;0
5073 ;3093 ;TT 3093;De 15:00 a 00:00 ht 9.0 ;15:00 ;00:00 ;15 ;0 ;09:00 ;0 ;9:00;;;0
5074 ;3094 ;TT 3094;De 11:30 a 20:00 ht 8.5 ;11:30 ;20:00 ;30 ;0 ;08:30 ;0 ;8:30;;;1
5075 ;3095 ;TT 3095;De 13:00 a 20:00 ht 7.0 ;13:00 ;20:00 ;15 ;0 ;07:00 ;0 ;7:00;;;0
5076 ;3096 ;TT 3096;De 09:00 a 18:00 ht 9.0 ;09:00 ;18:00 ;15 ;0 ;09:00 ;0 ;9:00;;;0
5077 ;3097 ;TT 3097;De 08:00 a 14:30 ht 6.5 ;08:00 ;14:30 ;30 ;0 ;06:30 ;0 ;6:30;;;1
5078 ;3098 ;TT 3098;De 08:00 a 17:05 ht 9.1 ;08:00 ;17:05 ;15 ;0 ;09:05 ;60 ;8:05;;;1
5079 ;3099 ;TT 3099;De 11:00 a 19:00 ht 8.0 ;11:00 ;19:00 ;15 ;0 ;08:00 ;0 ;8:00;;;0
5080 ;3100 ;TT 3100;De 13:30 a 21:30 ht 8.0 ;13:30 ;21:30 ;15 ;0 ;08:00 ;0 ;8:00;;;0
5081 ;3101 ;TT 3101;De 11:30 a 21:00 ht 9.5 ;11:30 ;21:00 ;15 ;0 ;09:30 ;60 ;8:30;03:00 ;04:00 ;1
5082 ;3102 ;TT 3102;De 14:00 a 23:00 ht 9.0 ;14:00 ;23:00 ;15 ;0 ;09:00 ;60 ;8:00;03:30 ;04:30 ;1
5083 ;3103 ;TT 3103;De 06:00 a 13:30 ht 7.5 ;06:00 ;13:30 ;15 ;0 ;07:30 ;0 ;7:30;;;0
5084 ;3104 ;TT 3104;De 16:00 a 23:00 ht 7.0 ;16:00 ;23:00 ;15 ;0 ;07:00 ;0 ;7:00;;;0
5085 ;3105 ;TT 3105;De 15:30 a 00:00 ht 8.5 ;15:30 ;00:00 ;15 ;0 ;08:30 ;60 ;7:30;06:30 ;07:30 ;1
5086 ;3106 ;TT 3106;De 07:00 a 18:00 ht 10 ;07:00 ;18:00 ;15 ;15 ;11:00 ;60 ;10:00;11:00 ;12:00 ;0
5087 ;3107 ;TT 3107;De 16:00 a 22:00 ht 6.0 ;16:00 ;22:00 ;15 ;0 ;06:00 ;0 ;6:00;;;0
5088 ;3108 ;TT 3108;De 08:30 a 18:00 ht 9.5 ;08:30 ;18:00 ;0 ;0 ;09:30 ;0 ;9:30;;;0
5089 ;3109 ;TT 3109;De 07:30 a 15:30 ht 8.0 ;07:30 ;15:30 ;15 ;0 ;08:00 ;0 ;8:00;;;0
5090 ;3110 ;TT 3110;De 08:30 a 16:00 ht 7.5 ;08:30 ;16:00 ;15 ;0 ;07:30 ;0 ;7:30;;;0
5091 ;3111 ;TT 3111;De 10:30 a 21:30 ht 10 ;10:30 ;21:30 ;15 ;15 ;11:00 ;60 ;10:00;02:00 ;03:00 ;0
5092 ;3112 ;TT 3112;De 09:00 a 15:00 ht 6.0 ;09:00 ;15:00 ;15 ;0 ;06:00 ;60 ;5:00;01:00 ;02:00 ;1
5093 ;3113 ;TT 3113;De 10:30 a 16:30 ht 6.0 ;10:30 ;16:30 ;30 ;0 ;06:00 ;0 ;6:00;;;1
5094 ;3114 ;TT 3114;De 11:30 a 17:30 ht 6.0 ;11:30 ;17:30 ;30 ;0 ;06:00 ;0 ;6:00;;;1
5095 ;3115 ;TT 3115;De 09:30 a 16:00 ht 6.5 ;09:30 ;16:00 ;30 ;0 ;06:30 ;0 ;6:30;;;1
5096 ;3116 ;TT 3116;De 13:30 a 19:30 ht 6.0 ;13:30 ;19:30 ;30 ;0 ;06:00 ;0 ;6:00;;;1
5097 ;3117 ;TT 3117;De 17:00 a 00:00 ht 7.0 ;17:00 ;00:00 ;30 ;0 ;07:00 ;0 ;7:00;;;1
5098 ;3118 ;TT 3118;De 21:00 a 06:00 ht 9.0 ;21:00 ;06:00 ;15 ;0 ;09:00 ;60 ;8:00;02:00 ;03:00 ;1
5099 ;3119 ;TT 3119;De 08:00 a 11:00 ht 3.0 ;08:00 ;11:00 ;0 ;0 ;03:00 ;0 ;3:00;;;0
5100 ;3120 ;TT 3120;De 08:00 a 18:00 ht 9 ;08:00 ;18:00 ;0 ;0 ;10:00 ;60 ;9:00;12:00 ;13:00 ;0
5101 ;3121 ;TT 3121;De 10:30 a 18:00 ht 7.5 ;10:30 ;18:00 ;15 ;0 ;07:30 ;0 ;7:30;;;0
5102 ;3122 ;TT 3122;De 08:00 a 17:00 ht 9.0 ;08:00 ;17:00 ;0 ;0 ;09:00 ;0 ;9:00;;;0
5103 ;3123 ;TT 3123;De 15:00 a 00:00 ht 9.0 ;15:00 ;00:00 ;0 ;0 ;09:00 ;0 ;9:00;;;0
5104 ;3124 ;TT 3124;De 07:30 a 13:30 ht 6.0 ;07:30 ;13:30 ;30 ;0 ;06:00 ;0 ;6:00;;;1
5105 ;3125 ;TT 3125;De 12:00 a 19:30 ht 7.5 ;12:00 ;19:30 ;15 ;0 ;07:30 ;0 ;7:30;;;0
5106 ;3126 ;TT 3126;De 11:30 a 18:00 ht 6.5 ;11:30 ;18:00 ;15 ;0 ;06:30 ;0 ;6:30;;;0
5107 ;3127 ;TT 3127;De 07:00 a 13:00 ht 6.0 ;07:00 ;13:00 ;30 ;0 ;06:00 ;0 ;6:00;;;1
5108 ;3128 ;TT 3128;De 12:00 a 16:30 ht 4.5 ;12:00 ;16:30 ;15 ;0 ;04:30 ;0 ;4:30;;;1
5109 ;3129 ;TT 3129;De 10:30 a 15:30 ht 5 ;10:30 ;15:30 ;15 ;0 ;05:00 ;0 ;5:00;;;0
5110 ;3130 ;TT 3130;De 14:15 a 23:15 ht 9.0 ;14:15 ;23:15 ;15 ;0 ;09:00 ;60 ;8:00;03:30 ;04:30 ;1
5111 ;3131 ;TT 3131;De 12:30 a 20:30 ht 8.0 ;12:30 ;20:30 ;15 ;0 ;08:00 ;0 ;8:00;;;0
5112 ;3132 ;TT 3132;De 07:45 a 16:15 ht 8.5 ;07:45 ;16:15 ;15 ;0 ;08:30 ;60 ;7:30;01:00 ;02:00 ;1
5113 ;3133 ;TT 3133;De 09:30 a 17:00 ht 7.5 ;09:30 ;17:00 ;30 ;0 ;07:30 ;0 ;7:30;;;1
5114 ;3134 ;TT 3134;De 10:00 a 17:00 ht 7.0 ;10:00 ;17:00 ;15 ;0 ;07:00 ;0 ;7:00;;;0
5115 ;3135 ;TT 3135;De 11:30 a 19:30 ht 8.0 ;11:30 ;19:30 ;15 ;0 ;08:00 ;0 ;8:00;;;0
5116 ;3136 ;TT 3136;De 20:00 a 06:00 ht 10.0 ;20:00 ;06:00 ;0 ;0 ;10:00 ;0 ;10:00;;;0
5117 ;3137 ;TT 3137;De 08:00 a 15:30 ht 7.5 ;08:00 ;15:30 ;15 ;0 ;07:30 ;0 ;7:30;;;0
5118 ;3138 ;TT 3138;De 13:00 a 19:30 ht 6.5 ;13:00 ;19:30 ;15 ;0 ;06:30 ;0 ;6:30;;;0
5119 ;3139 ;TT 3139;De 13:00 a 20:30 ht 7.5 ;13:00 ;20:30 ;15 ;0 ;07:30 ;0 ;7:30;;;0
5120 ;3140 ;TT 3140;De 09:00 a 14:00 ht 5.0 ;09:00 ;14:00 ;20 ;0 ;05:00 ;0 ;5:00;;;0
5121 ;3141 ;TT 3141;De 07:00 a 13:00 ht 6.0 ;07:00 ;13:00 ;15 ;0 ;06:00 ;60 ;5:00;11:00 ;12:00 ;1
5122 ;3142 ;TT 3142;De 13:30 a 20:00 ht 6.5 ;13:30 ;20:00 ;15 ;0 ;06:30 ;0 ;6:30;;;0
5123 ;3143 ;TT 3143;De 07:30 a 13:30 ht 6.0 ;07:30 ;13:30 ;15 ;0 ;06:00 ;60 ;5:00;11:30 ;12:30 ;1
5124 ;3144 ;TT 3144;De 12:30 a 18:30 ht 6.0 ;12:30 ;18:30 ;15 ;0 ;06:00 ;60 ;5:00;02:30 ;03:30 ;1
5125 ;3145 ;TT 3145;De 14:30 a 22:00 ht 7.5 ;14:30 ;22:00 ;15 ;0 ;07:30 ;0 ;7:30;;;0
5126 ;3146 ;TT 3146;De 16:30 a 23:00 ht 6.5 ;16:30 ;23:00 ;15 ;0 ;06:30 ;0 ;6:30;;;0
5127 ;3147 ;TT 3147;De 17:30 a 00:00 ht 5.5 ;17:30 ;00:01 ;15 ;0 ;06:31 ;0 ;6:31;;;0
5128 ;3148 ;TT 3148;De 17:30 a 00:00 ;17:30 ;00:00 ;15 ;0 ;06:30 ;0 ;6:30;;;0
5129 ;3149 ;TT 3149;De 08:15 a 18:45 ht 10.5 ;08:15 ;18:45 ;15 ;0 ;10:30 ;60 ;9:30;01:00 ;02:00 ;0
5130 ;3150 ;TT 3150;De 06:00 a 12:00 ht 6.0 ;06:00 ;12:00 ;15 ;0 ;06:00 ;60 ;5:00;10:00 ;11:00 ;1
5131 ;3151 ;TT 3151;De 15:00 a 21:00 ht 6.0 ;15:00 ;21:00 ;15 ;0 ;06:00 ;60 ;5:00;;;1
5132 ;3152 ;TT 3152;De 09:00 a 00:00 ht 15.0 ;09:00 ;00:00 ;15 ;0 ;15:00 ;60 ;14:00;01:00 ;02:00 ;0
5133 ;3153 ;TT 3153;De 06:00 a 12:30 ht 6.5 ;06:00 ;12:30 ;30 ;0 ;06:30 ;0 ;6:30;;;1
5134 ;3154 ;TT 3154;De 08:00 a 13:00 ht 5.0 ;08:00 ;13:00 ;15 ;0 ;05:00 ;60 ;4:00;12:00 ;13:00 ;1
5135 ;3155 ;TT 3155;De 08:00 a 13:05 ht 5.1 ;08:00 ;13:05 ;20 ;0 ;05:05 ;0 ;5:05;;;0
5136 ;3156 ;TT 3156;De 08:00 a 13:30 ht 5.5 ;08:00 ;13:30 ;20 ;0 ;05:30 ;0 ;5:30;;;0
5137 ;3157 ;TT 3157;De 08:30 a 13:30 ht 5.0 ;08:30 ;13:30 ;20 ;0 ;05:00 ;0 ;5:00;;;0
5138 ;3158 ;TT 3158;De 08:30 a 14:00 ht 5.5 ;08:30 ;14:00 ;20 ;0 ;05:30 ;0 ;5:30;;;0
5139 ;3159 ;TT 3159;De 11:45 a 17:45 ht 6.0 ;11:45 ;17:45 ;15 ;0 ;06:00 ;0 ;6:00;;;0
5140 ;3160 ;TT 3160;De 13:00 a 18:00 ht 5.0 ;13:00 ;18:00 ;20 ;0 ;05:00 ;0 ;5:00;;;0
5141 ;3161 ;TT 3161;De 06:00 a 18:00 ht 12.0 ;06:00 ;18:00 ;15 ;0 ;12:00 ;60 ;11:00;10:00 ;11:00 ;0
5142 ;3162 ;TT 3162;De 14:00 a 21:30 ht 7.5 ;14:00 ;21:30 ;15 ;0 ;07:30 ;0 ;7:30;;;0
5143 ;3163 ;TT 3163;De 16:00 a 21:30 ht 5.5 ;16:00 ;21:30 ;20 ;0 ;05:30 ;0 ;5:30;;;0
5144 ;3164 ;TT 3164;De 02:00 a 08:00 ht 6.0 ;02:00 ;08:00 ;15 ;0 ;06:00 ;0 ;6:00;;;0
5145 ;3165 ;TT 3165;De 07:00 a 16:00 ht 9.0 ;07:00 ;16:00 ;0 ;0 ;09:00 ;0 ;9:00;;;0
5146 ;3166 ;TT 3166;De 10:00 a 19:00 ht 9.0 ;10:00 ;19:00 ;0 ;0 ;09:00 ;0 ;9:00;;;0
5147 ;3167 ;TT 3167;De 09:00 a 19:00 ht 10.0 ;09:00 ;19:00 ;0 ;0 ;10:00 ;0 ;10:00;;;0
5148 ;3168 ;TT 3168;De 15:00 a 23:00 ht 8.0 ;15:00 ;23:00 ;0 ;0 ;08:00 ;0 ;8:00;;;0
5149 ;3169 ;TT 3169;De 16:00 a 00:00 ht 8.0 ;16:00 ;00:00 ;15 ;0 ;08:00 ;60 ;7:00;08:00 ;09:00 ;1
5150 ;3170 ;TT 3170;De 06:00 a 14:00 ht 8.0 ;06:00 ;14:00 ;0 ;0 ;08:00 ;0 ;8:00;;;0
5151 ;3171 ;TT 3171;De 08:00 a 16:00 ht 8.0 ;08:00 ;16:00 ;0 ;0 ;08:00 ;0 ;8:00;;;0
5152 ;3172 ;TT 3172;De 09:00 a 18:00 ht 9.0 ;09:00 ;18:00 ;0 ;0 ;09:00 ;0 ;9:00;;;0
5153 ;3173 ;TT 3173;De 12:00 a 21:00 ht 9.0 ;12:00 ;21:00 ;0 ;0 ;09:00 ;0 ;9:00;;;0
5154 ;3174 ;TT 3174;De 16:00 a 00:00 ht 8.0 ;16:00 ;00:00 ;0 ;0 ;08:00 ;0 ;8:00;;;0
5155 ;3175 ;TT 3175;De 07:00 a 15:00 ht 8.0 ;07:00 ;15:00 ;0 ;0 ;08:00 ;0 ;8:00;;;0
5156 ;3176 ;TT 3176;De 07:30 a 16:30 ht 9.0 ;07:30 ;16:30 ;0 ;0 ;09:00 ;0 ;9:00;;;0
5157 ;3177 ;TT 3177;De 07:00 a 17:00 ht 9 ;07:00 ;17:00 ;15 ;15 ;10:00 ;60 ;9:00;11:00 ;12:00 ;0
5158 ;3178 ;TT 3178;De 07:30 a 18:00 ht 10.5 ;07:30 ;18:00 ;0 ;0 ;10:30 ;0 ;10:30;;;0
5159 ;3179 ;TT 3179;De 12:30 a 22:00 ht 8.5 ;12:30 ;22:00 ;15 ;15 ;09:30 ;60 ;8:30;02:30 ;03:30 ;1
5160 ;3180 ;TT 3180;De 06:00 a 15:30 ht 9.5 ;06:00 ;15:30 ;0 ;0 ;09:30 ;0 ;9:30;;;0
5161 ;3181 ;TT 3181;De 08:30 a 17:30 ht 9.0 ;08:30 ;17:30 ;0 ;0 ;09:00 ;0 ;9:00;;;0
5162 ;3182 ;TT 3182;De 09:00 a 15:00 ht 6.0 ;09:00 ;15:00 ;0 ;0 ;06:00 ;0 ;6:00;;;0
5163 ;3183 ;TT 3183;De 08:00 a 15:00 ht 7.0 ;08:00 ;15:00 ;0 ;0 ;07:00 ;0 ;7:00;;;0
5164 ;3184 ;TT 3184;De 07:30 a 15:30 ht 8.0 ;07:30 ;15:30 ;0 ;0 ;08:00 ;0 ;8:00;;;0
5165 ;3185 ;TT 3185;De 09:30 a 16:30 ht 7.0 ;09:30 ;16:30 ;15 ;0 ;07:00 ;0 ;7:00;;;0
5166 ;3186 ;TT 3186;De 12:00 a 19:00 ht 7.0 ;12:00 ;19:00 ;0 ;0 ;07:00 ;0 ;7:00;;;0
5167 ;3187 ;TT 3187;De 12:30 a 21:00 ht 8.5 ;12:30 ;21:00 ;0 ;0 ;08:30 ;0 ;8:30;;;0
5168 ;3188 ;TT 3188;De 06:00 a 12:00 ht 6.0 ;06:00 ;12:00 ;0 ;0 ;06:00 ;0 ;6:00;;;0
5169 ;3189 ;TT 3189;De 10:00 a 18:00 ht 8.0 ;10:00 ;18:00 ;0 ;0 ;08:00 ;0 ;8:00;;;0
5170 ;3190 ;TT 3190;De 12:15 a 18:15 ht 6.0 ;12:15 ;18:15 ;30 ;0 ;06:00 ;0 ;6:00;;;1
5171 ;3191 ;TT 3191;De 21:00 a 03:00 ht 6.0 ;21:00 ;03:00 ;30 ;0 ;06:00 ;0 ;6:00;;;1
5172 ;3192 ;TT 3192;De 14:30 a 00:00 ht 9.5 ;14:30 ;00:00 ;15 ;0 ;09:30 ;60 ;8:30;04:00 ;05:00 ;1
5173 ;3193 ;TT 3193;De 14:00 a 21:00 ht 7.0 ;14:00 ;21:00 ;15 ;0 ;07:00 ;0 ;7:00;;;0
5174 ;3194 ;TT 3194;De 14:00 a 22:00 ht 8.0 ;14:00 ;22:00 ;0 ;0 ;08:00 ;0 ;8:00;;;0
5175 ;3195 ;TT 3195;De 13:00 a 19:30 ht 6.5 ;13:00 ;19:30 ;30 ;0 ;06:30 ;0 ;6:30;;;1
5176 ;3196 ;TT 3196;De 14:00 a 19:00 ht 5.0 ;14:00 ;19:00 ;20 ;0 ;05:00 ;0 ;5:00;;;0
5177 ;3197 ;TT 3197;De 08:00 a 17:30 ht 9.5 ;08:00 ;17:30 ;20 ;0 ;09:30 ;0 ;9:30;;;0
5178 ;3198 ;TT 3198;De 07:00 a 13:30 ht 6.5 ;07:00 ;13:30 ;15 ;0 ;06:30 ;0 ;6:30;;;0
5179 ;3199 ;TT 3199;De 15:00 a 21:30 ht 6.5 ;15:00 ;21:30 ;30 ;0 ;06:30 ;0 ;6:30;;;1
5180 ;3200 ;TT 3200;De 08:00 a 16:30 ht 8.5 ;08:00 ;16:30 ;20 ;0 ;08:30 ;0 ;8:30;;;0
5181 ;3201 ;TT 3201;De 12:30 a 18:30 ht 6.0 ;12:30 ;18:30 ;30 ;0 ;06:00 ;0 ;6:00;;;1
5182 ;3202 ;TT 3202;De 10:30 a 17:30 ht 7.0 ;10:30 ;17:30 ;15 ;0 ;07:00 ;60 ;6:00;02:00 ;03:00 ;1
5183 ;3203 ;TT 3203;De 10:30 a 18:00 ht 7.5 ;10:30 ;18:00 ;15 ;0 ;07:30 ;60 ;6:30;02:00 ;03:00 ;1
5184 ;3204 ;TT 3204;De 11:00 a 18:00 ht 7.0 ;11:00 ;18:00 ;15 ;0 ;07:00 ;60 ;6:00;03:00 ;04:00 ;1
5185 ;3205 ;TT 3205;De 10:00 a 17:30 ht 7.5 ;10:00 ;17:30 ;15 ;0 ;07:30 ;60 ;6:30;02:00 ;03:00 ;1
5186 ;3206 ;TT 3206;De 07:00 a 14:30 ht 7.5 ;07:00 ;14:30 ;15 ;0 ;07:30 ;0 ;7:30;;;0
5187 ;3207 ;TT 3207;De 14:00 a 22:00 ht 8.0 ;14:00 ;22:00 ;15 ;0 ;08:00 ;60 ;7:00;04:00 ;05:00 ;1
5188 ;3208 ;TT 3208;De 05:30 a 16:00 ht 10.5 ;05:30 ;16:00 ;15 ;0 ;10:30 ;60 ;9:30;11:00 ;12:00 ;0
5189 ;3209 ;TT 3209;De 17:30 a 00:00 ht 6.5 ;17:30 ;00:00 ;30 ;0 ;06:30 ;0 ;6:30;;;1
5190 ;3210 ;TT 3210;De 15:30 a 21:30 ht 6.0 ;15:30 ;21:30 ;15 ;0 ;06:00 ;0 ;6:00;;;0
5191 ;3211 ;TT 3211;De 16:30 a 00:00 ht 7.5 ;16:30 ;00:00 ;15 ;0 ;07:30 ;0 ;7:30;;;0
5192 ;3212 ;TT 3212;De 06:30 a 13:00 ht 6.5 ;06:30 ;13:00 ;15 ;0 ;06:30 ;0 ;6:30;;;0
5193 ;3213 ;TT 3213;De 09:00 a 17:00 ht 8.0 ;09:00 ;17:00 ;35 ;0 ;08:00 ;0 ;8:00;;;1
5194 ;3214 ;TT 3214;De 12:00 a 17:00 ht 5.0 ;12:00 ;17:00 ;20 ;0 ;05:00 ;0 ;5:00;;;0
5195 ;3215 ;TT 3215;De 16:30 a 23:00 ht 6.5 ;16:30 ;23:00 ;30 ;0 ;06:30 ;0 ;6:30;;;1
5196 ;3216 ;TT 3216;De 15:30 a 23:30 ht 8.0 ;15:30 ;23:30 ;15 ;0 ;08:00 ;0 ;8:00;;;0
5197 ;3217 ;TT 3217;De 14:30 a 21:00 ht 6.5 ;14:30 ;21:00 ;15 ;0 ;06:30 ;0 ;6:30;;;0
5198 ;3218 ;TT 3218;De 06:30 a 14:30 ht 8.0 ;06:30 ;14:30 ;0 ;0 ;08:00 ;0 ;8:00;;;0
5199 ;3219 ;TT 3219;De 08:30 a 16:30 ht 8.0 ;08:30 ;16:30 ;0 ;0 ;08:00 ;0 ;8:00;;;0
5200 ;3220 ;TT 3220;De 09:00 a 17:00 ht 8.0 ;09:00 ;17:00 ;0 ;0 ;08:00 ;0 ;8:00;;;0
5201 ;3221 ;TT 3221;De 14:30 a 21:30 ht 7.0 ;14:30 ;21:30 ;15 ;0 ;07:00 ;0 ;7:00;;;0
5202 ;3222 ;TT 3222;De 09:00 a 15:30 ht 6.5 ;09:00 ;15:30 ;15 ;0 ;06:30 ;0 ;6:30;;;0
5203 ;3223 ;TT 3223;De 11:00 a 17:30 ht 6.5 ;11:00 ;17:30 ;15 ;0 ;06:30 ;0 ;6:30;;;0
5204 ;3224 ;TT 3224;De 11:00 a 19:00 ht 8.0 ;11:00 ;19:00 ;0 ;0 ;08:00 ;0 ;8:00;;;0
5205 ;3225 ;TT 3225;De 13:00 a 21:00 ht 8.0 ;13:00 ;21:00 ;0 ;0 ;08:00 ;0 ;8:00;;;0
5206 ;3226 ;TT 3226;De 13:30 a 21:30 ht 8.0 ;13:30 ;21:30 ;0 ;0 ;08:00 ;0 ;8:00;;;0
5207 ;3227 ;TT 3227;De 15:30 a 23:00 ht 7.5 ;15:30 ;23:00 ;0 ;0 ;07:30 ;0 ;7:30;;;0
5208 ;3228 ;TT 3228;De 16:30 a 00:00 ht 7.5 ;16:30 ;00:00 ;0 ;0 ;07:30 ;0 ;7:30;;;0
5209 ;3230 ;TT 3230;De 10:00 a 16:30 ht 6.5 ;10:00 ;16:30 ;15 ;0 ;06:30 ;0 ;6:30;;;0
5210 ;3231 ;TT 3231;De 13:00 a 22:00 ht 9.0 ;13:00 ;22:00 ;0 ;0 ;09:00 ;0 ;9:00;;;0
5211 ;3232 ;TT 3232;De 10:00 a 17:30 ht 7.5 ;10:00 ;17:30 ;15 ;0 ;07:30 ;0 ;7:30;;;0
5212 ;3233 ;TT 3233;De 14:00 a 20:30 ht 6.5 ;14:00 ;20:30 ;30 ;0 ;06:30 ;0 ;6:30;;;1
5213 ;3234 ;TT 3234;De 15:30 a 22:00 ht 6.5 ;15:30 ;22:00 ;15 ;0 ;06:30 ;0 ;6:30;;;0
5214 ;3235 ;TT 3235;De 14:45 a 22:15 ht 7.5 ;14:45 ;22:15 ;15 ;0 ;07:30 ;0 ;7:30;;;0
5215 ;3236 ;TT 3236;De 13:00 a 21:00 ht 8.0 ;13:00 ;21:00 ;15 ;0 ;08:00 ;60 ;7:00;04:00 ;05:00 ;1
5216 ;3237 ;TT 3237;De 07:30 a 17:00 ht 9.5 ;07:30 ;17:00 ;15 ;0 ;09:30 ;0 ;9:30;;;0
5217 ;3238 ;TT 3238;De 08:00 a 14:00 ht 6.0 ;08:00 ;14:00 ;15 ;0 ;06:00 ;60 ;5:00;12:00 ;13:00 ;1
5218 ;3239 ;TT 3239;De 12:30 a 19:00 ht 6.5 ;12:30 ;19:00 ;15 ;0 ;06:30 ;0 ;6:30;;;0
5219 ;3240 ;TT 3240;De 19:00 a 06:00 ht 11.0 ;19:00 ;06:00 ;0 ;0 ;11:00 ;0 ;11:00;;;0
5220 ;3241 ;TT 3241;De 10:00 a 19:30 ht 9.5 ;10:00 ;19:30 ;30 ;0 ;09:30 ;60 ;8:30;02:00 ;03:00 ;1
5221 ;3242 ;TT 3242;De 06:00 a 11:00 ht 5.0 ;06:00 ;11:00 ;20 ;0 ;05:00 ;0 ;5:00;;;0
5222 ;3243 ;TT 3243;De 07:15 a 15:15 ht 8.0 ;07:15 ;15:15 ;15 ;0 ;08:00 ;0 ;8:00;;;0
5223 ;3244 ;TT 3244;De 13:30 a 20:30 ht 7.0 ;13:30 ;20:30 ;15 ;0 ;07:00 ;0 ;7:00;;;0
5224 ;3245 ;TT 3245;De 10:30 a 17:00 ht 6.5 ;10:30 ;17:00 ;15 ;0 ;06:30 ;0 ;6:30;;;0
5225 ;3246 ;TT 3246;De 08:30 a 19:30 ht 10 ;08:30 ;19:30 ;15 ;15 ;11:00 ;60 ;10:00;12:30 ;13:30 ;0
5226 ;3247 ;TT 3247;De 11:00 a 20:00 ht 9.0 ;11:00 ;20:00 ;15 ;0 ;09:00 ;0 ;9:00;;;0
5227 ;3248 ;TT 3248;De 14:00 a 23:00 ht 9.0 ;14:00 ;23:00 ;0 ;0 ;09:00 ;0 ;9:00;;;0
5228 ;3249 ;TT 3249;De 07:30 a 13:30 ht 6.0 ;07:30 ;13:30 ;0 ;0 ;06:00 ;0 ;6:00;;;0
5229 ;3250 ;TT 3250;De 09:00 a 14:30 ht 5.5 ;09:00 ;14:30 ;30 ;0 ;05:30 ;0 ;5:30;;;1
5230 ;3251 ;TT 3251;De 10:00 a 15:00 ht 5.0 ;10:00 ;15:00 ;20 ;0 ;05:00 ;0 ;5:00;;;0
5231 ;3252 ;TT 3252;De 10:00 a 15:30 ht 5.5 ;10:00 ;15:30 ;20 ;0 ;05:30 ;0 ;5:30;;;0
5232 ;3253 ;TT 3253;De 11:00 a 16:00 ht 5.0 ;11:00 ;16:00 ;20 ;0 ;05:00 ;0 ;5:00;;;0
5233 ;3254 ;TT 3254;De 10:30 a 18:30 ht 8.0 ;10:30 ;18:30 ;15 ;0 ;08:00 ;0 ;8:00;;;0
5234 ;3255 ;TT 3255;De 13:00 a 22:00 ht 9.0 ;13:00 ;22:00 ;15 ;0 ;09:00 ;0 ;9:00;;;0
5235 ;3256 ;TT 3256;De 12:30 a 22:00 ht 9.5 ;12:30 ;22:00 ;0 ;0 ;09:30 ;0 ;9:30;;;0
5236 ;3257 ;TT 3257;De 10:00 a 16:00 ht 6.0 ;10:00 ;16:00 ;15 ;0 ;06:00 ;60 ;5:00;02:00 ;03:00 ;1
5237 ;3258 ;TT 3258;De 08:00 a 17:00 ht 9.0 ;08:00 ;17:00 ;15 ;0 ;09:00 ;0 ;9:00;;;0
5238 ;3259 ;TT 3259;De 09:30 a 16:00 ht 6.5 ;09:30 ;16:00 ;15 ;0 ;06:30 ;0 ;6:30;;;0
5239 ;3260 ;TT 3260;De 06:00 a 15:00 ht 9.0 ;06:00 ;15:00 ;15 ;0 ;09:00 ;0 ;9:00;;;0
5240 ;3261 ;TT 3261;De 16:00 a 01:00 ht 9.0 ;16:00 ;01:00 ;15 ;0 ;09:00 ;60 ;8:00;08:00 ;09:00 ;1
5241 ;3262 ;TT 3262;De 10:30 a 18:00 ht 7.5 ;10:30 ;18:00 ;30 ;0 ;07:30 ;0 ;7:30;;;1
5242 ;3263 ;TT 3263;De 12:00 a 18:30 ht 6.5 ;12:00 ;18:30 ;30 ;0 ;06:30 ;0 ;6:30;;;1
5243 ;3264 ;TT 3264;De 07:45 a 18:00 ht 09.15 ;07:45 ;18:00 ;15 ;15 ;10:15 ;60 ;9:15;01:00 ;02:00 ;0
5244 ;3265 ;TT 3265;De 07:45 a 17:00 ht 8.15 ;07:45 ;17:00 ;15 ;15 ;09:15 ;60 ;8:15;01:00 ;02:00 ;1
5245 ;3266 ;TT 3266;De 07:45 a 13:45 ht 6 ;07:45 ;13:45 ;15 ;0 ;06:00 ;0 ;6:00;;;0
5246 ;3267 ;TT 3267;De 08:45 a 18:00 ht 8.15 ;08:45 ;18:00 ;15 ;15 ;09:15 ;60 ;8:15;;;1
5247 ;3268 ;TT 3268;De 06:00 a 13:30 ht 7.5 ;06:00 ;13:30 ;0 ;0 ;07:30 ;0 ;7:30;;;0
5248 ;3269 ;TT 3269;De 06:30 a 13:30 ht 7.0 ;06:30 ;13:30 ;0 ;0 ;07:00 ;0 ;7:00;;;0
5249 ;3270 ;TT 3270;De 07:30 a 14:30 ht 7.0 ;07:30 ;14:30 ;0 ;0 ;07:00 ;0 ;7:00;;;0
5250 ;3271 ;TT 3271;De 08:30 a 15:00 ht 6.5 ;08:30 ;15:00 ;0 ;0 ;06:30 ;0 ;6:30;;;0
5251 ;3272 ;TT 3272;De 13:00 a 20:00 ht 7.0 ;13:00 ;20:00 ;0 ;0 ;07:00 ;0 ;7:00;;;0
5252 ;3273 ;TT 3273;De 15:00 a 21:30 ht 6.5 ;15:00 ;21:30 ;0 ;0 ;06:30 ;0 ;6:30;;;0
5253 ;3274 ;TT 3274;De 15:30 a 22:00 ht 6.5 ;15:30 ;22:00 ;0 ;0 ;06:30 ;0 ;6:30;;;0
5254 ;3275 ;TT 3275;De 16:30 a 23:00 ht 6.5 ;16:30 ;23:00 ;0 ;0 ;06:30 ;0 ;6:30;;;0
5255 ;3276 ;TT 3276;De 17:00 a 23:00 ht 6.0 ;17:00 ;23:00 ;0 ;0 ;06:00 ;0 ;6:00;;;0
5256 ;3277 ;TT 3277;De 18:00 a 00:00 ht 6.0 ;18:00 ;00:00 ;0 ;0 ;06:00 ;0 ;6:00;;;0
5257 ;3278 ;TT 3278;De 17:30 a 23:30 ht 6.0 ;17:30 ;23:30 ;30 ;0 ;06:00 ;0 ;6:00;;;1
5258 ;3279 ;TT 3279;De 11:00 a 16:30 ht 5.5 ;11:00 ;16:30 ;20 ;0 ;05:30 ;0 ;5:30;;;0
5259 ;3280 ;TT 3280;De 00:00 a 06:00 ht 6.0 ;00:00 ;06:00 ;30 ;0 ;06:00 ;0 ;6:00;;;1
5260 ;3281 ;TT 3281;De 07:00 a 13:00 ht 6.0 ;07:00 ;13:00 ;0 ;0 ;06:00 ;0 ;6:00;;;0
5261 ;3282 ;TT 3282;De 07:00 a 13:30 ht 6.5 ;07:00 ;13:30 ;0 ;0 ;06:30 ;0 ;6:30;;;0
5262 ;3283 ;TT 3283;De 13:00 a 19:30 ht 6.5 ;13:00 ;19:30 ;0 ;0 ;06:30 ;0 ;6:30;;;0
5263 ;3284 ;TT 3284;De 14:00 a 20:00 ht 6.0 ;14:00 ;20:00 ;0 ;0 ;06:00 ;0 ;6:00;;;0
5264 ;3285 ;TT 3285;De 10:00 a 16:30 ht 6.5 ;10:00 ;16:30 ;0 ;0 ;06:30 ;0 ;6:30;;;0
5265 ;3286 ;TT 3286;De 13:00 a 19:00 ht 6.0 ;13:00 ;19:00 ;0 ;0 ;06:00 ;0 ;6:00;;;0
5266 ;3287 ;TT 3287;De 12:00 a 22:00 ht 10.0 ;12:00 ;22:00 ;15 ;0 ;10:00 ;0 ;10:00;;;0
5267 ;3288 ;TT 3288;De 14:00 a 00:00 ht 10.0 ;14:00 ;00:00 ;0 ;0 ;10:00 ;0 ;10:00;;;0
5268 ;3289 ;TT 3289;De 06:00 a 17:00 ht 10 ;06:00 ;17:00 ;0 ;0 ;11:00 ;60 ;10:00;10:00 ;11:00 ;0
5269 ;3290 ;TT 3290;De 08:30 a 12:30 ht 4.0 ;08:30 ;12:30 ;15 ;0 ;04:00 ;0 ;4:00;;;1
5270 ;3291 ;TT 3291;De 10:00 a 14:00 ht 4.0 ;10:00 ;14:00 ;0 ;0 ;04:00 ;0 ;4:00;;;0
5271 ;3292 ;TT 3292;De 07:30 a 14:00 ht 6.5 ;07:30 ;14:00 ;30 ;0 ;06:30 ;0 ;6:30;;;1
5272 ;3293 ;TT 3293;De 14:00 a 20:30 ht 6.5 ;14:00 ;20:30 ;15 ;0 ;06:30 ;0 ;6:30;;;0
5273 ;3294 ;TT 3294;De 06:00 a 17:00 ht 10 ;06:00 ;17:00 ;15 ;15 ;11:00 ;60 ;10:00;10:00 ;11:00 ;0
5274 ;3295 ;TT 3295;De 11:30 a 18:00 ht 6.5 ;11:30 ;18:00 ;30 ;0 ;06:30 ;0 ;6:30;;;1
5275 ;3296 ;TT 3296;De 16:00 a 21:00 ht 5.0 ;16:00 ;21:00 ;20 ;0 ;05:00 ;0 ;5:00;;;0
5276 ;3297 ;TT 3297;De 07:00 a 16:00 ht 9.0 ;07:00 ;16:00 ;15 ;0 ;09:00 ;0 ;9:00;;;0
5277 ;3298 ;TT 3298;De 09:00 a 16:30 ht 7.5 ;09:00 ;16:30 ;15 ;0 ;07:30 ;0 ;7:30;;;0
5278 ;3299 ;TT 3299;De 11:30 a 19:00 ht 7.5 ;11:30 ;19:00 ;30 ;0 ;07:30 ;0 ;7:30;;;1
5279 ;3300 ;TT 3300;De 18:00 a 23:30 ht 5.5 ;18:00 ;23:30 ;20 ;0 ;05:30 ;0 ;5:30;;;0
5280 ;3301 ;TT 3301;De 09:00 a 16:00 ht 7.0 ;09:00 ;16:00 ;15 ;0 ;07:00 ;60 ;6:00;01:00 ;02:00 ;1
5281 ;3302 ;TT 3302;De 06:15 a 12:15 ht 6.0 ;06:15 ;12:15 ;30 ;0 ;06:00 ;0 ;6:00;;;1
5282 ;3303 ;TT 3303;De 07:00 a 12:30 ht 5.5 ;07:00 ;12:30 ;20 ;0 ;05:30 ;0 ;5:30;;;0
5283 ;3304 ;TT 3304;De 06:30 a 13:00 ht 6.5 ;06:30 ;13:00 ;0 ;0 ;06:30 ;0 ;6:30;;;0
5284 ;3305 ;TT 3305;De 12:00 a 18:00 ht 6.0 ;12:00 ;18:00 ;0 ;0 ;06:00 ;0 ;6:00;;;0
5285 ;3306 ;TT 3306;De 12:30 a 18:30 ht 6.0 ;12:30 ;18:30 ;0 ;0 ;06:00 ;0 ;6:00;;;0
5286 ;3307 ;TT 3307;De 09:00 a 20:00 ht 10 ;09:00 ;20:00 ;15 ;15 ;11:00 ;60 ;10:00;01:00 ;02:00 ;0
5287 ;3308 ;TT 3308;De 10:30 a 21:30 ht 10 ;10:30 ;21:30 ;15 ;15 ;11:00 ;60 ;10:00;02:00 ;03:00 ;0
5288 ;3309 ;TT 3309;De 13:00 a 21:30 ht 8.5 ;13:00 ;21:30 ;0 ;0 ;08:30 ;0 ;8:30;;;0
5289 ;3310 ;TT 3310;De 11:00 a 22:00 ht 10 ;11:00 ;22:00 ;15 ;15 ;11:00 ;60 ;10:00;03:00 ;04:00 ;0
5290 ;3311 ;TT 3311;De 10:00 a 21:00 ht 10 ;10:00 ;21:00 ;15 ;15 ;11:00 ;60 ;10:00;02:00 ;03:00 ;0
5291 ;3312 ;TT 3312;De 07:30 a 15:00 ht 7.5 ;07:30 ;15:00 ;0 ;0 ;07:30 ;0 ;7:30;;;0
5292 ;3313 ;TT 3313;De 09:00 a 15:30 ht 6.5 ;09:00 ;15:30 ;0 ;0 ;06:30 ;0 ;6:30;;;0
5293 ;3314 ;TT 3314;De 10:00 a 16:00 ht 6.0 ;10:00 ;16:00 ;0 ;0 ;06:00 ;0 ;6:00;;;0
5294 ;3315 ;TT 3315;De 11:00 a 17:00 ht 6.0 ;11:00 ;17:00 ;15 ;0 ;06:00 ;60 ;5:00;03:00 ;04:00 ;1
5295 ;3316 ;TT 3316;De 08:00 a 19:00 ht 10 ;08:00 ;19:00 ;15 ;15 ;11:00 ;60 ;10:00;12:00 ;13:00 ;0
5296 ;3317 ;TT 3317;De 09:45 a 16:45 ht 7.0 ;09:45 ;16:45 ;15 ;0 ;07:00 ;0 ;7:00;;;0
5297 ;3318 ;TT 3318;De 11:00 a 21:00 ht 10.0 ;11:00 ;21:00 ;0 ;0 ;10:00 ;0 ;10:00;;;0
5298 ;3319 ;TT 3319;De 09:30 a 19:30 ht 10.0 ;09:30 ;19:30 ;0 ;0 ;10:00 ;0 ;10:00;;;0
5299 ;3320 ;TT 3320;De 09:30 a 19:00 ht 9.5 ;09:30 ;19:00 ;0 ;0 ;09:30 ;0 ;9:30;;;0
5300 ;3321 ;TT 3321;De 10:00 a 14:30 ht 4.5 ;10:00 ;14:30 ;15 ;0 ;04:30 ;0 ;4:30;;;1
5301 ;3322 ;TT 3322;De 11:00 a 20:00 ht 9.0 ;11:00 ;20:00 ;0 ;0 ;09:00 ;0 ;9:00;;;0
5302 ;3323 ;TT 3323;De 10:30 a 20:00 ht 9.5 ;10:30 ;20:00 ;0 ;0 ;09:30 ;0 ;9:30;;;0
5303 ;3324 ;TT 3324;De 04:00 a 10:00 ht 6.0 ;04:00 ;10:00 ;30 ;0 ;06:00 ;0 ;6:00;;;1
5304 ;3325 ;TT 3325;De 12:00 a 18:00 ht 6.0 ;12:00 ;18:00 ;15 ;0 ;06:00 ;60 ;5:00;02:30 ;03:30 ;1
5305 ;3326 ;TT 3326;De 13:00 a 19:00 ht 6.0 ;13:00 ;19:00 ;15 ;0 ;06:00 ;60 ;5:00;04:00 ;05:00 ;1
5306 ;3327 ;TT 3327;De 09:30 a 18:30 ht 9.0 ;09:30 ;18:30 ;0 ;0 ;09:00 ;0 ;9:00;;;0
5307 ;3328 ;TT 3328;De 06:30 a 17:00 ht 10.5 ;06:30 ;17:00 ;0 ;0 ;10:30 ;0 ;10:30;;;0
5308 ;3329 ;TT 3329;De 09:00 a 19:30 ht 10.5 ;09:00 ;19:30 ;0 ;0 ;10:30 ;0 ;10:30;;;0
5309 ;3330 ;TT 3330;De 09:30 a 20:00 ht 10.5 ;09:30 ;20:00 ;0 ;0 ;10:30 ;0 ;10:30;;;0
5310 ;3331 ;TT 3331;De 08:30 a 14:30 ht 6.0 ;08:30 ;14:30 ;0 ;0 ;06:00 ;0 ;6:00;;;0
5311 ;3332 ;TT 3332;De 12:30 a 20:00 ht 7.5 ;12:30 ;20:00 ;30 ;0 ;07:30 ;0 ;7:30;;;1
5312 ;3333 ;TT 3333;De 15:30 a 23:00 ht 7.5 ;15:30 ;23:00 ;15 ;0 ;07:30 ;0 ;7:30;;;0
5313 ;3334 ;TT 3334;De 10:00 a 19:00 ht 9.0 ;10:00 ;19:00 ;15 ;0 ;09:00 ;0 ;9:00;;;0
5314 ;3335 ;TT 3335;De 07:00 a 18:00 ht 10 ;07:00 ;18:00 ;15 ;15 ;11:00 ;60 ;10:00;11:00 ;12:00 ;0
5315 ;3336 ;TT 3336;De 14:30 a 23:00 ht 8.5 ;14:30 ;23:00 ;15 ;0 ;08:30 ;0 ;8:30;;;0
5316 ;3337 ;TT 3337;De 14:30 a 21:30 ht 7.0 ;14:30 ;21:30 ;0 ;0 ;07:00 ;0 ;7:00;;;0
5317 ;3338 ;TT 3338;De 11:30 a 20:00 ht 8.5 ;11:30 ;20:00 ;15 ;0 ;08:30 ;0 ;8:30;;;0
5318 ;3339 ;TT 3339;De 09:30 a 17:00 ht 7.5 ;09:30 ;17:00 ;15 ;0 ;07:30 ;0 ;7:30;;;0
5319 ;3340 ;TT 3340;De 12:30 a 21:30 ht 9.0 ;12:30 ;21:30 ;0 ;0 ;09:00 ;0 ;9:00;;;0
5320 ;3341 ;TT 3341;De 06:30 a 16:30 ht 10.0 ;06:30 ;16:30 ;0 ;0 ;10:00 ;0 ;10:00;;;0
5321 ;3342 ;TT 3342;De 09:30 a 20:30 ht 10 ;09:30 ;20:30 ;15 ;15 ;11:00 ;60 ;10:00;01:30 ;02:30 ;0
5322 ;3343 ;TT 3343;De 06:30 a 13:00 ht 6.5 ;06:30 ;13:00 ;30 ;0 ;06:30 ;0 ;6:30;;;1
5323 ;3344 ;TT 3344;De 09:00 a 16:00 ht 7.0 ;09:00 ;16:00 ;0 ;0 ;07:00 ;0 ;7:00;;;0
5324 ;3345 ;TT 3345;De 07:30 a 18:30 ht 10 ;07:30 ;18:30 ;15 ;15 ;11:00 ;60 ;10:00;11:30 ;12:30 ;0
5325 ;3346 ;TT 3346;De 09:30 a 16:00 ht 6.5 ;09:30 ;16:00 ;0 ;0 ;06:30 ;0 ;6:30;;;0
5326 ;3347 ;TT 3347;De 12:30 a 19:00 ht 6.5 ;12:30 ;19:00 ;0 ;0 ;06:30 ;0 ;6:30;;;0
5327 ;3348 ;TT 3348;De 07:00 a 14:00 ht 7.0 ;07:00 ;14:00 ;0 ;0 ;07:00 ;0 ;7:00;;;0
5328 ;3349 ;TT 3349;De 08:00 a 14:30 ht 6.5 ;08:00 ;14:30 ;0 ;0 ;06:30 ;0 ;6:30;;;0
5329 ;3350 ;TT 3350;De 09:00 a 18:30 ht 9.5 ;09:00 ;18:30 ;0 ;0 ;09:30 ;0 ;9:30;;;0
5330 ;3351 ;TT 3351;De 06:00 a 12:30 ht 6.5 ;06:00 ;12:30 ;0 ;0 ;06:30 ;0 ;6:30;;;0
5331 ;3352 ;TT 3352;De 12:00 a 19:30 ht 7.5 ;12:00 ;19:30 ;0 ;0 ;07:30 ;0 ;7:30;;;0
5332 ;3353 ;TT 3353;De 12:30 a 19:30 ht 7.0 ;12:30 ;19:30 ;0 ;0 ;07:00 ;0 ;7:00;;;0
5333 ;3354 ;TT 3354;De 13:30 a 19:30 ht 6.0 ;13:30 ;19:30 ;0 ;0 ;06:00 ;0 ;6:00;;;0
5334 ;3355 ;TT 3355;De 05:30 a 15:30 ht 10.0 ;05:30 ;15:30 ;15 ;0 ;10:00 ;60 ;9:00;11:00 ;12:00 ;0
5335 ;3356 ;TT 3356;De 07:30 a 17:30 ht 10.0 ;07:30 ;17:30 ;0 ;0 ;10:00 ;0 ;10:00;;;0
5336 ;3357 ;TT 3357;De 05:30 a 13:30 ht 8.0 ;05:30 ;13:30 ;15 ;0 ;08:00 ;0 ;8:00;;;0
5337 ;3358 ;TT 3358;De 05:30 a 15:00 ht 9.5 ;05:30 ;15:00 ;15 ;0 ;09:30 ;60 ;8:30;11:00 ;12:00 ;1
5338 ;3359 ;TT 3359;De 07:30 a 14:00 ht 6.5 ;07:30 ;14:00 ;0 ;0 ;06:30 ;0 ;6:30;;;0
5339 ;3360 ;TT 3360;De 08:30 a 16:00 ht 7.5 ;08:30 ;16:00 ;0 ;0 ;07:30 ;0 ;7:30;;;0
5340 ;3361 ;TT 3361;De 12:30 a 20:00 ht 7.5 ;12:30 ;20:00 ;0 ;0 ;07:30 ;0 ;7:30;;;0
5341 ;3362 ;TT 3362;De 14:30 a 21:00 ht 6.5 ;14:30 ;21:00 ;0 ;0 ;06:30 ;0 ;6:30;;;0
5342 ;3363 ;TT 3363;De 15:30 a 21:30 ht 6.0 ;15:30 ;21:30 ;0 ;0 ;06:00 ;0 ;6:00;;;0
5343 ;3364 ;TT 3364;De 07:00 a 17:00 ht 9 ;07:00 ;17:00 ;30 ;0 ;10:00 ;60 ;9:00;11:00 ;12:00 ;0
5344 ;3365 ;TT 3365;De 07:30 a 17:00 ht 9.5 ;07:30 ;17:00 ;0 ;0 ;09:30 ;0 ;9:30;;;0
5345 ;3366 ;TT 3366;De 06:00 a 13:00 ht 7.0 ;06:00 ;13:00 ;0 ;0 ;07:00 ;0 ;7:00;;;0
5346 ;3367 ;TT 3367;De 12:30 a 19:30 ht 7.0 ;12:30 ;19:30 ;30 ;0 ;07:00 ;0 ;7:00;;;1
5347 ;3368 ;TT 3368;De 06:00 a 16:00 ht 10.0 ;06:00 ;16:00 ;0 ;0 ;10:00 ;0 ;10:00;;;0
5348 ;3369 ;TT 3369;De 08:00 a 17:00 ht 9.0 ;08:00 ;17:00 ;0 ;0 ;09:00 ;60 ;8:00;12:00 ;13:00 ;1
5349 ;3370 ;TT 3370;De 11:00 a 17:00 ht 6.0 ;11:00 ;17:00 ;0 ;0 ;06:00 ;0 ;6:00;;;0
5350 ;3371 ;TT 3371;De 08:00 a 19:00 ht 10 ;08:00 ;19:00 ;15 ;15 ;11:00 ;60 ;10:00;12:00 ;13:00 ;0
5351 ;3372 ;TT 3372;De 08:30 a 17:55 ht 9.4 ;08:30 ;17:55 ;15 ;0 ;09:25 ;60 ;8:25;;;1
5352 ;3373 ;TT 3373;De 06:00 a 15:30 ht 9.5 ;06:00 ;15:30 ;30 ;0 ;09:30 ;60 ;8:30;10:00 ;11:00 ;1
5353 ;3374 ;TT 3374;De 10:00 a 19:00 ht 9.0 ;10:00 ;19:00 ;25 ;0 ;09:00 ;60 ;8:00;02:00 ;03:00 ;1
5354 ;3375 ;TT 3375;De 12:30 a 21:00 ht 8.5 ;12:30 ;21:00 ;15 ;0 ;08:30 ;0 ;8:30;;;0
5355 ;3376 ;TT 3376;De 12:30 a 21:00 ht 8.5 ;12:30 ;21:00 ;30 ;0 ;08:30 ;0 ;8:30;;;1
5356 ;3377 ;TT 3377;De 06:30 a 16:30 ht 10.0 ;06:30 ;16:30 ;30 ;0 ;10:00 ;60 ;9:00;10:30 ;11:30 ;0
5357 ;3378 ;TT 3378;De 07:30 a 18:30 ht 10 ;07:30 ;18:30 ;15 ;15 ;11:00 ;60 ;10:00;11:30 ;12:30 ;0
5358 ;3379 ;TT 3379;De 09:45 a 15:45 ht 6.0 ;09:45 ;15:45 ;15 ;0 ;06:00 ;0 ;6:00;;;0
5359 ;3380 ;TT 3380;De 06:00 a 17:00 ht 10 ;06:00 ;17:00 ;15 ;15 ;11:00 ;60 ;10:00;10:00 ;11:00 ;0
5360 ;3381 ;TT 3381;De 07:30 a 14:30 ht 7.0 ;07:30 ;14:30 ;15 ;0 ;07:00 ;60 ;6:00;11:30 ;12:30 ;1
5361 ;3382 ;TT 3382;De 08:00 a 18:00 ht 10.0 ;08:00 ;18:00 ;0 ;0 ;10:00 ;0 ;10:00;;;0
5362 ;3383 ;TT 3383;De 06:30 a 12:30 ht 6.0 ;06:30 ;12:30 ;0 ;0 ;06:00 ;0 ;6:00;;;0
5363 ;3384 ;TT 3384;De 10:30 a 17:00 ht 6.5 ;10:30 ;17:00 ;0 ;0 ;06:30 ;0 ;6:30;;;0
5364 ;3385 ;TT 3385;De 08:30 a 20:30 ht 12.0 ;08:30 ;20:30 ;15 ;0 ;12:00 ;60 ;11:00;12:30 ;13:30 ;0
5365 ;3386 ;TT 3386;De 11:30 a 19:00 ht 7.5 ;11:30 ;19:00 ;0 ;0 ;07:30 ;0 ;7:30;;;0
5366 ;3387 ;TT 3387;De 16:30 a 22:30 ht 6.0 ;16:30 ;22:30 ;15 ;0 ;06:00 ;0 ;6:00;;;0
5367 ;3388 ;TT 3388;De 07:00 a 18:00 ht 11.0 ;07:00 ;18:00 ;0 ;0 ;11:00 ;0 ;11:00;;;0
5368 ;3389 ;TT 3389;De 08:00 a 19:00 ht 11.0 ;08:00 ;19:00 ;0 ;0 ;11:00 ;0 ;11:00;;;0
5369 ;3390 ;TT 3390;De 09:00 a 20:00 ht 11.0 ;09:00 ;20:00 ;0 ;0 ;11:00 ;0 ;11:00;;;0
5370 ;3391 ;TT 3391;De 11:00 a 22:00 ht 11.0 ;11:00 ;22:00 ;0 ;0 ;11:00 ;0 ;11:00;;;0
5371 ;3392 ;TT 3392;De 06:00 a 17:00 ht 11.0 ;06:00 ;17:00 ;0 ;0 ;11:00 ;0 ;11:00;;;0
5372 ;3393 ;TT 3393;De 10:00 a 21:00 ht 11.0 ;10:00 ;21:00 ;0 ;0 ;11:00 ;0 ;11:00;;;0
5373 ;3394 ;TT 3394;De 08:30 a 19:30 ht 11.0 ;08:30 ;19:30 ;0 ;0 ;11:00 ;0 ;11:00;;;0
5374 ;3395 ;TT 3395;De 06:30 a 14:00 ht 7.5 ;06:30 ;14:00 ;0 ;0 ;07:30 ;0 ;7:30;;;0
5375 ;3396 ;TT 3396;De 11:00 a 17:30 ht 6.5 ;11:00 ;17:30 ;0 ;0 ;06:30 ;0 ;6:30;;;0
5376 ;3397 ;TT 3397;De 09:15 a 17:15 ht 8.0 ;09:15 ;17:15 ;15 ;0 ;08:00 ;0 ;8:00;;;0
5377 ;3398 ;TT 3398;De 07:30 a 18:30 ht 11.0 ;07:30 ;18:30 ;0 ;0 ;11:00 ;0 ;11:00;;;0
5378 ;3399 ;TT 3399;De 10:45 a 21:15 ht 10.5 ;10:45 ;21:15 ;15 ;0 ;10:30 ;60 ;9:30;02:00 ;03:00 ;0
5379 ;3400 ;TT 3400;De 10:30 a 20:00 ht 9.5 ;10:30 ;20:00 ;30 ;0 ;09:30 ;60 ;8:30;02:00 ;03:00 ;1
5380 ;3401 ;TT 3401;De 14:00 a 19:30 ht 5.5 ;14:00 ;19:30 ;15 ;0 ;05:30 ;0 ;5:30;;;0
5381 ;3402 ;TT 3402;De 13:30 a 23:00 ht 9.5 ;13:30 ;23:00 ;15 ;0 ;09:30 ;60 ;8:30;04:00 ;05:00 ;1
5382 ;3403 ;TT 3403;De 04:30 a 13:00 ht 8.5 ;04:30 ;13:00 ;15 ;0 ;08:30 ;0 ;8:30;;;0
5383 ;3404 ;TT 3404;De 06:00 a 11:30 ht 5.5 ;06:00 ;11:30 ;20 ;0 ;05:30 ;0 ;5:30;;;0
5384 ;3405 ;TT 3405;De 15:30 a 21:00 ht 5.5 ;15:30 ;21:00 ;20 ;0 ;05:30 ;0 ;5:30;;;0
5385 ;3406 ;TT 3406;De 13:30 a 19:00 ht 5.5 ;13:30 ;19:00 ;20 ;0 ;05:30 ;0 ;5:30;;;0
5386 ;3407 ;TT 3407;De 14:30 a 20:00 ht 5.5 ;14:30 ;20:00 ;20 ;0 ;05:30 ;0 ;5:30;;;0
5387 ;3408 ;TT 3408;De 05:00 a 15:00 ht 10.0 ;05:00 ;15:00 ;15 ;0 ;10:00 ;60 ;9:00;11:00 ;12:00 ;0
5388 ;3409 ;TT 3409;De 04:30 a 15:30 ht 11.0 ;04:30 ;15:30 ;15 ;0 ;11:00 ;60 ;10:00;11:00 ;12:00 ;0
5389 ;3410 ;TT 3410;De 09:00 a 14:30 ht 5.5 ;09:00 ;14:30 ;20 ;0 ;05:30 ;0 ;5:30;;;0
5390 ;3411 ;TT 3411;De 09:30 a 15:00 ht 5.5 ;09:30 ;15:00 ;20 ;0 ;05:30 ;0 ;5:30;;;0
5391 ;3412 ;TT 3412;De 16:15 a 00:15 ht 8.0 ;16:15 ;00:15 ;15 ;0 ;08:00 ;0 ;8:00;;;0
5392 ;3413 ;TT 3413;De 14:00 a 20:30 ht 6.5 ;14:00 ;20:30 ;0 ;0 ;06:30 ;0 ;6:30;;;0
5393 ;3414 ;TT 3414;De 08:00 a 12:00 ht 4.0 ;08:00 ;12:00 ;30 ;0 ;04:00 ;0 ;4:00;;;1
5394 ;3415 ;TT 3415;De 10:30 a 16:30 ht 6.0 ;10:30 ;16:30 ;0 ;0 ;06:00 ;0 ;6:00;;;0
5395 ;3416 ;TT 3416;De 10:00 a 17:00 ht 7.0 ;10:00 ;17:00 ;15 ;0 ;07:00 ;60 ;6:00;02:00 ;03:00 ;1
5396 ;3417 ;TT 3417;De 07:00 a 16:30 ht 9.5 ;07:00 ;16:30 ;0 ;0 ;09:30 ;0 ;9:30;;;0
5397 ;3418 ;TT 3418;De 07:00 a 17:00 ht 10.0 ;07:00 ;17:00 ;0 ;0 ;10:00 ;0 ;10:00;;;0
5398 ;3419 ;TT 3419;De 06:30 a 17:30 ht 11.0 ;06:30 ;17:30 ;0 ;0 ;11:00 ;0 ;11:00;;;0
5399 ;3420 ;TT 3420;De 09:30 a 20:30 ht 11.0 ;09:30 ;20:30 ;0 ;0 ;11:00 ;0 ;11:00;;;0
5400 ;3421 ;TT 3421;De 13:00 a 21:30 ht 8.5 ;13:00 ;21:30 ;15 ;0 ;08:30 ;0 ;8:30;;;0
5401 ;3422 ;TT 3422;De 09:30 a 17:00 ht 7.5 ;09:30 ;17:00 ;15 ;0 ;07:30 ;60 ;6:30;01:30 ;02:30 ;1
5402 ;3423 ;TT 3423;De 11:30 a 18:00 ht 6.5 ;11:30 ;18:00 ;0 ;0 ;06:30 ;0 ;6:30;;;0
5403 ;3424 ;TT 3424;De 13:00 a 17:00 ht 4.0 ;13:00 ;17:00 ;15 ;0 ;04:00 ;0 ;4:00;;;1
5404 ;3425 ;TT 3425;De 09:45 a 20:00 ht 10.3 ;09:45 ;20:00 ;15 ;0 ;10:15 ;60 ;9:15;02:30 ;03:30 ;0
5405 ;3426 ;TT 3426;De 08:00 a 20:00 ht 12.0 ;08:00 ;20:00 ;0 ;0 ;12:00 ;0 ;12:00;;;0
5406 ;3427 ;TT 3427;De 07:30 a 16:30 ht 9.0 ;07:30 ;16:30 ;15 ;0 ;09:00 ;0 ;9:00;;;0
5407 ;3428 ;TT 3428;De 09:30 a 19:00 ht 9.5 ;09:30 ;19:00 ;15 ;0 ;09:30 ;0 ;9:30;;;0
5408 ;3429 ;TT 3429;De 09:00 a 18:30 ht 9.5 ;09:00 ;18:30 ;15 ;0 ;09:30 ;0 ;9:30;;;0
5409 ;3430 ;TT 3430;De 14:00 a 23:00 ht 9.0 ;14:00 ;23:00 ;15 ;0 ;09:00 ;0 ;9:00;;;0
5410 ;3431 ;TT 3431;De 06:00 a 15:30 ht 9.5 ;06:00 ;15:30 ;15 ;0 ;09:30 ;0 ;9:30;;;0
5411 ;3432 ;TT 3432;De 08:00 a 19:00 ht 11.0 ;08:00 ;19:00 ;15 ;0 ;11:00 ;0 ;11:00;;;0
5412 ;3433 ;TT 3433;De 12:00 a 21:00 ht 9.0 ;12:00 ;21:00 ;15 ;0 ;09:00 ;0 ;9:00;;;0
5413 ;3434 ;TT 3434;De 06:00 a 16:00 ht 10.0 ;06:00 ;16:00 ;15 ;0 ;10:00 ;0 ;10:00;;;0
5414 ;3435 ;TT 3435;De 06:00 a 17:00 ht 11.0 ;06:00 ;17:00 ;15 ;0 ;11:00 ;0 ;11:00;;;0
5415 ;3436 ;TT 3436;De 08:00 a 18:00 ht 10.0 ;08:00 ;18:00 ;15 ;0 ;10:00 ;0 ;10:00;;;0
5416 ;3437 ;TT 3437;De 07:00 a 18:00 ht 11.0 ;07:00 ;18:00 ;15 ;0 ;11:00 ;0 ;11:00;;;0
5417 ;3438 ;TT 3438;De 09:00 a 19:00 ht 10.0 ;09:00 ;19:00 ;15 ;0 ;10:00 ;0 ;10:00;;;0
5418 ;3439 ;TT 3439;De 09:00 a 19:30 ht 10.5 ;09:00 ;19:30 ;15 ;0 ;10:30 ;0 ;10:30;;;0
5419 ;3440 ;TT 3440;De 09:00 a 20:00 ht 11.0 ;09:00 ;20:00 ;15 ;0 ;11:00 ;0 ;11:00;;;0
5420 ;3441 ;TT 3441;De 09:30 a 20:00 ht 10.5 ;09:30 ;20:00 ;15 ;0 ;10:30 ;0 ;10:30;;;0
5421 ;3442 ;TT 3442;De 06:00 a 15:30 ht 9.5 ;06:00 ;15:30 ;0 ;0 ;09:30 ;60 ;8:30;10:00 ;11:00 ;1
5422 ;3443 ;TT 3443;De 10:30 a 20:00 ht 9.5 ;10:30 ;20:00 ;0 ;0 ;09:30 ;60 ;8:30;02:00 ;03:00 ;1
5423 ;3444 ;TT 3444;De 07:30 a 17:00 ht 9.5 ;07:30 ;17:00 ;0 ;0 ;09:30 ;60 ;8:30;11:30 ;12:30 ;1
5424 ;3445 ;TT 3445;De 10:00 a 19:30 ht 9.5 ;10:00 ;19:30 ;0 ;0 ;09:30 ;0 ;9:30;;;0
5425 ;3446 ;TT 3446;De 08:00 a 18:30 ht 10.5 ;08:00 ;18:30 ;0 ;0 ;10:30 ;0 ;10:30;;;0
5426 ;3447 ;TT 3447;De 08:00 a 18:00 ht 8.0 ;08:00 ;18:00 ;15 ;15 ;10:00 ;120 ;8:00;12:00 ;14:00 ;0
5427 ;3448 ;TT 3448;De 08:30 a 18:00 ht 9.5 ;08:30 ;18:00 ;15 ;0 ;09:30 ;0 ;9:30;;;0
5428 ;3449 ;TT 3449;De 11:00 a 19:30 ht 8.5 ;11:00 ;19:30 ;15 ;0 ;08:30 ;0 ;8:30;;;0
5429 ;3450 ;TT 3450;De 09:00 a 17:00 ht 8.0 ;09:00 ;17:00 ;10 ;0 ;08:00 ;60 ;7:00;01:00 ;02:00 ;1
5430 ;3451 ;TT 3451;De 09:30 a 18:05 ht 8.6 ;09:30 ;18:05 ;15 ;0 ;08:35 ;60 ;7:35;;;1
5431 ;3452 ;TT 3452;De 08:00 a 19:05 ht 11.1 ;08:00 ;19:05 ;15 ;0 ;11:05 ;60 ;10:05;;;0
5432 ;3453 ;TT 3453;De 08:30 a 17:05 ht 8.6 ;08:30 ;17:05 ;15 ;0 ;08:35 ;60 ;7:35;;;1
5433 ;3454 ;TT 3454;De 10:00 a 18:05 ht 8.1 ;10:00 ;18:05 ;15 ;0 ;08:05 ;60 ;7:05;;;1
5434 ;3455 ;TT 3455;De 10:30 a 18:30 ht 8.0 ;10:30 ;18:30 ;15 ;0 ;08:00 ;60 ;7:00;02:00 ;03:00 ;1
5435 ;3456 ;TT 3456;De 13:30 a 21:00 ht 7.5 ;13:30 ;21:00 ;30 ;0 ;07:30 ;0 ;7:30;;;1
5436 ;3457 ;TT 3457;De 22:00 a 03:00 ht 5.0 ;22:00 ;03:00 ;15 ;0 ;05:00 ;0 ;5:00;;;0
5437 ;3458 ;TT 3458;De 09:30 a 19:00 ht 9.5 ;09:30 ;19:00 ;0 ;0 ;09:30 ;60 ;8:30;01:30 ;02:30 ;1
5438 ;3459 ;TT 3459;De 09:30 a 20:00 ht 10.5 ;09:30 ;20:00 ;0 ;0 ;10:30 ;60 ;9:30;01:30 ;02:30 ;0
5439 ;3460 ;TT 3460;De 06:30 a 17:00 ht 10.5 ;06:30 ;17:00 ;0 ;0 ;10:30 ;60 ;9:30;10:30 ;11:30 ;0
5440 ;3461 ;TT 3461;De 07:00 a 18:00 ht 11.0 ;07:00 ;18:00 ;0 ;0 ;11:00 ;60 ;10:00;11:00 ;12:00 ;0
5441 ;3462 ;TT 3462;De 08:30 a 18:30 ht 10.0 ;08:30 ;18:30 ;0 ;0 ;10:00 ;0 ;10:00;;;0
5442 ;3463 ;TT 3463;De 09:00 a 15:00 ht 6.0 ;09:00 ;15:00 ;20 ;0 ;06:00 ;0 ;6:00;;;0
5443 ;3464 ;TT 3464;De 13:30 a 22:00 ht 8.5 ;13:30 ;22:00 ;15 ;0 ;08:30 ;0 ;8:30;;;0
5444 ;3465 ;TT 3465;De 22:00 a 04:00 ht 6.0 ;22:00 ;04:00 ;15 ;0 ;06:00 ;0 ;6:00;;;0
5445 ;3466 ;TT 3466;De 09:00 a 17:30 ht 8.5 ;09:00 ;17:30 ;30 ;0 ;08:30 ;0 ;8:30;;;1
5446 ;3467 ;TT 3467;De 08:00 a 16:00 ht 8.0 ;08:00 ;16:00 ;10 ;0 ;08:00 ;0 ;8:00;;;0
5447 ;3468 ;TT 3468;De 08:00 a 20:00 ht 12.0 ;08:00 ;20:00 ;15 ;0 ;12:00 ;60 ;11:00;12:00 ;13:00 ;0
5448 ;3469 ;TT 3469;De 12:00 a 21:00 ht 9.0 ;12:00 ;21:00 ;30 ;0 ;09:00 ;60 ;8:00;02:30 ;03:30 ;1
5449 ;3470 ;TT 3470;De 08:00 a 16:05 ht 8.1 ;08:00 ;16:05 ;15 ;0 ;08:05 ;0 ;8:05;;;0
5450 ;3471 ;TT 3471;De 10:00 a 19:00 ht 9.0 ;10:00 ;19:00 ;0 ;0 ;09:00 ;60 ;8:00;02:00 ;03:00 ;1
5451 ;3472 ;TT 3472;De 09:00 a 15:05 ht 6.05 ;09:00 ;15:05 ;15 ;0 ;06:05 ;0 ;6:05;;;0
5452 ;3473 ;TT 3473;De 15:00 a 19:00 ht 4.0 ;15:00 ;19:00 ;0 ;0 ;04:00 ;0 ;4:00;;;0
5453 ;3474 ;TT 3474;De 06:30 a 17:00 ht 10.5 ;06:30 ;17:00 ;15 ;0 ;10:30 ;0 ;10:30;;;0
5454 ;3475 ;TT 3475;De 08:30 a 17:00 ht 8.5 ;08:30 ;17:00 ;0 ;0 ;08:30 ;30 ;8:00;12:30 ;13:00 ;1
5455 ;3476 ;TT 3476;De 08:00 a 14:05 ht 6.05 ;08:00 ;14:05 ;15 ;0 ;06:05 ;0 ;6:05;;;0
5456 ;3477 ;TT 3477;De 06:00 a 10:00 ht 4.0 ;06:00 ;10:00 ;0 ;0 ;04:00 ;15 ;3:45;;;0
5457 ;3478 ;TT 3478;De 09:15 a 19:15 ht 9 ;09:15 ;19:15 ;15 ;15 ;10:00 ;60 ;9:00;02:00 ;03:00 ;0
5458 ;3479 ;TT 3479;De 06:00 a 10:00 ht 4.0 ;06:00 ;10:00 ;0 ;0 ;04:00 ;0 ;4:00;;;0
5459 ;3480 ;TT 3480;De 07:00 a 11:00 ht 4.0 ;07:00 ;11:00 ;0 ;0 ;04:00 ;0 ;4:00;;;0
5460 ;3481 ;TT 3481;De 10:00 a 18:05 ht 8.1 ;10:00 ;18:05 ;15 ;0 ;08:05 ;0 ;8:05;;;0
5461 ;3482 ;TT 3482;De 08:00 a 12:05 ht 4.1 ;08:00 ;12:05 ;0 ;0 ;04:05 ;0 ;4:05;;;0
5462 ;3483 ;TT 3483;De 08:00 a 13:05 ht 5.1 ;08:00 ;13:05 ;15 ;0 ;05:05 ;0 ;5:05;;;0
5463 ;3484 ;TT 3484;De 08:00 a 18:05 ht 10.1 ;08:00 ;18:05 ;15 ;0 ;10:05 ;60 ;9:05;;;0
5464 ;3485 ;TT 3485;De 08:00 a 10:00 ht 2.0 ;08:00 ;10:00 ;0 ;0 ;02:00 ;0 ;2:00;;;0
5465 ;3486 ;TT 3486;De 07:00 a 16:30 ht 9.5 ;07:00 ;16:30 ;30 ;0 ;09:30 ;60 ;8:30;11:00 ;12:00 ;1
5466 ;3487 ;TT 3487;De 16:30 a 22:30 ht 6.0 ;16:30 ;22:30 ;30 ;0 ;06:00 ;0 ;6:00;;;1
5467 ;3488 ;TT 3488;De 08:30 a 17:00 ht 8.5 ;08:30 ;17:00 ;15 ;0 ;08:30 ;0 ;8:30;;;0
5468 ;3489 ;TT 3489;De 09:00 a 21:00 ht 12.0 ;09:00 ;21:00 ;15 ;0 ;12:00 ;60 ;11:00;01:00 ;02:00 ;0
5469 ;3490 ;TT 3490;De 09:00 a 17:00 ht 8.0 ;09:00 ;17:00 ;25 ;0 ;08:00 ;0 ;8:00;;;1
5470 ;3491 ;TT 3491;De 08:00 a 17:35 ht 9.6 ;08:00 ;17:35 ;15 ;0 ;09:35 ;60 ;8:35;;;0
5471 ;3492 ;TT 3492;De 09:30 a 21:00 ht 11.5 ;09:30 ;21:00 ;15 ;0 ;11:30 ;60 ;10:30;01:30 ;02:30 ;0
5472 ;3493 ;TT 3493;De 08:00 a 13:00 ht 5.0 ;08:00 ;13:00 ;30 ;0 ;05:00 ;0 ;5:00;;;1
5473 ;3494 ;TT 3494;De 10:00 a 13:00 ht 3.0 ;10:00 ;13:00 ;15 ;0 ;03:00 ;0 ;3:00;;;1
5474 ;3495 ;TT 3495;De 17:00 a 21:00 ht 4.0 ;17:00 ;21:00 ;0 ;0 ;04:00 ;0 ;4:00;;;0
5475 ;3496 ;TT 3496;De 06:00 a 12:00 ht 6.0 ;06:00 ;12:00 ;25 ;0 ;06:00 ;0 ;6:00;;;1
5476 ;3497 ;TT 3497;De 21:00 a 03:00 ht 6.0 ;21:00 ;03:00 ;0 ;0 ;06:00 ;0 ;6:00;;;0
5477 ;3498 ;TT 3498;De 08:30 a 17:00 ht 8.5 ;08:30 ;17:00 ;25 ;0 ;08:30 ;0 ;8:30;;;1
5478 ;3499 ;TT 3499;De 11:00 a 14:05 ht 3.1 ;11:00 ;14:05 ;15 ;0 ;03:05 ;0 ;3:05;;;1
5479 ;3500 ;TT 3500;De 14:00 a 17:00 ht 3.0 ;14:00 ;17:00 ;0 ;0 ;03:00 ;0 ;3:00;;;0
5480 ;3501 ;TT 3501;De 08:00 a 11:05 ht 3.1 ;08:00 ;11:05 ;0 ;0 ;03:05 ;0 ;3:05;;;0
5481 ;3502 ;TT 3502;De 09:00 a 12:05 ht 3.1 ;09:00 ;12:05 ;0 ;0 ;03:05 ;0 ;3:05;;;0
5482 ;3503 ;TT 3503;De 12:00 a 17:00 ht 5.0 ;12:00 ;17:00 ;15 ;0 ;05:00 ;0 ;5:00;;;0
5483 ;3504 ;TT 3504;De 07:00 a 13:00 ht 6.0 ;07:00 ;13:00 ;25 ;0 ;06:00 ;0 ;6:00;;;1
5484 ;3505 ;TT 3505;De 10:00 a 21:00 ht 11.0 ;10:00 ;21:00 ;30 ;0 ;11:00 ;0 ;11:00;;;0
5485 ;3506 ;TT 3506;De 09:00 a 14:00 ht 5.0 ;09:00 ;14:00 ;30 ;0 ;05:00 ;0 ;5:00;;;1
5486 ;3507 ;TT 3507;De 12:00 a 17:00 ht 5.0 ;12:00 ;17:00 ;30 ;0 ;05:00 ;0 ;5:00;;;1
5487 ;3508 ;TT 3508;De 08:30 a 17:00 ht 8.5 ;08:30 ;17:00 ;30 ;0 ;08:30 ;0 ;8:30;;;1
5488 ;3509 ;TT 3509;De 06:00 a 17:05 ht 11.1 ;06:00 ;17:05 ;15 ;0 ;11:05 ;60 ;10:05;;;0
5489 ;3510 ;TT 3510;De 08:00 a 18:35 ht 10.6 ;08:00 ;18:35 ;15 ;0 ;10:35 ;60 ;9:35;;;0
5490 ;3511 ;TT 3511;De 08:00 a 16:05 ht 8.1 ;08:00 ;16:05 ;15 ;0 ;08:05 ;60 ;7:05;;;1
5491 ;3512 ;TT 3512;De 07:00 a 15:05 ht 8.1 ;07:00 ;15:05 ;15 ;0 ;08:05 ;60 ;7:05;;;1
5492 ;3513 ;TT 3513;De 15:00 a 18:00 ht 3.0 ;15:00 ;18:00 ;0 ;0 ;03:00 ;0 ;3:00;;;0
5493 ;3514 ;TT 3514;De 17:00 a 21:00 ht 4.0 ;17:00 ;21:00 ;15 ;0 ;04:00 ;0 ;4:00;;;1
5494 ;3515 ;TT 3515;De 09:00 a 18:05 ht 9.1 ;09:00 ;18:05 ;15 ;0 ;09:05 ;60 ;8:05;;;1
5495 ;3516 ;TT 3516;De 08:00 a 16:30 ht 8.5 ;08:00 ;16:30 ;30 ;0 ;08:30 ;0 ;8:30;;;1
5496 ;3517 ;TT 3517;De 08:00 a 10:30 ht 2.5 ;08:00 ;10:30 ;15 ;0 ;02:30 ;0 ;2:30;;;1
5497 ;3518 ;TT 3518;De 08:30 a 18:30 ht 10.0 ;08:30 ;18:30 ;30 ;0 ;10:00 ;60 ;9:00;12:30 ;13:30 ;0
5498 ;3519 ;TT 3519;De 09:30 a 19:30 ht 10.0 ;09:30 ;19:30 ;30 ;0 ;10:00 ;60 ;9:00;01:30 ;02:30 ;0
5499 ;3520 ;TT 3520;De 08:00 a 16:30 ht 8.5 ;08:00 ;16:30 ;15 ;0 ;08:30 ;0 ;8:30;;;0
5500 ;3521 ;TT 3521;De 07:30 a 19:00 ht 11.5 ;07:30 ;19:00 ;15 ;0 ;11:30 ;60 ;10:30;11:30 ;12:30 ;0
5501 ;3522 ;TT 3522;De 06:00 a 19:00 ht 13.0 ;06:00 ;19:00 ;15 ;0 ;13:00 ;60 ;12:00;10:00 ;11:00 ;0
5502 ;3523 ;TT 3523;De 14:00 a 18:00 ht 4.0 ;14:00 ;18:00 ;0 ;0 ;04:00 ;0 ;4:00;;;0
5503 ;3524 ;TT 3524;De 22:00 a 07:00 ht 9.0 ;22:00 ;07:00 ;0 ;0 ;09:00 ;0 ;9:00;;;0
5504 ;3525 ;TT 3525;De 07:00 a 12:30 ht 5.5 ;07:00 ;12:30 ;30 ;0 ;05:30 ;0 ;5:30;;;1
5505 ;3526 ;TT 3526;De 08:30 a 14:00 ht 5.5 ;08:30 ;14:00 ;30 ;0 ;05:30 ;0 ;5:30;;;1
5506 ;3527 ;TT 3527;De 07:00 a 16:05 ht 9.1 ;07:00 ;16:05 ;15 ;0 ;09:05 ;60 ;8:05;;;1
5507 ;3528 ;TT 3528;De 06:00 a 17:00 ht 11.0 ;06:00 ;17:00 ;30 ;0 ;11:00 ;60 ;10:00;10:00 ;11:00 ;0
5508 ;3529 ;TT 3529;De 12:00 a 21:00 ht 9.0 ;12:00 ;21:00 ;30 ;0 ;09:00 ;67 ;7:53;02:30 ;03:37 ;1
5509 ;3530 ;TT 3530;De 12:00 a 21:05 ht 9.1 ;12:00 ;21:05 ;30 ;0 ;09:05 ;60 ;8:05;;;1
5510 ;3531 ;TT 3531;De 10:00 a 14:05 ht 4.1 ;10:00 ;14:05 ;15 ;0 ;04:05 ;0 ;4:05;;;1
5511 ;3532 ;TT 3532;De 06:00 a 15:00 ht 9.0 ;06:00 ;15:00 ;0 ;0 ;09:00 ;0 ;9:00;;;0
5512 ;3533 ;TT 3533;De 09:00 a 18:00 ht 9.0 ;09:00 ;18:00 ;30 ;0 ;09:00 ;67 ;7:53;01:00 ;02:07 ;1
5513 ;3534 ;TT 3534;De 12:00 a 17:05 ht 5.1 ;12:00 ;17:05 ;15 ;0 ;05:05 ;0 ;5:05;;;0
5514 ;3535 ;TT 3535;De 14:00 a 19:00 ht 5.0 ;14:00 ;19:00 ;30 ;0 ;05:00 ;0 ;5:00;;;1
5515 ;3536 ;TT 3536;De 07:00 a 18:05 ht 11.1 ;07:00 ;18:05 ;15 ;0 ;11:05 ;60 ;10:05;;;0
5516 ;3537 ;TT 3537;De 10:00 a 19:05 ht 9.1 ;10:00 ;19:05 ;15 ;0 ;09:05 ;60 ;8:05;;;1
5517 ;3538 ;TT 3538;De 12:15 a 20:15 ht 8.0 ;12:15 ;20:15 ;30 ;0 ;08:00 ;0 ;8:00;;;1
5518 ;3539 ;TT 3539;De 15:00 a 22:30 ht 7.5 ;15:00 ;22:30 ;15 ;0 ;07:30 ;0 ;7:30;;;0
5519 ;3540 ;TT 3540;De 06:00 a 19:00 ht 13.0 ;06:00 ;19:00 ;30 ;0 ;13:00 ;0 ;13:00;;;0
5520 ;3541 ;TT 3541;De 14:30 a 23:00 ht 8.5 ;14:30 ;23:00 ;15 ;0 ;08:30 ;60 ;7:30;04:00 ;05:00 ;1
5521 ;3542 ;TT 3542;De 08:00 a 18:00 ht 10.0 ;08:00 ;18:00 ;15 ;0 ;10:00 ;45 ;9:15;12:00 ;12:45 ;0
5522 ;3543 ;TT 3543;De 09:00 a 22:00 ht 13.0 ;09:00 ;22:00 ;15 ;0 ;13:00 ;60 ;12:00;01:00 ;02:00 ;0
5523 ;3544 ;TT 3544;De 10:30 a 22:00 ht 11.5 ;10:30 ;22:00 ;15 ;0 ;11:30 ;60 ;10:30;02:00 ;03:00 ;0
5524 ;3545 ;TT 3545;De 10:00 a 22:00 ht 12.0 ;10:00 ;22:00 ;15 ;0 ;12:00 ;60 ;11:00;02:00 ;03:00 ;0
5525 ;3546 ;TT 3546;De 14:30 a 22:30 ht 8.0 ;14:30 ;22:30 ;15 ;0 ;08:00 ;0 ;8:00;;;0
5526 ;3547 ;TT 3547;De 06:00 a 18:00 ht 10 ;06:00 ;18:00 ;15 ;15 ;12:00 ;120 ;10:00;10:00 ;12:00 ;0
5527 ;3548 ;TT 3548;De 08:00 a 16:00 ht 8.0 ;08:00 ;16:00 ;35 ;0 ;08:00 ;0 ;8:00;;;1
5528 ;3549 ;TT 3549;De 06:00 a 14:00 ht 8.0 ;06:00 ;14:00 ;35 ;0 ;08:00 ;0 ;8:00;;;1
5529 ;3550 ;TT 3550;De 09:00 a 13:00 ht 4.0 ;09:00 ;13:00 ;30 ;0 ;04:00 ;0 ;4:00;;;1
5530 ;3551 ;TT 3551;De 11:00 a 15:00 ht 4.0 ;11:00 ;15:00 ;0 ;0 ;04:00 ;0 ;4:00;;;0
5531 ;3552 ;TT 3552;De 10:00 a 21:00 ht 11.0 ;10:00 ;21:00 ;30 ;0 ;11:00 ;67 ;9:53;02:00 ;03:07 ;0
5532 ;3553 ;TT 3553;De 10:00 a 21:00 ht 11.0 ;10:00 ;21:00 ;15 ;0 ;11:00 ;0 ;11:00;;;0
5533 ;3554 ;TT 3554;De 12:00 a 16:00 ht 4.0 ;12:00 ;16:00 ;0 ;0 ;04:00 ;0 ;4:00;;;0
5534 ;3555 ;TT 3555;De 13:00 a 17:00 ht 4.0 ;13:00 ;17:00 ;30 ;0 ;04:00 ;0 ;4:00;;;1
5535 ;3556 ;TT 3556;De 09:00 a 19:55 ht 10.9 ;09:00 ;19:55 ;15 ;0 ;10:55 ;60 ;9:55;;;0
5536 ;3557 ;TT 3557;De 11:00 a 21:00 ht 10.0 ;11:00 ;21:00 ;30 ;0 ;10:00 ;67 ;8:53;03:00 ;04:07 ;0
5537 ;3558 ;TT 3558;De 09:00 a 17:30 ht 8.5 ;09:00 ;17:30 ;30 ;0 ;08:30 ;60 ;7:30;01:00 ;02:00 ;1
5538 ;3559 ;TT 3559;De 06:30 a 16:00 ht 9.5 ;06:30 ;16:00 ;15 ;0 ;09:30 ;0 ;9:30;;;0
5539 ;3560 ;TT 3560;De 14:00 a 00:00 ht 10.0 ;14:00 ;00:00 ;30 ;0 ;10:00 ;60 ;9:00;04:00 ;05:00 ;0
5540 ;3561 ;TT 3561;De 06:00 a 14:30 ht 8.5 ;06:00 ;14:30 ;30 ;0 ;08:30 ;0 ;8:30;;;1
5541 ;3562 ;TT 3562;De 06:00 a 15:05 ht 9.1 ;06:00 ;15:05 ;15 ;0 ;09:05 ;60 ;8:05;;;1
5542 ;3563 ;TT 3563;De 07:00 a 12:00 ht 5.0 ;07:00 ;12:00 ;30 ;0 ;05:00 ;0 ;5:00;;;1
5543 ;3564 ;TT 3564;De 07:00 a 19:00 ht 12.0 ;07:00 ;19:00 ;15 ;0 ;12:00 ;60 ;11:00;11:00 ;12:00 ;0
5544 ;3565 ;TT 3565;De 09:00 a 19:05 ht 10.1 ;09:00 ;19:05 ;15 ;0 ;10:05 ;60 ;9:05;;;0
5545 ;3566 ;TT 3566;De 08:00 a 15:30 ht 7.5 ;08:00 ;15:30 ;15 ;0 ;07:30 ;60 ;6:30;12:00 ;13:00 ;1
5546 ;3567 ;TT 3567;De 11:30 a 21:00 ht 9.5 ;11:30 ;21:00 ;0 ;0 ;09:30 ;0 ;9:30;;;0
5547 ;3568 ;TT 3568;De 08:00 a 17:00 ht 9.0 ;08:00 ;17:00 ;20 ;0 ;09:00 ;60 ;8:00;12:00 ;13:00 ;1
5548 ;3569 ;TT 3569;De 06:00 a 17:05 ht 11.1 ;06:00 ;17:05 ;30 ;0 ;11:05 ;60 ;10:05;;;0
5549 ;3570 ;TT 3570;De 11:30 a 15:30 ht 4.0 ;11:30 ;15:30 ;0 ;0 ;04:00 ;0 ;4:00;;;0
5550 ;3571 ;TT 3571;De 18:00 a 22:00 ht 4.0 ;18:00 ;22:00 ;0 ;0 ;04:00 ;0 ;4:00;;;0
5551 ;3572 ;TT 3572;De 06:00 a 16:05 ht 10.1 ;06:00 ;16:05 ;30 ;0 ;10:05 ;60 ;9:05;;;0
5552 ;3573 ;TT 3573;De 08:00 a 18:55 ht 10.9 ;08:00 ;18:55 ;15 ;0 ;10:55 ;60 ;9:55;;;0
5553 ;3574 ;TT 3574;De 09:00 a 14:00 ht 5.0 ;09:00 ;14:00 ;0 ;0 ;05:00 ;0 ;5:00;;;0
5554 ;3575 ;TT 3575;De 08:00 a 17:15 ht 9.3 ;08:00 ;17:15 ;0 ;0 ;09:15 ;60 ;8:15;12:00 ;13:00 ;1
5555 ;3576 ;TT 3576;De 10:45 a 20:15 ht 9.5 ;10:45 ;20:15 ;15 ;0 ;09:30 ;60 ;8:30;02:00 ;03:00 ;1
5556 ;3577 ;TT 3577;De 08:00 a 14:00 ht 6.0 ;08:00 ;14:00 ;20 ;0 ;06:00 ;0 ;6:00;;;0
5557 ;3578 ;TT 3578;De 12:30 a 16:30 ht 4.0 ;12:30 ;16:30 ;15 ;0 ;04:00 ;0 ;4:00;;;1
5558 ;3579 ;TT 3579;De 06:00 a 16:30 ht 10.5 ;06:00 ;16:30 ;30 ;0 ;10:30 ;60 ;9:30;10:00 ;11:00 ;0
5559 ;3580 ;TT 3580;De 10:00 a 16:00 ht 6.0 ;10:00 ;16:00 ;20 ;0 ;06:00 ;0 ;6:00;;;0
5560 ;3581 ;TT 3581;De 13:30 a 17:30 ht 4.0 ;13:30 ;17:30 ;15 ;0 ;04:00 ;0 ;4:00;;;1
5561 ;3582 ;TT 3582;De 18:00 a 02:00 ht 8.0 ;18:00 ;02:00 ;30 ;0 ;08:00 ;0 ;8:00;;;1
5562 ;3583 ;TT 3583;De 18:00 a 22:05 ht 4.1 ;18:00 ;22:05 ;15 ;0 ;04:05 ;0 ;4:05;;;1
5563 ;3584 ;TT 3584;De 09:00 a 19:30 ht 10.5 ;09:00 ;19:30 ;30 ;0 ;10:30 ;60 ;9:30;01:00 ;02:00 ;0
5564 ;3585 ;TT 3585;De 06:45 a 15:45 ht 9.0 ;06:45 ;15:45 ;30 ;0 ;09:00 ;60 ;8:00;12:00 ;13:00 ;1
5565 ;3586 ;TT 3586;De 13:00 a 19:00 ht 6.0 ;13:00 ;19:00 ;20 ;0 ;06:00 ;0 ;6:00;;;0
5566 ;3587 ;TT 3587;De 16:00 a 02:00 ht 10.0 ;16:00 ;02:00 ;15 ;0 ;10:00 ;60 ;9:00;08:00 ;09:00 ;0
5567 ;3588 ;TT 3588;De 12:30 a 18:00 ht 5.5 ;12:30 ;18:00 ;30 ;0 ;05:30 ;0 ;5:30;;;1
5568 ;3589 ;TT 3589;De 06:00 a 12:55 ht 6.9 ;06:00 ;12:55 ;30 ;0 ;06:55 ;0 ;6:55;;;1
5569 ;3590 ;TT 3590;De 09:00 a 18:55 ht 9.9 ;09:00 ;18:55 ;15 ;0 ;09:55 ;60 ;8:55;;;0
5570 ;3591 ;TT 3591;De 06:45 a 14:00 ht 7.3 ;06:45 ;14:00 ;30 ;0 ;07:15 ;0 ;7:15;;;1
5571 ;3592 ;TT 3592;De 07:00 a 14:05 ht 7.1 ;07:00 ;14:05 ;30 ;0 ;07:05 ;0 ;7:05;;;1
5572 ;3593 ;TT 3593;De 10:00 a 19:00 ht 9.0 ;10:00 ;19:00 ;20 ;0 ;09:00 ;60 ;8:00;02:00 ;03:00 ;1
5573 ;3594 ;TT 3594;De 15:00 a 21:00 ht 6.0 ;15:00 ;21:00 ;20 ;0 ;06:00 ;0 ;6:00;;;0
5574 ;3595 ;TT 3595;De 07:00 a 17:30 ht 10.5 ;07:00 ;17:30 ;30 ;0 ;10:30 ;60 ;9:30;11:00 ;12:00 ;0
5575 ;3596 ;TT 3596;De 08:00 a 18:30 ht 10.5 ;08:00 ;18:30 ;30 ;0 ;10:30 ;60 ;9:30;12:00 ;13:00 ;0
5576 ;3597 ;TT 3597;De 08:00 a 13:05 ht 5.1 ;08:00 ;13:05 ;30 ;0 ;05:05 ;0 ;5:05;;;1
5577 ;3598 ;TT 3598;De 06:00 a 13:05 ht 7.1 ;06:00 ;13:05 ;30 ;0 ;07:05 ;0 ;7:05;;;1
5578 ;3599 ;TT 3599;De 08:00 a 17:05 ht 9.1 ;08:00 ;17:05 ;30 ;0 ;09:05 ;60 ;8:05;;;1
5579 ;3600 ;TT 3600;De 06:30 a 17:00 ht 10.5 ;06:30 ;17:00 ;30 ;0 ;10:30 ;60 ;9:30;10:30 ;11:30 ;0
5580 ;3601 ;TT 3601;De 08:30 a 14:35 ht 6.1 ;08:30 ;14:35 ;30 ;0 ;06:05 ;0 ;6:05;;;1
5581 ;3602 ;TT 3602;De 12:00 a 18:05 ht 6.1 ;12:00 ;18:05 ;30 ;0 ;06:05 ;0 ;6:05;;;1
5582 ;3603 ;TT 3603;De 11:00 a 16:00 ht 5.0 ;11:00 ;16:00 ;30 ;0 ;05:00 ;0 ;5:00;;;1
5583 ;3604 ;TT 3604;De 09:30 a 18:00 ht 8.5 ;09:30 ;18:00 ;30 ;0 ;08:30 ;60 ;7:30;01:30 ;02:30 ;1
5584 ;3605 ;TT 3605;De 12:00 a 18:00 ht 6.0 ;12:00 ;18:00 ;20 ;0 ;06:00 ;0 ;6:00;;;0
5585 ;3606 ;TT 3606;De 07:30 a 16:00 ht 8.5 ;07:30 ;16:00 ;15 ;0 ;08:30 ;0 ;8:30;;;0
5586 ;3607 ;TT 3607;De 09:15 a 18:15 ht 9.0 ;09:15 ;18:15 ;15 ;0 ;09:00 ;60 ;8:00;02:00 ;03:00 ;1
5587 ;3608 ;TT 3608;De 09:30 a 18:30 ht 9.0 ;09:30 ;18:30 ;30 ;0 ;09:00 ;60 ;8:00;01:30 ;02:30 ;1
5588 ;3609 ;TT 3609;De 07:00 a 15:30 ht 8.5 ;07:00 ;15:30 ;15 ;0 ;08:30 ;0 ;8:30;;;0
5589 ;3610 ;TT 3610;De 01:00 a 11:30 ht 10.5 ;01:00 ;11:30 ;30 ;0 ;10:30 ;60 ;9:30;06:00 ;07:00 ;0
5590 ;3611 ;TT 3611;De 12:15 a 20:15 ht 8.0 ;12:15 ;20:15 ;15 ;0 ;08:00 ;0 ;8:00;;;0
5591 ;3612 ;TT 3612;De 07:15 a 13:45 ht 6.5 ;07:15 ;13:45 ;15 ;0 ;06:30 ;0 ;6:30;;;0
5592 ;3613 ;TT 3613;De 07:45 a 16:45 ht 9.0 ;07:45 ;16:45 ;30 ;0 ;09:00 ;60 ;8:00;01:00 ;02:00 ;1
5593 ;3614 ;TT 3614;De 09:30 a 18:25 ht 8.9 ;09:30 ;18:25 ;15 ;0 ;08:55 ;0 ;8:55;;;0
5594 ;3615 ;TT 3615;De 10:30 a 14:30 ht 4.0 ;10:30 ;14:30 ;0 ;0 ;04:00 ;0 ;4:00;;;0
5595 ;3616 ;TT 3616;De 09:15 a 18:30 ht 9.3 ;09:15 ;18:30 ;15 ;0 ;09:15 ;60 ;8:15;02:00 ;03:00 ;1
5596 ;3617 ;TT 3617;De 06:00 a 14:05 ht 8.1 ;06:00 ;14:05 ;15 ;0 ;08:05 ;0 ;8:05;;;0
5597 ;3618 ;TT 3618;De 13:30 a 17:30 ht 4.0 ;13:30 ;17:30 ;0 ;0 ;04:00 ;0 ;4:00;;;0
5598 ;3619 ;TT 3619;De 11:30 a 21:30 ht 10.0 ;11:30 ;21:30 ;30 ;0 ;10:00 ;60 ;9:00;03:00 ;04:00 ;0
5599 ;3620 ;TT 3620;De 08:00 a 17:00 ht 9.0 ;08:00 ;17:00 ;25 ;0 ;09:00 ;60 ;8:00;12:00 ;13:00 ;1
5600 ;3621 ;TT 3621;De 13:00 a 18:00 ht 5.0 ;13:00 ;18:00 ;30 ;0 ;05:00 ;0 ;5:00;;;1
5601 ;3622 ;TT 3622;De 16:00 a 20:00 ht 4.0 ;16:00 ;20:00 ;0 ;0 ;04:00 ;0 ;4:00;;;0
5602 ;3623 ;TT 3623;De 08:00 a 20:00 ht 12.0 ;08:00 ;20:00 ;30 ;0 ;12:00 ;60 ;11:00;12:00 ;13:00 ;0
5603 ;3624 ;TT 3624;De 07:00 a 17:00 ht 10.0 ;07:00 ;17:00 ;30 ;0 ;10:00 ;0 ;10:00;;;0
5604 ;3625 ;TT 3625;De 14:00 a 19:00 ht 5.0 ;14:00 ;19:00 ;0 ;0 ;05:00 ;0 ;5:00;;;0
5605 ;3626 ;TT 3626;De 11:30 a 18:30 ht 7.0 ;11:30 ;18:30 ;30 ;0 ;07:00 ;0 ;7:00;;;1
5606 ;3627 ;TT 3627;De 08:00 a 19:00 ht 9 ;08:00 ;19:00 ;15 ;15 ;11:00 ;120 ;9:00;12:00 ;14:00 ;0
5607 ;3628 ;TT 3628;De 13:00 a 23:00 ht 10.0 ;13:00 ;23:00 ;0 ;0 ;10:00 ;0 ;10:00;;;0
5608 ;3629 ;TT 3629;De 07:00 a 20:00 ht 13.0 ;07:00 ;20:00 ;15 ;0 ;13:00 ;60 ;12:00;11:00 ;12:00 ;0
5609 ;3630 ;TT 3630;De 07:00 a 20:00 ht 13.0 ;07:00 ;20:00 ;30 ;0 ;13:00 ;60 ;12:00;11:00 ;12:00 ;0
5610 ;3631 ;TT 3631;De 08:45 a 17:45 ht 9.0 ;08:45 ;17:45 ;15 ;0 ;09:00 ;60 ;8:00;01:00 ;02:00 ;1
5611 ;3632 ;TT 3632;De 14:30 a 18:30 ht 4.0 ;14:30 ;18:30 ;0 ;0 ;04:00 ;0 ;4:00;;;0
5612 ;3633 ;TT 3633;De 07:30 a 13:00 ht 5.5 ;07:30 ;13:00 ;20 ;0 ;05:30 ;0 ;5:30;;;0
5613 ;3634 ;TT 3634;De 06:30 a 15:00 ht 8.5 ;06:30 ;15:00 ;30 ;0 ;08:30 ;0 ;8:30;;;1
5614 ;3635 ;TT 3635;De 14:30 a 20:00 ht 5.5 ;14:30 ;20:00 ;30 ;0 ;05:30 ;0 ;5:30;;;1
5615 ;3636 ;TT 3636;De 11:00 a 20:00 ht 9.0 ;11:00 ;20:00 ;0 ;0 ;09:00 ;60 ;8:00;03:00 ;04:00 ;1
5616 ;3637 ;TT 3637;De 07:30 a 12:30 ht 5.0 ;07:30 ;12:30 ;20 ;0 ;05:00 ;0 ;5:00;;;0
5617 ;3638 ;TT 3638;De 07:30 a 12:45 ht 5.3 ;07:30 ;12:45 ;20 ;0 ;05:15 ;0 ;5:15;;;0
5618 ;3639 ;TT 3639;De 16:00 a 02:00 ht 10.0 ;16:00 ;02:00 ;0 ;0 ;10:00 ;60 ;9:00;08:00 ;09:00 ;0
5619 ;3640 ;TT 3640;De 17:00 a 22:00 ht 5.0 ;17:00 ;22:00 ;20 ;0 ;05:00 ;0 ;5:00;;;0
5620 ;3641 ;TT 3641;De 12:30 a 14:00 ht 1.5 ;12:30 ;14:00 ;30 ;0 ;01:30 ;0 ;1:30;;;0
5621 ;3642 ;TT 3642;De 10:00 a 14:00 ht 4.0 ;10:00 ;14:00 ;30 ;0 ;04:00 ;0 ;4:00;;;1
5622 ;3643 ;TT 3643;De 11:30 a 14:00 ht 2.5 ;11:30 ;14:00 ;0 ;0 ;02:30 ;0 ;2:30;;;1
5623 ;3644 ;TT 3644;De 10:30 a 20:30 ht 10.0 ;10:30 ;20:30 ;30 ;0 ;10:00 ;60 ;9:00;02:00 ;03:00 ;0
5624 ;3645 ;TT 3645;De 09:00 a 16:00 ht 7.0 ;09:00 ;16:00 ;35 ;0 ;07:00 ;0 ;7:00;;;1
5625 ;3646 ;TT 3646;De 06:00 a 16:55 ht 10.9 ;06:00 ;16:55 ;30 ;0 ;10:55 ;60 ;9:55;;;0
5626 ;3647 ;TT 3647;De 07:00 a 19:00 ht 12.0 ;07:00 ;19:00 ;30 ;0 ;12:00 ;60 ;11:00;11:00 ;12:00 ;0
5627 ;3648 ;TT 3648;De 07:00 a 14:00 ht 7.0 ;07:00 ;14:00 ;30 ;0 ;07:00 ;60 ;6:00;11:00 ;12:00 ;1
5628 ;3649 ;TT 3649;De 12:00 a 21:00 ht 9.0 ;12:00 ;21:00 ;35 ;0 ;09:00 ;60 ;8:00;02:30 ;03:30 ;1
5629 ;3650 ;TT 3650;De 07:00 a 16:30 ht 9.5 ;07:00 ;16:30 ;0 ;0 ;09:30 ;60 ;8:30;11:00 ;12:00 ;1
5630 ;3651 ;TT 3651;De 09:30 a 14:30 ht 5.0 ;09:30 ;14:30 ;20 ;0 ;05:00 ;0 ;5:00;;;0
5631 ;3652 ;TT 3652;De 16:30 a 21:30 ht 5.0 ;16:30 ;21:30 ;20 ;0 ;05:00 ;0 ;5:00;;;0
5632 ;3653 ;TT 3653;De 08:00 a 13:55 ht 5.9 ;08:00 ;13:55 ;20 ;0 ;05:55 ;0 ;5:55;;;1
5633 ;3654 ;TT 3654;De 09:00 a 16:35 ht 7.6 ;09:00 ;16:35 ;30 ;0 ;07:35 ;0 ;7:35;;;1
5634 ;3655 ;TT 3655;De 09:30 a 14:00 ht 4.5 ;09:30 ;14:00 ;0 ;0 ;04:30 ;0 ;4:30;;;0
5635 ;3656 ;TT 3656;De 11:00 a 18:30 ht 7.5 ;11:00 ;18:30 ;15 ;0 ;07:30 ;0 ;7:30;;;0
5636 ;3657 ;TT 3657;De 11:00 a 20:30 ht 9.5 ;11:00 ;20:30 ;30 ;0 ;09:30 ;60 ;8:30;03:00 ;04:00 ;1
5637 ;3658 ;TT 3658;De 07:30 a 15:35 ht 8.1 ;07:30 ;15:35 ;30 ;0 ;08:05 ;0 ;8:05;;;1
5638 ;3659 ;TT 3659;De 07:30 a 16:30 ht 9.0 ;07:30 ;16:30 ;0 ;0 ;09:00 ;60 ;8:00;11:30 ;12:30 ;1
5639 ;3660 ;TT 3660;De 11:15 a 19:15 ht 8.0 ;11:15 ;19:15 ;30 ;0 ;08:00 ;0 ;8:00;;;1
5640 ;3661 ;TT 3661;De 14:00 a 20:00 ht 6.0 ;14:00 ;20:00 ;25 ;0 ;06:00 ;0 ;6:00;;;1
5641 ;3662 ;TT 3662;De 13:00 a 18:00 ht 5.0 ;13:00 ;18:00 ;0 ;0 ;05:00 ;0 ;5:00;;;0
5642 ;3663 ;TT 3663;De 18:00 a 20:00 ht 2.0 ;18:00 ;20:00 ;0 ;0 ;02:00 ;0 ;2:00;;;0
5643 ;3664 ;TT 3664;De 09:00 a 18:00 ht 9.0 ;09:00 ;18:00 ;35 ;0 ;09:00 ;60 ;8:00;01:00 ;02:00 ;1
5644 ;3665 ;TT 3665;De 11:30 a 21:00 ht 9.5 ;11:30 ;21:00 ;25 ;0 ;09:30 ;60 ;8:30;03:00 ;04:00 ;1
5645 ;3666 ;TT 3666;De 06:00 a 15:35 ht 9.6 ;06:00 ;15:35 ;30 ;0 ;09:35 ;60 ;8:35;;;0
5646 ;3667 ;TT 3667;De 22:00 a 06:00 ht 8.0 ;22:00 ;06:00 ;35 ;0 ;08:00 ;0 ;8:00;;;1
5647 ;3668 ;TT 3668;De 11:30 a 19:00 ht 7.5 ;11:30 ;19:00 ;15 ;0 ;07:30 ;60 ;6:30;03:00 ;04:00 ;1
5648 ;3669 ;TT 3669;De 17:00 a 02:00 ht 9.0 ;17:00 ;02:00 ;15 ;0 ;09:00 ;60 ;8:00;09:00 ;10:00 ;1
5649 ;3670 ;TT 3670;De 14:00 a 18:30 ht 4.5 ;14:00 ;18:30 ;0 ;0 ;04:30 ;0 ;4:30;;;0
5650 ;3671 ;TT 3671;De 16:45 a 00:15 ht 7.5 ;16:45 ;00:15 ;30 ;0 ;07:30 ;0 ;7:30;;;1
5651 ;3672 ;TT 3672;De 16:00 a 22:00 ht 6.0 ;16:00 ;22:00 ;35 ;0 ;06:00 ;0 ;6:00;;;1
5652 ;3673 ;TT 3673;De 09:00 a 13:30 ht 4.5 ;09:00 ;13:30 ;0 ;0 ;04:30 ;0 ;4:30;;;0
5653 ;3674 ;TT 3674;De 13:45 a 19:45 ht 6.0 ;13:45 ;19:45 ;15 ;0 ;06:00 ;0 ;6:00;;;0
5654 ;3675 ;TT 3675;De 12:30 a 22:00 ht 9.5 ;12:30 ;22:00 ;30 ;0 ;09:30 ;60 ;8:30;02:30 ;03:30 ;1
5655 ;3676 ;TT 3676;De 13:45 a 21:45 ht 8.0 ;13:45 ;21:45 ;30 ;0 ;08:00 ;0 ;8:00;;;1
5656 ;3677 ;TT 3677;De 11:30 a 22:00 ht 10.5 ;11:30 ;22:00 ;30 ;0 ;10:30 ;0 ;10:30;;;0
5657 ;3678 ;TT 3678;De 07:30 a 13:35 ht 6.1 ;07:30 ;13:35 ;30 ;0 ;06:05 ;0 ;6:05;;;1
5658 ;3679 ;TT 3679;De 11:30 a 18:30 ht 7.0 ;11:30 ;18:30 ;15 ;0 ;07:00 ;0 ;7:00;;;0
5659 ;3680 ;TT 3680;De 08:30 a 13:00 ht 4.5 ;08:30 ;13:00 ;15 ;0 ;04:30 ;0 ;4:30;;;1
5660 ;3681 ;TT 3681;De 15:30 a 21:00 ht 5.5 ;15:30 ;21:00 ;15 ;0 ;05:30 ;0 ;5:30;;;0
5661 ;3682 ;TT 3682;De 16:00 a 02:00 ht 10.0 ;16:00 ;02:00 ;30 ;0 ;10:00 ;60 ;9:00;09:00 ;10:00 ;0
5662 ;3683 ;TT 3683;De 17:00 a 02:00 ht 9.0 ;17:00 ;02:00 ;30 ;0 ;09:00 ;60 ;8:00;09:00 ;10:00 ;1
5663 ;3684 ;TT 3684;De 10:00 a 15:00 ht 5.0 ;10:00 ;15:00 ;30 ;0 ;05:00 ;0 ;5:00;;;1
5664 ;3685 ;TT 3685;De 15:00 a 20:00 ht 5.0 ;15:00 ;20:00 ;30 ;0 ;05:00 ;0 ;5:00;;;1
5665 ;3686 ;TT 3686;De 09:00 a 14:50 ht 5.8 ;09:00 ;14:50 ;30 ;0 ;05:50 ;0 ;5:50;;;1
5666 ;3687 ;TT 3687;De 08:00 a 17:30 ht 9.5 ;08:00 ;17:30 ;15 ;0 ;09:30 ;0 ;9:30;;;0
5667 ;3688 ;TT 3688;De 14:00 a 01:00 ht 11.0 ;14:00 ;01:00 ;15 ;0 ;11:00 ;60 ;10:00;04:00 ;05:00 ;0
5668 ;3689 ;TT 3689;De 11:30 a 16:30 ht 5.0 ;11:30 ;16:30 ;15 ;0 ;05:00 ;0 ;5:00;;;0
5669 ;3690 ;TT 3690;De 13:30 a 18:30 ht 5.0 ;13:30 ;18:30 ;15 ;0 ;05:00 ;0 ;5:00;;;0
5670 ;3691 ;TT 3691;De 09:45 a 14:45 ht 5.0 ;09:45 ;14:45 ;15 ;0 ;05:00 ;0 ;5:00;;;0
5671 ;3692 ;TT 3692;De 13:00 a 00:00 ht 11.0 ;13:00 ;00:00 ;30 ;0 ;11:00 ;60 ;10:00;04:00 ;05:00 ;0
5672 ;3693 ;TT 3693;De 08:00 a 20:00 ht 12.0 ;08:00 ;20:00 ;15 ;0 ;12:00 ;180 ;9:00;12:00 ;15:00 ;0
5673 ;3694 ;TT 3694;De 07:00 a 20:00 ht 13.0 ;07:00 ;20:00 ;15 ;0 ;13:00 ;245 ;8:55;12:00 ;16:05 ;0
5674 ;3695 ;TT 3695;De 07:00 a 20:00 ht 13.0 ;07:00 ;20:00 ;15 ;0 ;13:00 ;240 ;9:00;12:00 ;16:00 ;0
5675 ;3696 ;TT 3696;De 07:00 a 20:00 ht 13.0 ;07:00 ;20:00 ;15 ;0 ;13:00 ;235 ;9:05;11:00 ;14:55 ;0
5676 ;3697 ;TT 3697;De 07:30 a 12:35 ht 5.1 ;07:30 ;12:35 ;15 ;0 ;05:05 ;0 ;5:05;;;0
5677 ;3698 ;TT 3698;De 12:30 a 17:30 ht 5.0 ;12:30 ;17:30 ;15 ;0 ;05:00 ;0 ;5:00;;;0
5678 ;3699 ;TT 3699;De 09:00 a 17:30 ht 8.5 ;09:00 ;17:30 ;15 ;0 ;08:30 ;0 ;8:30;;;0
5679 ;3700 ;TT 3700;De 12:00 a 22:00 ht 10.0 ;12:00 ;22:00 ;0 ;0 ;10:00 ;0 ;10:00;;;0
5680 ;3701 ;TT 3701;De 21:45 a 05:45 ht 8 ;21:45 ;05:45 ;15 ;15 ;08:00 ;0 ;8:00;;;1
5681 ;3702 ;TT 3702;De 06:30 a 11:30 ht 5.0 ;06:30 ;11:30 ;15 ;0 ;05:00 ;0 ;5:00;;;0
5682 ;3703 ;TT 3703;De 17:00 a 22:00 ht 5.0 ;17:00 ;22:00 ;15 ;0 ;05:00 ;0 ;5:00;;;0
5683 ;3704 ;TT 3704;De 10:00 a 22:00 ht 12.0 ;10:00 ;22:00 ;30 ;0 ;12:00 ;60 ;11:00;02:00 ;03:00 ;0
5684 ;3705 ;TT 3705;De 12:00 a 23:00 ht 11.0 ;12:00 ;23:00 ;30 ;0 ;11:00 ;60 ;10:00;02:30 ;03:30 ;0
5685 ;3706 ;TT 3706;De 19:00 a 22:00 HT 3 ;19:00 ;22:00 ;0 ;0 ;03:00 ;0 ;3:00;;;0
5686 ;3707 ;TT 3707;De 16:00 a 21:00 ht 5.0 ;16:00 ;21:00 ;0 ;0 ;05:00 ;0 ;5:00;;;0
5687 ;3708 ;TT 3708;De 10:30 a 19:00 ht 8.5 ;10:30 ;19:00 ;15 ;0 ;08:30 ;0 ;8:30;;;0
5688 ;3709 ;TT 3709;De 11:30 a 20:30 ht 9.0 ;11:30 ;20:30 ;35 ;0 ;09:00 ;60 ;8:00;03:00 ;04:00 ;1
5689 ;3710 ;TT 3710;De 16:00 a 23:00 ht 7.0 ;16:00 ;23:00 ;0 ;0 ;07:00 ;0 ;7:00;;;0
5690 ;3711 ;TT 3711;De 06:30 a 10:30 ht 4.0 ;06:30 ;10:30 ;0 ;0 ;04:00 ;0 ;4:00;;;0
5691 ;3712 ;TT 3712;De 08:00 a 17:00 ht 9.0 ;08:00 ;17:00 ;35 ;0 ;09:00 ;60 ;8:00;12:00 ;13:00 ;1
5692 ;3713 ;TT 3713;De 05:45 a 14:45 ht 9.0 ;05:45 ;14:45 ;15 ;0 ;09:00 ;60 ;8:00;11:00 ;12:00 ;1
5693 ;3714 ;TT 3714;De 11:30 a 17:30 ht 6.0 ;11:30 ;17:30 ;0 ;0 ;06:00 ;0 ;6:00;;;0
5694 ;3715 ;TT 3715;De 06:00 a 12:05 ht 6.1 ;06:00 ;12:05 ;15 ;0 ;06:05 ;0 ;6:05;;;0
5695 ;3716 ;TT 3716;De 13:45 a 21:45 ht 8.0 ;13:45 ;21:45 ;15 ;0 ;08:00 ;0 ;8:00;;;0
5696 ;3717 ;TT 3717;De 07:00 a 18:00 ht 11.0 ;07:00 ;18:00 ;30 ;0 ;11:00 ;0 ;11:00;;;0
5697 ;3718 ;TT 3718;De 15:00 a 02:00 ht 11.0 ;15:00 ;02:00 ;15 ;0 ;11:00 ;60 ;10:00;06:30 ;07:30 ;0
5698 ;3719 ;TT 3719;De 07:00 a 16:30 ht 9.5 ;07:00 ;16:30 ;30 ;0 ;09:30 ;0 ;9:30;;;1
5699 ;3720 ;TT 3720;De 13:00 a 23:00 ht 10.0 ;13:00 ;23:00 ;15 ;0 ;10:00 ;0 ;10:00;;;0
5700 ;3721 ;TT 3721;De 13:00 a 23:00 ht 10.0 ;13:00 ;23:00 ;30 ;0 ;10:00 ;60 ;9:00;04:00 ;05:00 ;0
5701 ;3722 ;TT 3722;De 09:00 a 18:00 ht 9.0 ;09:00 ;18:00 ;0 ;0 ;09:00 ;60 ;8:00;01:00 ;02:00 ;1
5702 ;3723 ;TT 3723;De 12:30 a 18:00 ht 5.5 ;12:30 ;18:00 ;20 ;0 ;05:30 ;0 ;5:30;;;0
5703 ;3724 ;TT 3724;De 08:45 a 18:15 ht 9.5 ;08:45 ;18:15 ;15 ;0 ;09:30 ;60 ;8:30;;;1
5704 ;3725 ;TT 3725;De 09:15 a 18:45 ht 9.5 ;09:15 ;18:45 ;15 ;0 ;09:30 ;60 ;8:30;02:00 ;03:00 ;1
5705 ;3726 ;TT 3726;De 14:15 a 20:15 ht 6.0 ;14:15 ;20:15 ;15 ;0 ;06:00 ;0 ;6:00;;;0
5706 ;3727 ;TT 3727;De 11:00 a 21:00 ht 10.0 ;11:00 ;21:00 ;1 ;0 ;10:00 ;60 ;9:00;03:00 ;04:00 ;0
5707 ;3728 ;TT 3728;De 10:30 a 15:30 ht 5.0 ;10:30 ;15:30 ;20 ;0 ;05:00 ;0 ;5:00;;;0
5708 ;3729 ;TT 3729;De 10:30 a 17:30 ht 7.0 ;10:30 ;17:30 ;15 ;0 ;07:00 ;0 ;7:00;;;0
5709 ;3730 ;TT 3730;De 15:00 a 02:00 ht 10 ;15:00 ;02:00 ;30 ;0 ;11:00 ;60 ;10:00;06:30 ;07:30 ;0
5710 ;3731 ;TT 3731;De 22:00 a 04:00 ht 6.0 ;22:00 ;04:00 ;0 ;0 ;06:00 ;0 ;6:00;;;0
5711 ;3732 ;TT 3732;De 17:30 a 23:00 ht 5.5 ;17:30 ;23:00 ;20 ;0 ;05:30 ;0 ;5:30;;;0
5712 ;3733 ;TT 3733;De 10:00 a 15:00 ht 5.0 ;10:00 ;15:00 ;0 ;0 ;05:00 ;0 ;5:00;;;0
5713 ;3734 ;TT 3734;De 07:00 a 18:00 ht 9 ;07:00 ;18:00 ;15 ;15 ;11:00 ;120 ;9:00;11:00 ;13:00 ;0
5714 ;3735 ;TT 3735;De 07:00 a 19:00 ht 10 ;07:00 ;19:00 ;15 ;15 ;12:00 ;120 ;10:00;11:00 ;13:00 ;0
5715 ;3736 ;TT 3736;De 06:00 a 17:00 ht 9 ;06:00 ;17:00 ;15 ;15 ;11:00 ;120 ;9:00;10:00 ;12:00 ;0
5716 ;3737 ;TT 3737;De 04:00 a 13:00 ht 8 ;04:00 ;13:00 ;15 ;0 ;09:00 ;60 ;8:00;11:00 ;12:00 ;1
5717 ;3738 ;TT 3738;De 06:00 a 14:35 ht 8.6 ;06:00 ;14:35 ;15 ;0 ;08:35 ;0 ;8:35;;;0
5718 ;3739 ;TT 3739;De 04:00 a 12:00 ht 8.0 ;04:00 ;12:00 ;15 ;0 ;08:00 ;0 ;8:00;;;0
5719 ;3740 ;TT 3740;De 06:00 a 11:00 ht 5.0 ;06:00 ;11:00 ;0 ;0 ;05:00 ;0 ;5:00;;;0
5720 ;3741 ;TT 3741;De 09:30 a 18:00 ht 8.5 ;09:30 ;18:00 ;15 ;0 ;08:30 ;0 ;8:30;;;0
5721 ;3742 ;TT 3742;De 07:00 a 12:00 ht 5.0 ;07:00 ;12:00 ;0 ;0 ;05:00 ;0 ;5:00;;;0
5722 ;3743 ;TT 3743;De 07:30 a 12:30 ht 5.0 ;07:30 ;12:30 ;0 ;0 ;05:00 ;0 ;5:00;;;0
5723 ;3744 ;TT 3744;De 12:30 a 17:30 ht 5.0 ;12:30 ;17:30 ;0 ;0 ;05:00 ;0 ;5:00;;;0
5724 ;3745 ;TT 3745;De 14:30 a 19:00 ht 4.5 ;14:30 ;19:00 ;0 ;0 ;04:30 ;0 ;4:30;;;0
5725 ;3746 ;TT 3746;De 06:00 a 10:30 ht 4.5 ;06:00 ;10:30 ;0 ;0 ;04:30 ;0 ;4:30;;;0
5726 ;3747 ;TT 3747;De 06:30 a 18:30 ht 10 ;06:30 ;18:30 ;15 ;15 ;12:00 ;120 ;10:00;10:30 ;12:30 ;0
5727 ;3748 ;TT 3748;De 06:30 a 16:30 ht 10.0 ;06:30 ;16:30 ;15 ;0 ;10:00 ;120 ;8:00;10:30 ;12:30 ;0
5728 ;3749 ;TT 3749;De 06:30 a 17:30 ht 9 ;06:30 ;17:30 ;15 ;15 ;11:00 ;120 ;9:00;10:30 ;12:30 ;0
5729 ;3750 ;TT 3750;De 06:45 a 12:45 ht 6.0 ;06:45 ;12:45 ;15 ;0 ;06:00 ;0 ;6:00;;;0
5730 ;3751 ;TT 3751;De 11:30 a 17:00 ht 5.5 ;11:30 ;17:00 ;15 ;0 ;05:30 ;0 ;5:30;;;0
5731 ;3752 ;TT 3752;De 09:45 a 17:45 ht 8.0 ;09:45 ;17:45 ;30 ;0 ;08:00 ;0 ;8:00;;;1
5732 ;3753 ;TT 3753;De 11:00 a 16:00 ht 5.0 ;11:00 ;16:00 ;0 ;0 ;05:00 ;0 ;5:00;;;0
5733 ;3754 ;TT 3754;De 10:30 a 18:30 ht 8.0 ;10:30 ;18:30 ;0 ;0 ;08:00 ;0 ;8:00;;;0
5734 ;3755 ;TT 3755;De 11:30 a 17:00 ht 5.5 ;11:30 ;17:00 ;20 ;0 ;05:30 ;0 ;5:30;;;0
5735 ;3756 ;TT 3756;De 08:00 a 19:00 ht 11.0 ;08:00 ;19:00 ;30 ;0 ;11:00 ;120 ;9:00;12:00 ;14:00 ;0
5736 ;3757 ;TT 3757;De 07:30 a 18:30 ht 11.0 ;07:30 ;18:30 ;15 ;0 ;11:00 ;120 ;9:00;11:30 ;13:30 ;0
5737 ;3758 ;TT 3758;De 19:00 a 03:00 ht 8.0 ;19:00 ;03:00 ;15 ;15 ;08:00 ;0 ;8:00;;;1
5738 ;3759 ;TT 3759;De 09:00 a 19:00 ht 10.0 ;09:00 ;19:00 ;30 ;0 ;10:00 ;120 ;8:00;01:00 ;03:00 ;0
5739 ;3760 ;TT 3760;De 08:30 a 18:30 ht 10.0 ;08:30 ;18:30 ;15 ;0 ;10:00 ;120 ;8:00;12:30 ;14:30 ;0
5740 ;3761 ;TT 3761;De 09:00 a 19:00 ht 10.0 ;09:00 ;19:00 ;15 ;0 ;10:00 ;125 ;7:55;01:00 ;03:05 ;0
5741 ;3762 ;TT 3762;De 07:00 a 17:00 ht 10.0 ;07:00 ;17:00 ;15 ;0 ;10:00 ;120 ;8:00;11:00 ;13:00 ;0
5742 ;3763 ;TT 3763;De 06:00 a 16:00 ht 10.0 ;06:00 ;16:00 ;15 ;0 ;10:00 ;120 ;8:00;10:00 ;12:00 ;0
5743 ;3764 ;TT 3764;De 07:30 a 17:30 ht 10.0 ;07:30 ;17:30 ;15 ;0 ;10:00 ;120 ;8:00;11:30 ;13:30 ;0
5744 ;3765 ;TT 3765;De 13:00 a 19:00 ht 6.0 ;13:00 ;19:00 ;0 ;0 ;06:00 ;120 ;4:00;04:00 ;06:00 ;1
5745 ;3766 ;TT 3766;De 09:00 a 21:00 ht 12.0 ;09:00 ;21:00 ;30 ;0 ;12:00 ;60 ;11:00;01:00 ;02:00 ;0
5746 ;3767 ;TT 3767;De 10:00 a 22:00 ht 12.0 ;10:00 ;22:00 ;25 ;0 ;12:00 ;60 ;11:00;02:00 ;03:00 ;0
5747 ;3768 ;TT 3768;De 07:00 a 19:00 ht 12.0 ;07:00 ;19:00 ;15 ;0 ;12:00 ;125 ;9:55;11:00 ;13:05 ;0
5748 ;3769 ;TT 3769;De 16:00 a 03:00 ht 11.0 ;16:00 ;03:00 ;30 ;0 ;11:00 ;60 ;10:00;09:00 ;10:00 ;0
5749 ;3770 ;TT 3770;De 16:00 a 03:00 ht 11.0 ;16:00 ;03:00 ;15 ;0 ;11:00 ;60 ;10:00;09:00 ;10:00 ;0
5750 ;3771 ;TT 3771;De 08:00 a 19:00 ht 11.0 ;08:00 ;19:00 ;30 ;0 ;11:00 ;0 ;11:00;;;0
5751 ;3772 ;TT 3772;De 09:00 a 19:00 ht 10.0 ;09:00 ;19:00 ;30 ;0 ;10:00 ;64 ;8:56;01:00 ;02:04 ;0
5752 ;3773 ;TT 3773;De 09:00 a 20:00 ht 11.0 ;09:00 ;20:00 ;30 ;0 ;11:00 ;0 ;11:00;;;0
5753 ;3774 ;TT 3774;De 01:00 a 08:00 ht 8 ;01:00 ;08:00 ;30 ;0 ;07:00 ;0 ;7:00;;;1
5754 ;3775 ;TT 3775;De 07:00 a 17:05 ht 10.1 ;07:00 ;17:05 ;15 ;0 ;10:05 ;120 ;8:05;;;0
5755 ;3776 ;TT 3776;De 08:30 a 19:00 ht 10.5 ;08:30 ;19:00 ;0 ;0 ;10:30 ;0 ;10:30;;;0
5756 ;3777 ;TT 3777;De 06:00 a 11:00 ht 5.0 ;06:00 ;11:00 ;30 ;0 ;05:00 ;0 ;5:00;;;1
5757 ;3778 ;TT 3778;De 06:30 a 18:30 ht 12.0 ;06:30 ;18:30 ;15 ;0 ;12:00 ;60 ;11:00;10:30 ;11:30 ;0
5758 ;3779 ;TT 3779;De 07:00 a 14:00 ht 7.0 ;07:00 ;14:00 ;15 ;0 ;07:00 ;60 ;6:00;11:00 ;12:00 ;1
5759 ;3780 ;TT 3780;De 08:00 a 17:00 ht 9.0 ;08:00 ;17:00 ;15 ;0 ;09:00 ;120 ;7:00;12:00 ;14:00 ;1
5760 ;3781 ;TT 3781;De 10:00 a 18:00 ht 8.0 ;10:00 ;18:00 ;15 ;0 ;08:00 ;120 ;6:00;02:00 ;04:00 ;1
5761 ;3782 ;TT 3782;De 11:00 a 19:00 ht 8.0 ;11:00 ;19:00 ;15 ;0 ;08:00 ;120 ;6:00;03:00 ;05:00 ;1
5762 ;3783 ;TT 3783;De 11:00 a 19:00 ht 8.0 ;11:00 ;19:00 ;30 ;0 ;08:00 ;60 ;7:00;03:00 ;04:00 ;1
5763 ;3784 ;TT 3784;De 12:00 a 19:00 ht 7.0 ;12:00 ;19:00 ;15 ;0 ;07:00 ;60 ;6:00;02:30 ;03:30 ;1
5764 ;3785 ;TT 3785;De 08:00 a 19:00 ht 11.0 ;08:00 ;19:00 ;10 ;0 ;11:00 ;120 ;9:00;12:00 ;14:00 ;0
5765 ;3786 ;TT 3786;De 02:00 a 10:00 ht 8 ;02:00 ;10:00 ;30 ;0 ;08:00 ;0 ;8:00;;;1
5766 ;3787 ;TT 3787;De 09:00 a 13:05 ht 4.1 ;09:00 ;13:05 ;0 ;0 ;04:05 ;0 ;4:05;;;0
5767 ;3788 ;TT 3788;De 08:00 a 15:00 ht 7.0 ;08:00 ;15:00 ;0 ;0 ;07:00 ;60 ;6:00;12:00 ;13:00 ;1
5768 ;3789 ;TT 3789;De 09:00 a 17:00 ht 8.0 ;09:00 ;17:00 ;0 ;0 ;08:00 ;60 ;7:00;01:00 ;02:00 ;1
5769 ;3790 ;TT 3790;De 06:00 a 15:00 ht 9.0 ;06:00 ;15:00 ;15 ;0 ;09:00 ;120 ;7:00;10:00 ;12:00 ;1
5770 ;3791 ;TT 3791;De 06:00 a 13:25 ht 7.4 ;06:00 ;13:25 ;0 ;0 ;07:25 ;0 ;7:25;;;0
5771 ;3792 ;TT 3792;De 11:15 a 20:15 ht 9.0 ;11:15 ;20:15 ;15 ;0 ;09:00 ;60 ;8:00;03:00 ;04:00 ;1
5772 ;3793 ;TT 3793;De 08:30 a 19:30 ht 11.0 ;08:30 ;19:30 ;15 ;0 ;11:00 ;0 ;11:00;;;0
5773 ;3794 ;TT 3794;De 09:00 a 20:00 ht 11.0 ;09:00 ;20:00 ;0 ;0 ;11:00 ;60 ;10:00;01:00 ;02:00 ;0
5774 ;3795 ;TT 3795;De 17:30 a 21:30 ht 4 ;17:30 ;21:30 ;15 ;0 ;04:00 ;0 ;4:00;;;1
5775 ;3796 ;TT 3796;De 06:30 a 18:30 ht 12.0 ;06:30 ;18:30 ;15 ;0 ;12:00 ;0 ;12:00;;;0
5776 ;3797 ;TT 3797;De 05:45 a 13:45 ht 8.0 ;05:45 ;13:45 ;0 ;0 ;08:00 ;0 ;8:00;;;0
5777 ;3798 ;TT 3798;De 06:00 a 16:30 ht 10.5 ;06:00 ;16:30 ;15 ;0 ;10:30 ;30 ;10:00;10:00 ;10:30 ;0
5778 ;3799 ;TT 3799;De 07:30 a 17:00 ht 9.5 ;07:30 ;17:00 ;15 ;0 ;09:30 ;30 ;9:00;11:30 ;12:00 ;1
5779 ;3800 ;TT 3800;De 06:00 a 16:00 ht 10.0 ;06:00 ;16:00 ;15 ;0 ;10:00 ;30 ;9:30;10:00 ;10:30 ;0
5780 ;3801 ;TT 3801;De 06:30 a 17:00 ht 10.5 ;06:30 ;17:00 ;30 ;0 ;10:30 ;30 ;10:00;10:30 ;11:00 ;0
5781 ;3802 ;TT 3802;De 13:30 a 18:30 ht 5.0 ;13:30 ;18:30 ;20 ;0 ;05:00 ;0 ;5:00;;;0
5782 ;3803 ;TT 3803;De 13:30 a 20:30 ht 7.0 ;13:30 ;20:30 ;0 ;0 ;07:00 ;0 ;7:00;;;0
5783 ;3804 ;TT 3804;De 10:30 a 17:30 ht 7.0 ;10:30 ;17:30 ;0 ;0 ;07:00 ;0 ;7:00;;;0
5784 ;3805 ;TT 3805;De 17:30 a 22:30 ht 5.0 ;17:30 ;22:30 ;20 ;0 ;05:00 ;0 ;5:00;;;0
5785 ;3806 ;TT 3806;De 09:30 a 20:15 ht 10.8 ;09:30 ;20:15 ;15 ;0 ;10:45 ;60 ;9:45;;;0
5786 ;3807 ;TT 3807;De 12:15 a 21:15 ht 9.0 ;12:15 ;21:15 ;15 ;0 ;09:00 ;60 ;8:00;02:30 ;03:30 ;1
5787 ;3808 ;TT 3808;De 05:45 a 13:45 ht 8.0 ;05:45 ;13:45 ;30 ;0 ;08:00 ;0 ;8:00;;;1
5788 ;3809 ;TT 3809;De 09:00 a 18:00 ht 9.0 ;09:00 ;18:00 ;15 ;0 ;09:00 ;55 ;8:05;01:00 ;01:55 ;1
5789 ;3810 ;TT 3810;De 06:15 a 14:15 ht 8.0 ;06:15 ;14:15 ;30 ;0 ;08:00 ;0 ;8:00;;;1
5790 ;3811 ;TT 3811;De 09:45 a 17:00 ht 7.3 ;09:45 ;17:00 ;15 ;0 ;07:15 ;0 ;7:15;;;0
5791 ;3812 ;TT 3812;De 07:00 a 16:00 ht 9.0 ;07:00 ;16:00 ;15 ;0 ;09:00 ;55 ;8:05;11:00 ;11:55 ;1
5792 ;3813 ;TT 3813;De 07:00 a 19:00 ht 12.0 ;07:00 ;19:00 ;0 ;0 ;12:00 ;0 ;12:00;;;0
5793 ;3814 ;TT 3814;De 05:45 a 16:45 ht 11.0 ;05:45 ;16:45 ;15 ;0 ;11:00 ;60 ;10:00;11:00 ;12:00 ;0
5794 ;3815 ;TT 3815;De 05:45 a 15:45 ht 10.0 ;05:45 ;15:45 ;15 ;0 ;10:00 ;60 ;9:00;11:00 ;12:00 ;0
5795 ;3816 ;TT 3816;De 06:30 a 18:30 ht 12.0 ;06:30 ;18:30 ;0 ;0 ;12:00 ;0 ;12:00;;;0
5796 ;3817 ;TT 3817;De 06:00 a 11:30 ht 5.5 ;06:00 ;11:30 ;15 ;0 ;05:30 ;0 ;5:30;;;0
5797 ;3818 ;TT 3818;De 07:45 a 19:00 ht 11.3 ;07:45 ;19:00 ;15 ;0 ;11:15 ;60 ;10:15;01:00 ;02:00 ;0
5798 ;3819 ;TT 3819;De 16:00 a 00:00 ht 8.0 ;16:00 ;00:00 ;35 ;0 ;08:00 ;0 ;8:00;;;1
5799 ;3820 ;TT 3820;De 07:45 a 15:45 ht 8.0 ;07:45 ;15:45 ;30 ;0 ;08:00 ;0 ;8:00;;;1
5800 ;3821 ;TT 3821;De 15:45 a 23:45 ht 8.0 ;15:45 ;23:45 ;15 ;0 ;08:00 ;0 ;8:00;;;0
5801 ;3822 ;TT 3822;De 15:30 a 19:30 ht 4.0 ;15:30 ;19:30 ;15 ;0 ;04:00 ;0 ;4:00;;;1
5802 ;3823 ;TT 3823;De 11:30 a 19:30 ht 8.0 ;11:30 ;19:30 ;0 ;0 ;08:00 ;0 ;8:00;;;0
5803 ;3824 ;TT 3824;De 09:30 a 15:30 ht 6.0 ;09:30 ;15:30 ;0 ;0 ;06:00 ;0 ;6:00;;;0
5804 ;3825 ;TT 3825;De 13:00 a 22:05 ht 9.1 ;13:00 ;22:05 ;0 ;0 ;09:05 ;0 ;9:05;;;0
5805 ;3826 ;TT 3826;De 13:15 a 21:15 ht 8.0 ;13:15 ;21:15 ;15 ;0 ;08:00 ;0 ;8:00;;;0
5806 ;3827 ;TT 3827;De 13:00 a 20:00 ht 7.0 ;13:00 ;20:00 ;15 ;0 ;07:00 ;60 ;6:00;04:00 ;05:00 ;1
5807 ;3828 ;TT 3828;De 12:30 a 19:30 ht 7.0 ;12:30 ;19:30 ;15 ;0 ;07:00 ;60 ;6:00;03:00 ;04:00 ;1
5808 ;3829 ;TT 3829;De 15:00 a 22:00 ht 7.0 ;15:00 ;22:00 ;15 ;0 ;07:00 ;60 ;6:00;;;1
5809 ;3830 ;TT 3830;De 14:00 a 21:00 ht 7.0 ;14:00 ;21:00 ;15 ;0 ;07:00 ;60 ;6:00;;;1
5810 ;3831 ;TT 3831;De 06:15 a 14:15 ht 8.0 ;06:15 ;14:15 ;15 ;0 ;08:00 ;0 ;8:00;;;0
5811 ;3832 ;TT 3832;De 08:15 a 16:15 ht 8.0 ;08:15 ;16:15 ;15 ;0 ;08:00 ;0 ;8:00;;;0
5812 ;3833 ;TT 3833;De 08:15 a 17:15 ht 9.0 ;08:15 ;17:15 ;30 ;0 ;09:00 ;60 ;8:00;01:00 ;02:00 ;1
5813 ;3834 ;TT 3834;De 08:30 a 17:45 ht 9.3 ;08:30 ;17:45 ;30 ;0 ;09:15 ;60 ;8:15;12:30 ;13:30 ;1
5814 ;3835 ;TT 3835;De 07:45 a 15:45 ht 8.0 ;07:45 ;15:45 ;15 ;0 ;08:00 ;0 ;8:00;;;0
5815 ;3836 ;TT 3836;De 10:15 a 18:15 ht 8.0 ;10:15 ;18:15 ;15 ;0 ;08:00 ;0 ;8:00;;;0
5816 ;3837 ;TT 3837;De 08:15 a 14:15 ht 6.0 ;08:15 ;14:15 ;15 ;0 ;06:00 ;0 ;6:00;;;0
5817 ;3838 ;TT 3838;De 10:45 a 18:45 ht 8.0 ;10:45 ;18:45 ;15 ;0 ;08:00 ;0 ;8:00;;;0
5818 ;3839 ;TT 3839;De 10:00 a 17:00 ht 7.0 ;10:00 ;17:00 ;0 ;0 ;07:00 ;0 ;7:00;;;0
5819 ;3840 ;TT 3840;De 08:00 a 15:00 ht 7.0 ;08:00 ;15:00 ;30 ;0 ;07:00 ;60 ;6:00;12:00 ;13:00 ;1
5820 ;3841 ;TT 3841;De 07:30 a 19:30 ht 12.0 ;07:30 ;19:30 ;15 ;0 ;12:00 ;120 ;10:00;11:30 ;13:30 ;0
5821 ;3842 ;TT 3842;De 05:45 a 14:15 ht 8.5 ;05:45 ;14:15 ;15 ;0 ;08:30 ;0 ;8:30;;;0
5822 ;3843 ;TT 3843;De 11:45 a 19:45 ht 8.0 ;11:45 ;19:45 ;15 ;0 ;08:00 ;0 ;8:00;;;0
5823 ;3844 ;TT 3844;De 12:45 a 20:45 ht 8.0 ;12:45 ;20:45 ;15 ;0 ;08:00 ;0 ;8:00;;;0
5824 ;3845 ;TT 3845;De 05:45 a 11:45 ht 6.0 ;05:45 ;11:45 ;15 ;0 ;06:00 ;0 ;6:00;;;0
5825 ;3846 ;TT 3846;De 05:45 a 14:20 ht 8.6 ;05:45 ;14:20 ;15 ;0 ;08:35 ;0 ;8:35;;;0
5826 ;3847 ;TT 3847;De 08:45 a 19:45 ht 11.0 ;08:45 ;19:45 ;15 ;0 ;11:00 ;60 ;10:00;;;0
5827 ;3848 ;TT 3848;De 08:30 a 16:00 ht 7.5 ;08:30 ;16:00 ;15 ;0 ;07:30 ;60 ;6:30;12:30 ;13:30 ;1
5828 ;3849 ;TT 3849;De 10:00 a 20:00 ht 10.0 ;10:00 ;20:00 ;15 ;0 ;10:00 ;120 ;8:00;02:00 ;04:00 ;0
5829 ;3850 ;TT 3850;De 11:30 a 19:30 ht 8.0 ;11:30 ;19:30 ;30 ;0 ;08:00 ;60 ;7:00;03:00 ;04:00 ;1
5830 ;3851 ;TT 3851;De 08:00 a 14:00 ht 6.0 ;08:00 ;14:00 ;30 ;0 ;06:00 ;60 ;5:00;12:00 ;13:00 ;1
5831 ;3852 ;TT 3852;De 07:00 a 16:45 ht 9.8 ;07:00 ;16:45 ;15 ;0 ;09:45 ;60 ;8:45;11:00 ;12:00 ;0
5832 ;3853 ;TT 3853;De 05:45 a 12:00 ht 6.3 ;05:45 ;12:00 ;30 ;0 ;06:15 ;0 ;6:15;;;1
5833 ;3854 ;TT 3854;De 09:45 a 13:45 ht 4.0 ;09:45 ;13:45 ;15 ;0 ;04:00 ;0 ;4:00;;;1
5834 ;3855 ;TT 3855;De 09:45 a 19:45 ht 10.0 ;09:45 ;19:45 ;15 ;0 ;10:00 ;60 ;9:00;02:30 ;03:30 ;0
5835 ;3856 ;TT 3856;De 07:45 a 13:45 ht 6.0 ;07:45 ;13:45 ;30 ;0 ;06:00 ;0 ;6:00;;;1
5836 ;3857 ;TT 3857;De 05:45 a 14:00 ht 8.3 ;05:45 ;14:00 ;15 ;0 ;08:15 ;0 ;8:15;;;0
5837 ;3858 ;TT 3858;De 09:45 a 20:45 ht 11.0 ;09:45 ;20:45 ;15 ;0 ;11:00 ;60 ;10:00;02:30 ;03:30 ;0
5838 ;3859 ;TT 3859;De 08:45 a 16:45 ht 8.0 ;08:45 ;16:45 ;15 ;0 ;08:00 ;0 ;8:00;;;0
5839 ;3860 ;TT 3860;De 09:45 a 17:45 ht 8.0 ;09:45 ;17:45 ;15 ;0 ;08:00 ;0 ;8:00;;;0
5840 ;3861 ;TT 3861;De 10:45 a 19:45 ht 9.0 ;10:45 ;19:45 ;15 ;0 ;09:00 ;60 ;8:00;02:00 ;03:00 ;1
5841 ;3862 ;TT 3862;De 11:45 a 20:00 ht 8.3 ;11:45 ;20:00 ;15 ;0 ;08:15 ;0 ;8:15;;;0
5842 ;3863 ;TT 3863;De 15:15 a 21:15 ht 6.0 ;15:15 ;21:15 ;15 ;0 ;06:00 ;0 ;6:00;;;0
5843 ;3864 ;TT 3864;De 09:45 a 18:30 ht 8.8 ;09:45 ;18:30 ;15 ;0 ;08:45 ;0 ;8:45;;;0
5844 ;3865 ;TT 3865;De 06:45 a 13:45 ht 7.0 ;06:45 ;13:45 ;15 ;0 ;07:00 ;0 ;7:00;;;0
5845 ;3866 ;TT 3866;De 07:45 a 14:45 ht 7.0 ;07:45 ;14:45 ;15 ;0 ;07:00 ;0 ;7:00;;;0
5846 ;3867 ;TT 3867;De 14:30 a 18:30 ht 4.0 ;14:30 ;18:30 ;15 ;0 ;04:00 ;0 ;4:00;;;1
5847 ;3868 ;TT 3868;De 13:45 a 17:45 ht 4.0 ;13:45 ;17:45 ;15 ;0 ;04:00 ;0 ;4:00;;;1
5848 ;3869 ;TT 3869;De 05:45 a 13:00 ht 7.3 ;05:45 ;13:00 ;15 ;0 ;07:15 ;0 ;7:15;;;0
5849 ;3870 ;TT 3870;De 08:15 a 16:15 ht 8.0 ;08:15 ;16:15 ;30 ;0 ;08:00 ;0 ;8:00;;;1
5850 ;3871 ;TT 3871;De 08:45 a 15:45 ht 7.0 ;08:45 ;15:45 ;15 ;0 ;07:00 ;0 ;7:00;;;0
5851 ;3872 ;TT 3872;De 13:45 a 21:45 ht 8.0 ;13:45 ;21:45 ;0 ;0 ;08:00 ;0 ;8:00;;;0
5852 ;3873 ;TT 3873;De 08:15 a 15:15 ht 7.0 ;08:15 ;15:15 ;15 ;0 ;07:00 ;0 ;7:00;;;0
5853 ;3874 ;TT 3874;De 09:15 a 15:15 ht 6.0 ;09:15 ;15:15 ;15 ;0 ;06:00 ;0 ;6:00;;;0
5854 ;3875 ;TT 3875;De 14:45 a 22:45 ht 8.0 ;14:45 ;22:45 ;15 ;0 ;08:00 ;0 ;8:00;;;0
5855 ;3876 ;TT 3876;De 11:30 a 19:30 ht 8.0 ;11:30 ;19:30 ;15 ;0 ;08:00 ;60 ;7:00;03:00 ;04:00 ;1
5856 ;3877 ;TT 3877;De 09:45 a 19:15 ht 9.5 ;09:45 ;19:15 ;15 ;0 ;09:30 ;60 ;8:30;02:30 ;03:30 ;1
5857 ;3878 ;TT 3878;De 12:00 a 21:00 ht 9.0 ;12:00 ;21:00 ;0 ;0 ;09:00 ;60 ;8:00;03:00 ;04:00 ;1
5858 ;3879 ;TT 3879;De 16:00 a 22:00 ht 6.0 ;16:00 ;22:00 ;25 ;0 ;06:00 ;0 ;6:00;;;1
5859 ;3880 ;TT 3880;De 09:45 a 18:45 ht 9.0 ;09:45 ;18:45 ;15 ;0 ;09:00 ;60 ;8:00;02:30 ;03:30 ;1
5860 ;3881 ;TT 3881;De 15:00 a 21:00 ht 6.0 ;15:00 ;21:00 ;25 ;0 ;06:00 ;0 ;6:00;;;1
5861 ;3882 ;TT 3882;De 10:00 a 18:00 ht 8.0 ;10:00 ;18:00 ;25 ;0 ;08:00 ;0 ;8:00;;;1
5862 ;3883 ;TT 3883;De 05:45 a 16:45 ht 11.0 ;05:45 ;16:45 ;15 ;0 ;11:00 ;0 ;11:00;;;0
5863 ;3884 ;TT 3884;De 17:00 a 01:00 ht 8.0 ;17:00 ;01:00 ;15 ;0 ;08:00 ;0 ;8:00;;;0
5864 ;3885 ;TT 3885;De 05:45 a 14:45 ht 9.0 ;05:45 ;14:45 ;15 ;0 ;09:00 ;0 ;9:00;;;0
5865 ;3886 ;TT 3886;De 05:45 a 12:45 ht 7.0 ;05:45 ;12:45 ;15 ;0 ;07:00 ;0 ;7:00;;;0
5866 ;3887 ;TT 3887;De 15:15 a 23:15 ht 8.0 ;15:15 ;23:15 ;15 ;0 ;08:00 ;0 ;8:00;;;0
5867 ;3888 ;TT 3888;De 07:45 a 16:45 ht 9.0 ;07:45 ;16:45 ;15 ;0 ;09:00 ;0 ;9:00;;;0
5868 ;3889 ;TT 3889;De 08:30 a 16:45 ht 8.3 ;08:30 ;16:45 ;15 ;0 ;08:15 ;0 ;8:15;;;0
5869 ;3890 ;TT 3890;De 13:15 a 21:15 ht 8.0 ;13:15 ;21:15 ;30 ;0 ;08:00 ;0 ;8:00;;;1
5870 ;3891 ;TT 3891;De 12:45 a 21:45 ht 9.0 ;12:45 ;21:45 ;15 ;0 ;09:00 ;60 ;8:00;03:00 ;04:00 ;1
5871 ;3892 ;TT 3892;De 12:45 a 21:45 ht 9.0 ;12:45 ;21:45 ;30 ;0 ;09:00 ;60 ;8:00;03:00 ;04:00 ;1
5872 ;3893 ;TT 3893;De 06:00 a 14:00 ht 8.0 ;06:00 ;14:00 ;20 ;0 ;08:00 ;0 ;8:00;;;0
5873 ;3894 ;TT 3894;De 05:45 a 15:15 ht 9.5 ;05:45 ;15:15 ;15 ;0 ;09:30 ;60 ;8:30;11:00 ;12:00 ;1
5874 ;3895 ;TT 3895;De 10:15 a 16:15 ht 6.0 ;10:15 ;16:15 ;15 ;0 ;06:00 ;0 ;6:00;;;0
5875 ;3896 ;TT 3896;De 06:00 a 14:45 ht 8.8 ;06:00 ;14:45 ;15 ;0 ;08:45 ;0 ;8:45;;;0
5876 ;3897 ;TT 3897;De 05:45 a 15:15 ht 9.5 ;05:45 ;15:15 ;0 ;0 ;09:30 ;0 ;9:30;;;0
5877 ;3898 ;TT 3898;De 15:45 a 21:45 ht 6.0 ;15:45 ;21:45 ;15 ;0 ;06:00 ;0 ;6:00;;;0
5878 ;3899 ;TT 3899;De 11:15 a 19:15 ht 8.0 ;11:15 ;19:15 ;15 ;0 ;08:00 ;0 ;8:00;;;0
5879 ;3900 ;TT 3900;De 14:45 a 20:45 ht 6.0 ;14:45 ;20:45 ;15 ;0 ;06:00 ;0 ;6:00;;;0
5880 ;3901 ;TT 3901;De 12:00 a 21:15 ht 9.3 ;12:00 ;21:15 ;15 ;0 ;09:15 ;0 ;9:15;;;0
5881 ;3902 ;TT 3902;De 07:00 a 15:00 ht 8.0 ;07:00 ;15:00 ;20 ;0 ;08:00 ;0 ;8:00;;;0
5882 ;3903 ;TT 3903;De 08:30 a 14:00 ht 5.5 ;08:30 ;14:00 ;0 ;0 ;05:30 ;0 ;5:30;;;0
5883 ;3904 ;TT 3904;De 08:00 a 16:30 ht 8.5 ;08:00 ;16:30 ;0 ;0 ;08:30 ;0 ;8:30;;;0
5884 ;3905 ;TT 3905;De 05:45 a 13:45 ht 8.0 ;05:45 ;13:45 ;20 ;0 ;08:00 ;0 ;8:00;;;0
5885 ;3906 ;TT 3906;De 07:45 a 14:15 ht 6.5 ;07:45 ;14:15 ;15 ;0 ;06:30 ;0 ;6:30;;;0
5886 ;3907 ;TT 3907;De 06:15 a 15:15 ht 9.0 ;06:15 ;15:15 ;15 ;0 ;09:00 ;60 ;8:00;11:00 ;12:00 ;1
5887 ;3908 ;TT 3908;De 14:00 a 22:00 ht 8.0 ;14:00 ;22:00 ;25 ;0 ;08:00 ;0 ;8:00;;;1
5888 ;3909 ;TT 3909;De 08:45 a 14:45 ht 6.0 ;08:45 ;14:45 ;15 ;0 ;06:00 ;0 ;6:00;;;0
5889 ;3910 ;TT 3910;De 12:00 a 20:00 ht 8.0 ;12:00 ;20:00 ;25 ;0 ;08:00 ;0 ;8:00;;;1
5890 ;3911 ;TT 3911;De 10:45 a 16:45 ht 6.0 ;10:45 ;16:45 ;15 ;0 ;06:00 ;0 ;6:00;;;0
5891 ;3912 ;TT 3912;De 12:45 a 20:45 ht 8.0 ;12:45 ;20:45 ;0 ;0 ;08:00 ;0 ;8:00;;;0
5892 ;3913 ;TT 3913;De 07:00 a 11:30 ht 4.5 ;07:00 ;11:30 ;15 ;0 ;04:30 ;0 ;4:30;;;1
5893 ;3914 ;TT 3914;De 07:30 a 12:00 ht 4.5 ;07:30 ;12:00 ;15 ;0 ;04:30 ;0 ;4:30;;;1
5894 ;3915 ;TT 3915;De 09:30 a 14:00 ht 4.5 ;09:30 ;14:00 ;15 ;0 ;04:30 ;0 ;4:30;;;1
5895 ;3916 ;TT 3916;De 11:00 a 15:30 ht 4.5 ;11:00 ;15:30 ;15 ;0 ;04:30 ;0 ;4:30;;;1
5896 ;3917 ;TT 3917;De 09:30 a 17:30 ht 8.0 ;09:30 ;17:30 ;0 ;0 ;08:00 ;0 ;8:00;;;0
5897 ;3918 ;TT 3918;De 14:30 a 20:30 ht 6.0 ;14:30 ;20:30 ;0 ;0 ;06:00 ;0 ;6:00;;;0
5898 ;3919 ;TT 3919;De 12:30 a 21:30 ht 9.0 ;12:30 ;21:30 ;15 ;0 ;09:00 ;0 ;9:00;;;0
5899 ;3920 ;TT 3920;De 08:30 a 16:35 ht 8.1 ;08:30 ;16:35 ;15 ;0 ;08:05 ;0 ;8:05;;;0
5900 ;3921 ;TT 3921;De 08:45 a 17:15 ht 8.5 ;08:45 ;17:15 ;15 ;0 ;08:30 ;30 ;8:00;;;1
5901 ;3922 ;TT 3922;De 08:00 a 16:30 ht 8.5 ;08:00 ;16:30 ;15 ;0 ;08:30 ;30 ;8:00;12:00 ;12:30 ;1
5902 ;3923 ;TT 3923;De 09:30 a 18:00 ht 8.5 ;09:30 ;18:00 ;15 ;0 ;08:30 ;30 ;8:00;01:30 ;02:00 ;1
5903 ;3924 ;TT 3924;De 07:00 a 17:00 ht 10.0 ;07:00 ;17:00 ;15 ;0 ;10:00 ;0 ;10:00;;;0
5904 ;3925 ;TT 3925;De 07:00 a 16:00 ht 9.0 ;07:00 ;16:00 ;30 ;0 ;09:00 ;30 ;8:30;11:00 ;11:30 ;1
5905 ;3926 ;TT 3926;De 06:00 a 15:00 ht 9.0 ;06:00 ;15:00 ;30 ;0 ;09:00 ;30 ;8:30;10:00 ;10:30 ;1
5906 ;3927 ;TT 3927;De 06:30 a 15:30 ht 9.0 ;06:30 ;15:30 ;30 ;0 ;09:00 ;30 ;8:30;10:30 ;11:00 ;1
5907 ;3928 ;TT 3928;De 07:30 a 15:35 ht 8.1 ;07:30 ;15:35 ;15 ;0 ;08:05 ;0 ;8:05;;;0
5908 ;3929 ;TT 3929;De 11:45 a 20:45 ht 9.0 ;11:45 ;20:45 ;15 ;0 ;09:00 ;60 ;8:00;03:00 ;04:00 ;1
5909 ;3930 ;TT 3930;De 09:15 a 17:45 ht 8.5 ;09:15 ;17:45 ;15 ;0 ;08:30 ;30 ;8:00;02:00 ;02:30 ;1
5910 ;3931 ;TT 3931;De 15:00 a 23:30 ht 8.5 ;15:00 ;23:30 ;15 ;0 ;08:30 ;0 ;8:30;;;0
5911 ;3932 ;TT 3932;De 07:00 a 15:05 ht 8.1 ;07:00 ;15:05 ;15 ;0 ;08:05 ;0 ;8:05;;;0
5912 ;3933 ;TT 3933;De 06:45 a 14:45 ht 8.0 ;06:45 ;14:45 ;30 ;0 ;08:00 ;0 ;8:00;;;1
5913 ;3934 ;TT 3934;De 12:00 a 20:30 ht 8.5 ;12:00 ;20:30 ;15 ;0 ;08:30 ;0 ;8:30;;;0
5914 ;3935 ;TT 3935;De 06:15 a 16:45 ht 10.5 ;06:15 ;16:45 ;15 ;0 ;10:30 ;60 ;9:30;11:00 ;12:00 ;0
5915 ;3936 ;TT 3936;De 11:00 a 18:00 ht 7.0 ;11:00 ;18:00 ;0 ;0 ;07:00 ;0 ;7:00;;;0
5916 ;3937 ;TT 3937;De 08:15 a 16:15 ht 8.0 ;08:15 ;16:15 ;20 ;0 ;08:00 ;0 ;8:00;;;0
5917 ;3938 ;TT 3938;De 07:45 a 13:15 ht 5.5 ;07:45 ;13:15 ;15 ;0 ;05:30 ;0 ;5:30;;;0
5918 ;3939 ;TT 3939;De 07:00 a 16:00 ht 9.0 ;07:00 ;16:00 ;15 ;0 ;09:00 ;25 ;8:35;11:00 ;11:25 ;1
5919 ;3940 ;TT 3940;De 08:30 a 14:35 ht 6.1 ;08:30 ;14:35 ;15 ;0 ;06:05 ;0 ;6:05;;;0
5920 ;3941 ;TT 3941;De 13:00 a 21:00 ht 8.0 ;13:00 ;21:00 ;35 ;0 ;08:00 ;0 ;8:00;;;1
5921 ;3942 ;TT 3942;De 07:15 a 14:45 ht 7.5 ;07:15 ;14:45 ;30 ;0 ;07:30 ;0 ;7:30;;;1
5922 ;3943 ;TT 3943;De 14:00 a 22:00 ht 8.0 ;14:00 ;22:00 ;35 ;0 ;08:00 ;0 ;8:00;;;1
5923 ;3944 ;TT 3944;De 12:15 a 18:15 ht 6.0 ;12:15 ;18:15 ;15 ;0 ;06:00 ;0 ;6:00;;;0
5924 ;3945 ;TT 3945;De 07:15 a 15:15 ht 8.0 ;07:15 ;15:15 ;30 ;0 ;08:00 ;0 ;8:00;;;1
5925 ;3946 ;TT 3946;De 20:00 a 00:00 ht 4 ;20:00 ;00:00 ;15 ;0 ;04:00 ;0 ;4:00;;;1
5926 ;3947 ;TT 3947;De 11:45 a 19:45 ht 8.0 ;11:45 ;19:45 ;0 ;0 ;08:00 ;0 ;8:00;;;0
5927 ;3948 ;TT 3948;De 10:15 a 16:45 ht 6.5 ;10:15 ;16:45 ;15 ;0 ;06:30 ;0 ;6:30;;;0
5928 ;3949 ;TT 3949;De 14:15 a 22:15 ht 8.0 ;14:15 ;22:15 ;15 ;0 ;08:00 ;0 ;8:00;;;0
5929 ;3950 ;TT 3950;De 06:00 a 10:30 ht 4.5 ;06:00 ;10:30 ;15 ;0 ;04:30 ;0 ;4:30;;;1
5930 ;3951 ;TT 3951;De 05:45 a 16:15 ht 10.5 ;05:45 ;16:15 ;15 ;0 ;10:30 ;60 ;9:30;11:00 ;12:00 ;0
5931 ;3952 ;TT 3952;De 06:15 a 17:15 ht 10 ;06:15 ;17:15 ;15 ;15 ;11:00 ;60 ;10:00;11:00 ;12:00 ;0
5932 ;3953 ;TT 3953;De 05:45 a 12:15 ht 6.5 ;05:45 ;12:15 ;15 ;0 ;06:30 ;0 ;6:30;;;0
5933 ;3954 ;TT 3954;De 21:45 a 05:45 ht 8.0 ;21:45 ;05:45 ;0 ;0 ;08:00 ;0 ;8:00;;;0
5934 ;3955 ;TT 3955;De 06:15 a 15:15 ht 9.0 ;06:15 ;15:15 ;15 ;0 ;09:00 ;0 ;9:00;;;0
5935 ;3956 ;TT 3956;De 07:15 a 16:15 ht 9.0 ;07:15 ;16:15 ;15 ;0 ;09:00 ;0 ;9:00;;;0
5936 ;3957 ;TT 3957;De 06:45 a 15:45 ht 9.0 ;06:45 ;15:45 ;15 ;0 ;09:00 ;0 ;9:00;;;0
5937 ;3958 ;TT 3958;De 16:30 a 20:30 ht 4 ;16:30 ;20:30 ;15 ;0 ;04:00 ;0 ;4:00;;;1
5938 ;3959 ;TT 3959;De 06:30 a 15:30 HT 8 ;06:30 ;15:30 ;15 ;0 ;09:00 ;0 ;9:00;;;0
5939 ;3960 ;TT 3960;De 13:15 a 19:15 ht 6.0 ;13:15 ;19:15 ;15 ;0 ;06:00 ;0 ;6:00;;;0
5940 ;3961 ;TT 3961;De 07:30 a 16:00 ht 8.5 ;07:30 ;16:00 ;0 ;0 ;08:30 ;0 ;8:30;;;0
5941 ;3962 ;TT 3962;De 11:15 a 17:15 ht 6.0 ;11:15 ;17:15 ;15 ;0 ;06:00 ;0 ;6:00;;;0
5942 ;3963 ;TT 3963;De 09:45 a 18:45 ht 9.0 ;09:45 ;18:45 ;15 ;0 ;09:00 ;0 ;9:00;;;0
5943 ;3964 ;TT 3964;De 08:30 a 18:30 ht 10.0 ;08:30 ;18:30 ;15 ;0 ;10:00 ;0 ;10:00;;;0
5944 ;3965 ;TT 3965;De 22:30 a 06:30 ht 8.0 ;22:30 ;06:30 ;0 ;0 ;08:00 ;0 ;8:00;;;0
5945 ;3966 ;TT 3966;De 06:00 a 13:50 ht 7.8 ;06:00 ;13:50 ;30 ;0 ;07:50 ;0 ;7:50;;;1
5946 ;3967 ;TT 3967;De 11:00 a 21:00 ht 10.0 ;11:00 ;21:00 ;15 ;0 ;10:00 ;0 ;10:00;;;0
5947 ;3968 ;TT 3968;De 08:45 a 16:45 ht 8.0 ;08:45 ;16:45 ;0 ;0 ;08:00 ;0 ;8:00;;;0
5948 ;3969 ;TT 3969;De 06:15 a 12:15 ht 6.0 ;06:15 ;12:15 ;15 ;0 ;06:00 ;0 ;6:00;;;0
5949 ;3970 ;TT 3970;De 05:30 a 14:30 ht 8 ;05:30 ;14:30 ;0 ;0 ;09:00 ;60 ;8:00;11:00 ;12:00 ;1
5950 ;3971 ;TT 3971;De 08:45 a 15:15 ht 6.5 ;08:45 ;15:15 ;15 ;0 ;06:30 ;0 ;6:30;;;0
5951 ;3972 ;TT 3972;De 08:00 a 14:30 ht 6.5 ;08:00 ;14:30 ;15 ;0 ;06:30 ;60 ;5:30;12:00 ;13:00 ;1
5952 ;3973 ;TT 3973;De 11:45 a 15:45 ht 4.0 ;11:45 ;15:45 ;15 ;0 ;04:00 ;0 ;4:00;;;1
5953 ;3974 ;TT 3974;De 22:00 a 02:30 ht 4.5 ;22:00 ;02:30 ;15 ;0 ;04:30 ;0 ;4:30;;;1
5954 ;3975 ;TT 3975;De 10:30 a 19:00 ht 8.5 ;10:30 ;19:00 ;0 ;0 ;08:30 ;0 ;8:30;;;0
5955 ;3976 ;TT 3976;De 11:00 a 19:30 ht 8.5 ;11:00 ;19:30 ;0 ;0 ;08:30 ;0 ;8:30;;;0
5956 ;3977 ;TT 3977;De 11:30 a 20:00 ht 8.5 ;11:30 ;20:00 ;0 ;0 ;08:30 ;0 ;8:30;;;0
5957 ;3978 ;TT 3978;De 13:30 a 22:00 ht 8.5 ;13:30 ;22:00 ;0 ;0 ;08:30 ;0 ;8:30;;;0
5958 ;3979 ;TT 3979;De 10:15 a 20:15 ht 10.0 ;10:15 ;20:15 ;15 ;0 ;10:00 ;60 ;9:00;02:00 ;03:00 ;0
5959 ;3980 ;TT 3980;De 09:15 a 20:15 ht 11.0 ;09:15 ;20:15 ;15 ;0 ;11:00 ;60 ;10:00;02:00 ;03:00 ;0
5960 ;3981 ;TT 3981;De 04:45 a 12:45 ht 8.0 ;04:45 ;12:45 ;15 ;0 ;08:00 ;0 ;8:00;;;0
5961 ;3982 ;TT 3982;De 10:00 a 18:30 ht 8.5 ;10:00 ;18:30 ;15 ;0 ;08:30 ;0 ;8:30;;;0
5962 ;3983 ;TT 3983;De 09:15 a 15:45 ht 6.5 ;09:15 ;15:45 ;15 ;0 ;06:30 ;0 ;6:30;;;0
5963 ;3984 ;TT 3984;De 07:00 a 15:30 ht 8.5 ;07:00 ;15:30 ;0 ;0 ;08:30 ;0 ;8:30;;;0
5964 ;3985 ;TT 3985;De 12:15 a 20:15 ht 8.0 ;12:15 ;20:15 ;0 ;0 ;08:00 ;0 ;8:00;;;0
5965 ;3986 ;TT 3986;De 09:00 a 17:30 ht 8.5 ;09:00 ;17:30 ;0 ;0 ;08:30 ;0 ;8:30;;;0
5966 ;3987 ;TT 3987;De 10:00 a 18:30 ht 8.5 ;10:00 ;18:30 ;0 ;0 ;08:30 ;0 ;8:30;;;0
5967 ;3988 ;TT 3988;De 11:15 a 19:15 ht 8.0 ;11:15 ;19:15 ;0 ;0 ;08:00 ;0 ;8:00;;;0
5968 ;3989 ;TT 3989;De 08:00 a 17:00 ht 9.0 ;08:00 ;17:00 ;15 ;0 ;09:00 ;15 ;8:45;12:00 ;12:15 ;1
5969 ;3990 ;TT 3990;De 12:30 a 20:30 ht 8.0 ;12:30 ;20:30 ;0 ;0 ;08:00 ;0 ;8:00;;;0
5970 ;3991 ;TT 3991;De 06:15 a 14:15 ht 8.0 ;06:15 ;14:15 ;0 ;0 ;08:00 ;0 ;8:00;;;0
5971 ;3992 ;TT 3992;De 06:45 a 15:15 ht 8.5 ;06:45 ;15:15 ;0 ;0 ;08:30 ;0 ;8:30;;;0
5972 ;3993 ;TT 3993;De 06:45 a 14:45 ht 8.0 ;06:45 ;14:45 ;0 ;0 ;08:00 ;0 ;8:00;;;0
5973 ;3994 ;TT 3994;De 07:45 a 15:45 ht 8.0 ;07:45 ;15:45 ;0 ;0 ;08:00 ;0 ;8:00;;;0
5974 ;3995 ;TT 3995;De 08:15 a 17:15 ht 9.0 ;08:15 ;17:15 ;0 ;0 ;09:00 ;0 ;9:00;;;0
5975 ;3996 ;TT 3996;De 08:45 a 17:45 ht 9.0 ;08:45 ;17:45 ;0 ;0 ;09:00 ;0 ;9:00;;;0
5976 ;3997 ;TT 3997;De 09:15 a 17:15 ht 8.0 ;09:15 ;17:15 ;0 ;0 ;08:00 ;0 ;8:00;;;0
5977 ;3998 ;TT 3998;De 08:15 a 16:15 ht 8.0 ;08:15 ;16:15 ;0 ;0 ;08:00 ;0 ;8:00;;;0
5978 ;3999 ;TT 3999;De 07:45 a 13:45 ht 6.0 ;07:45 ;13:45 ;0 ;0 ;06:00 ;0 ;6:00;;;0
5979 ;4000 ;TT 4000;De 13:30 a 21:30 ht 8.0 ;13:30 ;21:30 ;15 ;0 ;08:00 ;60 ;7:00;04:00 ;05:00 ;1
5980 ;4001 ;TT 4001;De 11:15 a 20:15 ht 9.0 ;11:15 ;20:15 ;0 ;0 ;09:00 ;0 ;9:00;;;0
5981 ;4002 ;TT 4002;De 13:30 a 18:30 ht 5.0 ;13:30 ;18:30 ;30 ;0 ;05:00 ;0 ;5:00;;;1
5982 ;4003 ;TT 4003;De 10:00 a 18:30 ht 8.5 ;10:00 ;18:30 ;30 ;0 ;08:30 ;0 ;8:30;;;1
5983 ;4004 ;TT 4004;De 10:30 a 19:00 ht 8.5 ;10:30 ;19:00 ;30 ;0 ;08:30 ;0 ;8:30;;;1
5984 ;4005 ;TT 4005;De 16:00 a 21:00 ht 5.0 ;16:00 ;21:00 ;30 ;0 ;05:00 ;0 ;5:00;;;1
5985 ;4006 ;TT 4006;De 07:15 a 16:15 ht 9.0 ;07:15 ;16:15 ;0 ;0 ;09:00 ;0 ;9:00;;;0
5986 ;4007 ;TT 4007;De 10:15 a 19:15 ht 9.0 ;10:15 ;19:15 ;0 ;0 ;09:00 ;0 ;9:00;;;0
5987 ;4008 ;TT 4008;De 05:45 a 13:45 ht 8.0 ;05:45 ;13:45 ;15 ;0 ;08:00 ;60 ;7:00;11:00 ;12:00 ;1
5988 ;4009 ;TT 4009;De 09:15 a 18:15 ht 9.0 ;09:15 ;18:15 ;0 ;0 ;09:00 ;0 ;9:00;;;0
5989 ;4010 ;TT 4010;De 13:15 a 21:15 ht 8.0 ;13:15 ;21:15 ;0 ;0 ;08:00 ;0 ;8:00;;;0
5990 ;4011 ;TT 4011;De 07:15 a 15:15 ht 8.0 ;07:15 ;15:15 ;0 ;0 ;08:00 ;0 ;8:00;;;0
5991 ;4012 ;TT 4012;De 11:45 a 19:45 ht 8.0 ;11:45 ;19:45 ;15 ;0 ;08:00 ;60 ;7:00;03:00 ;04:00 ;1
5992 ;4013 ;TT 4013;De 12:30 a 20:30 ht 8.0 ;12:30 ;20:30 ;15 ;0 ;08:00 ;60 ;7:00;03:00 ;04:00 ;1
5993 ;4014 ;TT 4014;De 15:00 a 20:30 ht 5.5 ;15:00 ;20:30 ;15 ;0 ;05:30 ;0 ;5:30;;;0
5994 ;4015 ;TT 4015;De 06:30 a 12:00 ht 5.5 ;06:30 ;12:00 ;15 ;0 ;05:30 ;0 ;5:30;;;0
5995 ;4016 ;TT 4016;De 07:15 a 15:45 ht 8.5 ;07:15 ;15:45 ;15 ;0 ;08:30 ;0 ;8:30;;;0
5996 ;4017 ;TT 4017;De 22:15 a 06:15 ht 8.0 ;22:15 ;06:15 ;15 ;0 ;08:00 ;0 ;8:00;;;0
5997 ;4018 ;TT 4018;De 22:15 a 06:15 ht 8.0 ;22:15 ;06:15 ;0 ;0 ;08:00 ;0 ;8:00;;;0
5998 ;4019 ;TT 4019;De 09:30 a 18:35 ht 9.1 ;09:30 ;18:35 ;15 ;0 ;09:05 ;60 ;8:05;;;1
5999 ;4020 ;TT 4020;De 07:45 a 16:45 ht 9.0 ;07:45 ;16:45 ;0 ;0 ;09:00 ;0 ;9:00;;;0
6000 ;4021 ;TT 4021;De 22:00 a 09:00 ht 10 ;22:00 ;09:00 ;15 ;15 ;11:00 ;60 ;10:00;03:00 ;04:00 ;0
6001 ;4022 ;TT 4022;De 05:30 a 11:30 ht 6.0 ;05:30 ;11:30 ;15 ;0 ;06:00 ;0 ;6:00;;;0
6002 ;4023 ;TT 4023;De 07:15 a 13:15 ht 6.0 ;07:15 ;13:15 ;15 ;0 ;06:00 ;0 ;6:00;;;0
6003 ;4024 ;TT 4024;De 05:45 a 12:45 ht 7 ;05:45 ;12:45 ;15 ;0 ;07:00 ;0 ;7:00;;;0
6004 ;4025 ;TT 4025;De 05:45 a 13:00 ht 7.15 ;05:45 ;13:00 ;15 ;0 ;07:15 ;0 ;7:15;;;0
6005 ;4026 ;TT 4026;De 05:45 a 15:00 ht 8.15 ;05:45 ;15:00 ;15 ;15 ;09:15 ;60 ;8:15;11:00 ;12:00 ;1
6006 ;4027 ;TT 4027;De 06:15 a 13:15 ht 7 ;06:15 ;13:15 ;15 ;0 ;07:00 ;0 ;7:00;;;0
6007 ;4028 ;TT 4028;De 06:15 a 15:30 ht 8.15 ;06:15 ;15:30 ;15 ;15 ;09:15 ;60 ;8:15;11:00 ;12:00 ;1
6008 ;4029 ;TT 4029;De 06:30 a 15:45 ht 8.15 ;06:30 ;15:45 ;15 ;15 ;09:15 ;60 ;8:15;10:30 ;11:30 ;1
6009 ;4030 ;TT 4030;De 07:45 a 14:45 ht 7 ;07:45 ;14:45 ;15 ;0 ;07:00 ;0 ;7:00;;;0
6010 ;4031 ;TT 4031;de 08:15 a 15:15 ht 7 ;08:15 ;15:15 ;15 ;0 ;07:00 ;0 ;7:00;;;0
6011 ;4032 ;TT 4032;De 08:15 a 17:30 ht 8.15 ;08:15 ;17:30 ;15 ;15 ;09:15 ;60 ;8:15;01:00 ;02:00 ;1
6012 ;4033 ;TT 4033;De 08:45 a 15:45 ht 7 ;08:45 ;15:45 ;15 ;0 ;07:00 ;0 ;7:00;;;0
6013 ;4034 ;TT 4034;De 09:45 a 19:00 ht 8.15 ;09:45 ;19:00 ;15 ;15 ;09:15 ;60 ;8:15;02:30 ;03:30 ;1
6014 ;4035 ;TT 4035;De 10:15 a 19:30 ht 8.15 ;10:15 ;19:30 ;15 ;15 ;09:15 ;60 ;8:15;02:00 ;03:00 ;1
6015 ;4036 ;TT 4036;De 10:45 a 17:45 ht 7 ;10:45 ;17:45 ;15 ;0 ;07:00 ;0 ;7:00;;;0
6016 ;4037 ;TT 4037;De 11:45 a 21:00 ht 8.15 ;11:45 ;21:00 ;15 ;15 ;09:15 ;60 ;8:15;03:00 ;04:00 ;1
6017 ;4038 ;TT 4038;De 12:45 a 19:45 ht 7 ;12:45 ;19:45 ;15 ;0 ;07:00 ;0 ;7:00;;;0
6018 ;4039 ;TT 4039;De 13:45 a 20:45 ht 7 ;13:45 ;20:45 ;15 ;0 ;07:00 ;0 ;7:00;;;0
6019 ;4040 ;TT 4040;De 14:15 a 22:00 ht 7.45 ;14:15 ;22:00 ;15 ;0 ;07:45 ;0 ;7:45;;;0
6020 ;4041 ;TT 4041;De 12:45 a 22:00 ht 8.15  ;12:45 ;22:00 ;15 ;15 ;09:15 ;60 ;8:15;03:00 ;04:00 ;1
6021 ;4042 ;TT 4042;De 13:45 a 23:00 ht 8.15 ;13:45 ;23:00 ;15 ;15 ;09:15 ;60 ;8:15;04:00 ;05:00 ;1
6022 ;4043 ;TT 4043;De 14:45 a 00:00 ht 8.15 ;14:45 ;23:59 ;0 ;0 ;09:14 ;60 ;8:14;04:00 ;05:00 ;1
6023 ;4044 ;TT 4044;De 12:30 a 23:30 ht 11.0 ;12:30 ;23:30 ;15 ;0 ;11:00 ;60 ;10:00;03:00 ;04:00 ;0
6024 ;4045 ;TT 4045;De 15:30 a 20:30 ht 5.0 ;15:30 ;20:30 ;15 ;0 ;05:00 ;0 ;5:00;;;0
6025 ;4046 ;TT 4046;De 21:15 a 05:15 ht 8.0 ;21:15 ;05:15 ;0 ;0 ;08:00 ;0 ;8:00;;;0
6026 ;4047 ;TT 4047;De 11:15 a 19:45 ht 8.5 ;11:15 ;19:45 ;15 ;0 ;08:30 ;0 ;8:30;;;0
6027 ;4048 ;TT 4048;De 05:30 a 13:00 ht 7.5 ;05:30 ;13:00 ;15 ;0 ;07:30 ;0 ;7:30;;;0
6028 ;4049 ;TT 4049;De 11:30 a 20:30 ht 9.0 ;11:30 ;20:30 ;0 ;0 ;09:00 ;60 ;8:00;03:00 ;04:00 ;1
6029 ;4050 ;TT 4050;De 10:30 a 19:30 ht 9.0 ;10:30 ;19:30 ;0 ;0 ;09:00 ;60 ;8:00;02:00 ;03:00 ;1
6030 ;4051 ;TT 4051;De 11:45 a 20:45 ht 9.0 ;11:45 ;20:45 ;15 ;0 ;09:00 ;0 ;9:00;;;0
6031 ;4052 ;TT 4052;De 05:45 a 15:45 ht 10.0 ;05:45 ;15:45 ;15 ;0 ;10:00 ;0 ;10:00;;;0
6032 ;4053 ;TT 4053;De 08:15 a 14:45 ht 6.5 ;08:15 ;14:45 ;15 ;0 ;06:30 ;0 ;6:30;;;0
6033 ;4054 ;TT 4054;De 06:45 a 15:15 ht 8.5 ;06:45 ;15:15 ;15 ;0 ;08:30 ;0 ;8:30;;;0
6034 ;4055 ;TT 4055;De 09:45 a 16:15 ht 6.5 ;09:45 ;16:15 ;15 ;0 ;06:30 ;0 ;6:30;;;0
6035 ;4056 ;TT 4056;De 06:00 a 14:00 ht 8.0 ;06:00 ;14:00 ;25 ;0 ;08:00 ;0 ;8:00;;;1
6036 ;4057 ;TT 4057;De 12:45 a 18:45 ht 6.0 ;12:45 ;18:45 ;15 ;0 ;06:00 ;0 ;6:00;;;0
6037 ;4058 ;TT 4058;De 06:15 a 14:45 ht 8.5 ;06:15 ;14:45 ;15 ;0 ;08:30 ;0 ;8:30;;;0
6038 ;4059 ;TT 4059;De 06:15 a 15:45 ht 9.5 ;06:15 ;15:45 ;15 ;0 ;09:30 ;0 ;9:30;;;0
6039 ;4060 ;TT 4060;De 08:45 a 17:00 ht 8.3 ;08:45 ;17:00 ;15 ;0 ;08:15 ;0 ;8:15;;;0
6040 ;4061 ;TT 4061;De 08:15 a 16:20 ht 8.1 ;08:15 ;16:20 ;15 ;0 ;08:05 ;0 ;8:05;;;0
6041 ;4062 ;TT 4062;De 16:15 a 21:15 ht 5.0 ;16:15 ;21:15 ;15 ;0 ;05:00 ;0 ;5:00;;;0
6042 ;4063 ;TT 4063;De 16:30 a 21:30 ht 5.0 ;16:30 ;21:30 ;15 ;0 ;05:00 ;0 ;5:00;;;0
6043 ;4064 ;TT 4064;De 15:00 a 01:00 ht 9.0 ;15:00 ;01:00 ;15 ;15 ;10:00 ;60 ;9:00;06:30 ;07:30 ;0
6044 ;4065 ;TT 4065;De 10:30 a 20:30 ht 10.0 ;10:30 ;20:30 ;15 ;0 ;10:00 ;0 ;10:00;;;0
6045 ;4066 ;TT 4066;De 07:45 a 15:15 ht 7.5 ;07:45 ;15:15 ;15 ;0 ;07:30 ;0 ;7:30;;;0
6046 ;4067 ;TT 4067;De 13:15 a 19:15 ht 6.0 ;13:15 ;19:15 ;0 ;0 ;06:00 ;0 ;6:00;;;0
6047 ;4068 ;TT 4068;De 05:00 a 13:00 ht 8.0 ;05:00 ;13:00 ;15 ;0 ;08:00 ;0 ;8:00;;;0
6048 ;4069 ;TT 4069;De 09:15 a 15:15 ht 6.0 ;09:15 ;15:15 ;0 ;0 ;06:00 ;0 ;6:00;;;0
6049 ;4070 ;TT 4070;De 18:15 a 00:15 ht 6.0 ;18:15 ;00:15 ;0 ;0 ;06:00 ;0 ;6:00;;;0
6050 ;4071 ;TT 4071;De 06:00 a 16:05 ht 10.1 ;06:00 ;16:05 ;15 ;0 ;10:05 ;60 ;9:05;;;0
6051 ;4072 ;TT 4072;De 11:30 a 20:30 ht 9.0 ;11:30 ;20:30 ;15 ;0 ;09:00 ;0 ;9:00;;;0
6052 ;4073 ;TT 4073;De 09:45 a 18:45 ht 9.0 ;09:45 ;18:45 ;0 ;0 ;09:00 ;60 ;8:00;02:30 ;03:30 ;1
6053 ;4074 ;TT 4074;De 17:00 a 01:00 ht 8.0 ;17:00 ;01:00 ;0 ;0 ;08:00 ;0 ;8:00;;;0
6054 ;4075 ;TT 4075;De 09:30 a 20:30 ht 11.0 ;09:30 ;20:30 ;0 ;0 ;11:00 ;60 ;10:00;01:30 ;02:30 ;0
6055 ;4076 ;TT 4076;De 09:30 a 18:30 ht 9.0 ;09:30 ;18:30 ;0 ;0 ;09:00 ;60 ;8:00;01:30 ;02:30 ;1
6056 ;4077 ;TT 4077;De 08:30 a 20:30 ht 12.0 ;08:30 ;20:30 ;30 ;0 ;12:00 ;60 ;11:00;12:30 ;13:30 ;0
6057 ;4078 ;TT 4078;De 10:00 a 20:00 ht 10.0 ;10:00 ;20:00 ;0 ;0 ;10:00 ;60 ;9:00;02:00 ;03:00 ;0
6058 ;4079 ;TT 4079;De 08:30 a 17:30 ht 9.0 ;08:30 ;17:30 ;0 ;0 ;09:00 ;60 ;8:00;12:30 ;13:30 ;1
6059 ;4080 ;TT 4080;De 09:30 a 14:30 ht 5.0 ;09:30 ;14:30 ;0 ;0 ;05:00 ;0 ;5:00;;;0
6060 ;4081 ;TT 4081;De 16:00 a 20:00 ht 4.0 ;16:00 ;20:00 ;30 ;0 ;04:00 ;0 ;4:00;;;1
6061 ;4082 ;TT 4082;De 16:30 a 22:00 ht 5.5 ;16:30 ;22:00 ;30 ;0 ;05:30 ;0 ;5:30;;;1
6062 ;4083 ;TT 4083;De 19:00 a 23:00 ht 4.0 ;19:00 ;23:00 ;30 ;0 ;04:00 ;0 ;4:00;;;1
6063 ;4084 ;TT 4084;De 09:45 a 17:45 ht 8.0 ;09:45 ;17:45 ;0 ;0 ;08:00 ;0 ;8:00;;;0
6064 ;4085 ;TT 4085;De 07:30 a 18:30 ht 11.0 ;07:30 ;18:30 ;30 ;0 ;11:00 ;60 ;10:00;11:30 ;12:30 ;0
6065 ;4086 ;TT 4086;De 14:00 a 01:00 ht 11.0 ;14:00 ;01:00 ;30 ;0 ;11:00 ;60 ;10:00;04:30 ;05:30 ;0
6066 ;4087 ;TT 4087;De 09:30 a 14:30 ht 5.0 ;09:30 ;14:30 ;30 ;0 ;05:00 ;0 ;5:00;;;1
6067 ;4088 ;TT 4088;De 16:30 a 21:30 ht 5.0 ;16:30 ;21:30 ;30 ;0 ;05:00 ;0 ;5:00;;;1
6068 ;4089 ;TT 4089;De 17:30 a 21:30 ht 4.0 ;17:30 ;21:30 ;0 ;0 ;04:00 ;0 ;4:00;;;0
6069 ;4090 ;TT 4090;De 18:30 a 00:00 ht 5.5 ;18:30 ;00:00 ;15 ;0 ;05:30 ;0 ;5:30;;;0
6070 ;4091 ;TT 4091;De 19:00 a 01:00 ht 6.0 ;19:00 ;01:00 ;30 ;0 ;06:00 ;0 ;6:00;;;1
6071 ;4092 ;TT 4092;De 08:30 a 13:30 ht 5.0 ;08:30 ;13:30 ;30 ;0 ;05:00 ;0 ;5:00;;;1
6072 ;4093 ;TT 4093;De 07:30 a 17:30 ht 10.0 ;07:30 ;17:30 ;15 ;0 ;10:00 ;30 ;9:30;11:30 ;12:00 ;0
6073 ;4094 ;TT 4094;De 07:30 a 18:30 ht 11.0 ;07:30 ;18:30 ;15 ;0 ;11:00 ;30 ;10:30;11:30 ;12:00 ;0
6074 ;4095 ;TT 4095;De 21:00 a 05:00 ht 8.0 ;21:00 ;05:00 ;0 ;0 ;08:00 ;0 ;8:00;;;0
6075 ;4096 ;TT 4096;De 07:45 a 16:15 ht 8.5 ;07:45 ;16:15 ;15 ;0 ;08:30 ;0 ;8:30;;;0
6076 ;4097 ;TT 4097;De 10:45 a 19:15 ht 8.5 ;10:45 ;19:15 ;15 ;0 ;08:30 ;0 ;8:30;;;0
6077 ;4098 ;TT 4098;De 11:45 a 20:15 ht 8.5 ;11:45 ;20:15 ;15 ;0 ;08:30 ;0 ;8:30;;;0
6078 ;4099 ;TT 4099;De 14:45 a 21:45 ht 7.0 ;14:45 ;21:45 ;15 ;0 ;07:00 ;0 ;7:00;;;0
6079 ;4100 ;TT 4100;De 15:15 a 21:45 ht 6.5 ;15:15 ;21:45 ;15 ;0 ;06:30 ;0 ;6:30;;;0
6080 ;4101 ;TT 4101;De 09:45 a 20:15 ht 10.5 ;09:45 ;20:15 ;15 ;0 ;10:30 ;60 ;9:30;02:30 ;03:30 ;0
6081 ;4102 ;TT 4102;De 12:30 a 23:00 ht 10.5 ;12:30 ;23:00 ;15 ;0 ;10:30 ;60 ;9:30;03:00 ;04:00 ;0
6082 ;4103 ;TT 4103;De 07:15 a 14:45 ht 7.5 ;07:15 ;14:45 ;15 ;0 ;07:30 ;0 ;7:30;;;0
6083 ;4104 ;TT 4104;De 09:15 a 19:45 ht 10.5 ;09:15 ;19:45 ;15 ;0 ;10:30 ;60 ;9:30;02:00 ;03:00 ;0
6084 ;4105 ;TT 4105;De 10:15 a 19:45 ht 9.5 ;10:15 ;19:45 ;15 ;0 ;09:30 ;60 ;8:30;02:00 ;03:00 ;1
6085 ;4106 ;TT 4106;De 16:45 a 21:45 ht 5.0 ;16:45 ;21:45 ;15 ;0 ;05:00 ;0 ;5:00;;;0
6086 ;4107 ;TT 4107;De 06:15 a 10:15 ht 4.0 ;06:15 ;10:15 ;15 ;0 ;04:00 ;0 ;4:00;;;1
6087 ;4108 ;TT 4108;De 06:30 a 10:30 ht 4.0 ;06:30 ;10:30 ;15 ;0 ;04:00 ;0 ;4:00;;;1
6088 ;4109 ;TT 4109;De 05:45 a 11:15 ht 5.5 ;05:45 ;11:15 ;15 ;0 ;05:30 ;0 ;5:30;;;0
6089 ;4110 ;TT 4110;De 07:15 a 11:15 ht 4.0 ;07:15 ;11:15 ;15 ;0 ;04:00 ;0 ;4:00;;;1
6090 ;4111 ;TT 4111;De 07:30 a 11:30 ht 4.0 ;07:30 ;11:30 ;15 ;0 ;04:00 ;0 ;4:00;;;1
6091 ;4112 ;TT 4112;De 06:15 a 11:45 ht 5.5 ;06:15 ;11:45 ;15 ;0 ;05:30 ;0 ;5:30;;;0
6092 ;4113 ;TT 4113;De 07:45 a 11:45 ht 4.0 ;07:45 ;11:45 ;15 ;0 ;04:00 ;0 ;4:00;;;1
6093 ;4114 ;TT 4114;De 06:15 a 15:45 ht 9.5 ;06:15 ;15:45 ;15 ;0 ;09:30 ;60 ;8:30;11:00 ;12:00 ;1
6094 ;4115 ;TT 4115;De 09:15 a 17:45 ht 8.5 ;09:15 ;17:45 ;15 ;0 ;08:30 ;0 ;8:30;;;0
6095 ;4116 ;TT 4116;De 14:45 a 19:15 ht 4.5 ;14:45 ;19:15 ;15 ;0 ;04:30 ;0 ;4:30;;;1
6096 ;4117 ;TT 4117;De 16:15 a 20:15 ht 4.0 ;16:15 ;20:15 ;15 ;0 ;04:00 ;0 ;4:00;;;1
6097 ;4118 ;TT 4118;De 16:45 a 21:15 ht 4.5 ;16:45 ;21:15 ;15 ;0 ;04:30 ;0 ;4:30;;;1
6098 ;4119 ;TT 4119;De 08:45 a 12:45 ht 4.0 ;08:45 ;12:45 ;15 ;0 ;04:00 ;0 ;4:00;;;1
6099 ;4120 ;TT 4120;De 08:15 a 13:45 ht 5.5 ;08:15 ;13:45 ;15 ;0 ;05:30 ;0 ;5:30;;;0
6100 ;4121 ;TT 4121;De 10:15 a 14:15 ht 4.0 ;10:15 ;14:15 ;15 ;0 ;04:00 ;0 ;4:00;;;1
6101 ;4122 ;TT 4122;De 16:30 a 21:00 ht 4.5 ;16:30 ;21:00 ;15 ;0 ;04:30 ;0 ;4:30;;;1
6102 ;4123 ;TT 4123;De 14:15 a 21:45 ht 7.5 ;14:15 ;21:45 ;15 ;0 ;07:30 ;0 ;7:30;;;0
6103 ;4124 ;TT 4124;De 08:45 a 13:45 ht 5.0 ;08:45 ;13:45 ;15 ;0 ;05:00 ;0 ;5:00;;;0
6104 ;4125 ;TT 4125;De 13:45 a 21:15 ht 7.5 ;13:45 ;21:15 ;15 ;0 ;07:30 ;0 ;7:30;;;0
6105 ;4126 ;TT 4126;De 17:30 a 23:00 ht 5.5 ;17:30 ;23:00 ;15 ;0 ;05:30 ;0 ;5:30;;;0
6106 ;4127 ;TT 4127;De 08:15 a 16:45 ht 8.5 ;08:15 ;16:45 ;15 ;0 ;08:30 ;0 ;8:30;;;0
6107 ;4128 ;TT 4128;De 07:15 a 12:15 ht 5.0 ;07:15 ;12:15 ;15 ;0 ;05:00 ;0 ;5:00;;;0
6108 ;4129 ;TT 4129;De 11:15 a 20:45 ht 9.5 ;11:15 ;20:45 ;15 ;0 ;09:30 ;60 ;8:30;03:00 ;04:00 ;1
6109 ;4130 ;TT 4130;De 08:15 a 12:15 ht 4.0 ;08:15 ;12:15 ;15 ;0 ;04:00 ;0 ;4:00;;;1
6110 ;4131 ;TT 4131;De 08:45 a 19:15 ht 10.5 ;08:45 ;19:15 ;15 ;0 ;10:30 ;60 ;9:30;;;0
6111 ;4132 ;TT 4132;De 07:15 a 12:45 ht 5.5 ;07:15 ;12:45 ;15 ;0 ;05:30 ;0 ;5:30;;;0
6112 ;4133 ;TT 4133;De 15:45 a 19:45 ht 4.0 ;15:45 ;19:45 ;15 ;0 ;04:00 ;0 ;4:00;;;1
6113 ;4134 ;TT 4134;De 12:15 a 21:45 ht 9.5 ;12:15 ;21:45 ;15 ;0 ;09:30 ;60 ;8:30;03:00 ;04:00 ;1
6114 ;4135 ;TT 4135;De 08:15 a 13:15 ht 5.0 ;08:15 ;13:15 ;15 ;0 ;05:00 ;0 ;5:00;;;0
6115 ;4136 ;TT 4136;De 08:15 a 15:45 ht 7.5 ;08:15 ;15:45 ;15 ;0 ;07:30 ;0 ;7:30;;;0
6116 ;4137 ;TT 4137;De 09:15 a 16:45 ht 7.5 ;09:15 ;16:45 ;15 ;0 ;07:30 ;0 ;7:30;;;0
6117 ;4138 ;TT 4138;De 07:45 a 12:45 ht 5.0 ;07:45 ;12:45 ;15 ;0 ;05:00 ;0 ;5:00;;;0
6118 ;4139 ;TT 4139;De 09:15 a 14:15 ht 5.0 ;09:15 ;14:15 ;15 ;0 ;05:00 ;0 ;5:00;;;0
6119 ;4140 ;TT 4140;De 20:00 a 22:00 ht 2.0 ;20:00 ;22:00 ;0 ;0 ;02:00 ;0 ;2:00;;;0
6120 ;4141 ;TT 4141;De 19:00 a 00:00 ht 5.0 ;19:00 ;00:00 ;30 ;0 ;05:00 ;0 ;5:00;;;1
6121 ;4142 ;TT 4142;De 08:45 a 17:45 ht 9.0 ;08:45 ;17:45 ;30 ;0 ;09:00 ;60 ;8:00;01:00 ;02:00 ;1
6122 ;4143 ;TT 4143;De 07:15 a 16:15 ht 9.0 ;07:15 ;16:15 ;30 ;0 ;09:00 ;60 ;8:00;12:00 ;13:00 ;1
6123 ;4144 ;TT 4144;De 07:15 a 16:45 ht 9.5 ;07:15 ;16:45 ;0 ;0 ;09:30 ;60 ;8:30;12:00 ;13:00 ;1
6124 ;4145 ;TT 4145;De 07:15 a 16:45 ht 9.5 ;07:15 ;16:45 ;30 ;0 ;09:30 ;60 ;8:30;12:00 ;13:00 ;1
6125 ;4146 ;TT 4146;De 10:30 a 21:30 ht 11.0 ;10:30 ;21:30 ;0 ;0 ;11:00 ;60 ;10:00;02:00 ;03:00 ;0
6126 ;4147 ;TT 4147;De 10:15 a 21:15 ht 11.0 ;10:15 ;21:15 ;30 ;0 ;11:00 ;60 ;10:00;02:00 ;03:00 ;0
6127 ;4148 ;TT 4148;De 07:30 a 17:00 ht 9.5 ;07:30 ;17:00 ;30 ;0 ;09:30 ;30 ;9:00;11:30 ;12:00 ;1
6128 ;4149 ;TT 4149;De 08:45 a 17:45 ht 9.0 ;08:45 ;17:45 ;0 ;0 ;09:00 ;60 ;8:00;01:00 ;02:00 ;1
6129 ;4150 ;TT 4150;De 09:30 a 19:30 ht 10.0 ;09:30 ;19:30 ;0 ;0 ;10:00 ;60 ;9:00;01:30 ;02:30 ;0
6130 ;4151 ;TT 4151;De 05:45 a 13:15 ht 7.5 ;05:45 ;13:15 ;15 ;0 ;07:30 ;0 ;7:30;;;0
6131 ;4152 ;TT 4152;De 06:15 a 13:45 ht 7.5 ;06:15 ;13:45 ;15 ;0 ;07:30 ;0 ;7:30;;;0
6132 ;4153 ;TT 4153;De 07:30 a 18:00 ht 10.5 ;07:30 ;18:00 ;30 ;0 ;10:30 ;30 ;10:00;11:30 ;12:00 ;0
6133 ;4154 ;TT 4154;De 09:15 a 15:45 ht 6.5 ;09:15 ;15:45 ;0 ;0 ;06:30 ;0 ;6:30;;;0
6134 ;4155 ;TT 4155;De 06:45 a 14:15 ht 7.5 ;06:45 ;14:15 ;15 ;0 ;07:30 ;0 ;7:30;;;0
6135 ;4156 ;TT 4156;De 05:00 a 13:00 ht 8.0 ;05:00 ;13:00 ;0 ;0 ;08:00 ;0 ;8:00;;;0
6136 ;4157 ;TT 4157;De 16:30 a 20:30 ht 4.0 ;16:30 ;20:30 ;0 ;0 ;04:00 ;0 ;4:00;;;0
6137 ;4158 ;TT 4158;De 06:45 a 16:45 ht 10.0 ;06:45 ;16:45 ;30 ;0 ;10:00 ;60 ;9:00;12:00 ;13:00 ;0
6138 ;4159 ;TT 4159;De 09:30 a 20:30 ht 11.0 ;09:30 ;20:30 ;30 ;0 ;11:00 ;0 ;11:00;;;0
6139 ;4160 ;TT 4160;De 05:30 a 13:30 ht 8.0 ;05:30 ;13:30 ;0 ;0 ;08:00 ;0 ;8:00;;;0
6140 ;4161 ;TT 4161;De 16:00 a 20:30 ht 4.5 ;16:00 ;20:30 ;15 ;0 ;04:30 ;0 ;4:30;;;1
6141 ;4162 ;TT 4162;De 07:15 a 11:45 ht 4.5 ;07:15 ;11:45 ;15 ;0 ;04:30 ;0 ;4:30;;;1
6142 ;4163 ;TT 4163;De 09:15 a 14:45 ht 5.5 ;09:15 ;14:45 ;15 ;0 ;05:30 ;0 ;5:30;;;0
6143 ;4164 ;TT 4164;De 09:45 a 15:15 ht 5.5 ;09:45 ;15:15 ;15 ;0 ;05:30 ;0 ;5:30;;;0
6144 ;4165 ;TT 4165;De 11:15 a 17:45 ht 6.5 ;11:15 ;17:45 ;15 ;0 ;06:30 ;0 ;6:30;;;0
6145 ;4166 ;TT 4166;De 08:45 a 16:15 ht 7.5 ;08:45 ;16:15 ;15 ;0 ;07:30 ;0 ;7:30;;;0
6146 ;4167 ;TT 4167;De 12:15 a 19:45 ht 7.5 ;12:15 ;19:45 ;15 ;0 ;07:30 ;0 ;7:30;;;0
6147 ;4168 ;TT 4168;De 16:00 a 21:30 ht 5.5 ;16:00 ;21:30 ;15 ;0 ;05:30 ;0 ;5:30;;;0
6148 ;4169 ;TT 4169;De 06:15 a 12:45 ht 6.5 ;06:15 ;12:45 ;15 ;0 ;06:30 ;0 ;6:30;;;0
6149 ;4170 ;TT 4170;De 06:45 a 13:15 ht 6.5 ;06:45 ;13:15 ;15 ;0 ;06:30 ;0 ;6:30;;;0
6150 ;4171 ;TT 4171;De 08:45 a 14:15 ht 5.5 ;08:45 ;14:15 ;15 ;0 ;05:30 ;0 ;5:30;;;0
6151 ;4172 ;TT 4172;De 10:15 a 19:15 ht 9.0 ;10:15 ;19:15 ;30 ;0 ;09:00 ;60 ;8:00;02:00 ;03:00 ;1
6152 ;4173 ;TT 4173;De 10:45 a 19:45 ht 9.0 ;10:45 ;19:45 ;30 ;0 ;09:00 ;60 ;8:00;02:00 ;03:00 ;1
6153 ;4174 ;TT 4174;De 08:45 a 19:45 ht 11.0 ;08:45 ;19:45 ;30 ;0 ;11:00 ;60 ;10:00;;;0
6154 ;4175 ;TT 4175;De 09:15 a 20:15 ht 11.0 ;09:15 ;20:15 ;30 ;0 ;11:00 ;60 ;10:00;02:00 ;03:00 ;0
6155 ;4176 ;TT 4176;De 06:45 a 16:15 ht 9.5 ;06:45 ;16:15 ;30 ;0 ;09:30 ;60 ;8:30;12:00 ;13:00 ;1
6156 ;4177 ;TT 4177;De 07:45 a 17:45 ht 10.0 ;07:45 ;17:45 ;30 ;0 ;10:00 ;60 ;9:00;01:00 ;02:00 ;0
6157 ;4178 ;TT 4178;De 08:15 a 19:15 ht 11.0 ;08:15 ;19:15 ;30 ;0 ;11:00 ;60 ;10:00;01:00 ;02:00 ;0
6158 ;4179 ;TT 4179;De 09:45 a 18:45 ht 9.0 ;09:45 ;18:45 ;30 ;0 ;09:00 ;60 ;8:00;02:30 ;03:30 ;1
6159 ;4180 ;TT 4180;De 10:45 a 19:45 ht 9.0 ;10:45 ;19:45 ;0 ;0 ;09:00 ;60 ;8:00;02:00 ;03:00 ;1
6160 ;4181 ;TT 4181;De 18:00 a 23:00 ht 5.0 ;18:00 ;23:00 ;30 ;0 ;05:00 ;0 ;5:00;;;1
6161 ;4182 ;TT 4182;De 08:45 a 16:45 ht 8.0 ;08:45 ;16:45 ;30 ;0 ;08:00 ;0 ;8:00;;;1
6162 ;4183 ;TT 4183;De 05:45 a 11:45 ht 6.0 ;05:45 ;11:45 ;0 ;0 ;06:00 ;0 ;6:00;;;0
6163 ;4184 ;TT 4184;De 05:45 a 12:15 ht 6.5 ;05:45 ;12:15 ;0 ;0 ;06:30 ;0 ;6:30;;;0
6164 ;4185 ;TT 4185;De 10:15 a 17:15 ht 7.0 ;10:15 ;17:15 ;15 ;0 ;07:00 ;0 ;7:00;;;0
6165 ;4186 ;TT 4186;De 13:15 a 20:45 ht 7.5 ;13:15 ;20:45 ;15 ;0 ;07:30 ;0 ;7:30;;;0
6166 ;4187 ;TT 4187;De 05:00 a 12:00 ht 7.0 ;05:00 ;12:00 ;15 ;0 ;07:00 ;0 ;7:00;;;0
6167 ;4188 ;TT 4188;De 09:45 a 16:15 ht 6.5 ;09:45 ;16:15 ;0 ;0 ;06:30 ;0 ;6:30;;;0
6168 ;4189 ;TT 4189;De 08:45 a 17:15 ht 8.5 ;08:45 ;17:15 ;15 ;0 ;08:30 ;0 ;8:30;;;0
6169 ;4190 ;TT 4190;De 10:45 a 17:15 ht 6.5 ;10:45 ;17:15 ;15 ;0 ;06:30 ;0 ;6:30;;;0
6170 ;4191 ;TT 4191;De 05:00 a 14:00 ht 9.0 ;05:00 ;14:00 ;15 ;0 ;09:00 ;60 ;8:00;11:00 ;12:00 ;1
6171 ;4192 ;TT 4192;De 10:00 a 15:30 ht 5.5 ;10:00 ;15:30 ;15 ;0 ;05:30 ;0 ;5:30;;;0
6172 ;4193 ;TT 4193;De 14:45 a 21:15 ht 6.5 ;14:45 ;21:15 ;15 ;0 ;06:30 ;0 ;6:30;;;0
6173 ;4194 ;TT 4194;De 10:30 a 20:30 ht 10.0 ;10:30 ;20:30 ;0 ;0 ;10:00 ;0 ;10:00;;;0
6174 ;4195 ;TT 4195;De 08:00 a 11:00 ht 3.0 ;08:00 ;11:00 ;30 ;0 ;03:00 ;0 ;3:00;;;1
6175 ;4196 ;TT 4196;De 06:00 a 14:00 ht 8.0 ;06:00 ;14:00 ;19 ;0 ;08:00 ;0 ;8:00;;;0
6176 ;4197 ;TT 4197;De 05:45 a 16:45 ht 11.0 ;05:45 ;16:45 ;30 ;0 ;11:00 ;60 ;10:00;11:00 ;12:00 ;0
6177 ;4198 ;TT 4198;De 08:15 a 14:15 ht 6.0 ;08:15 ;14:15 ;30 ;0 ;06:00 ;0 ;6:00;;;1
6178 ;4199 ;TT 4199;De 08:45 a 14:45 ht 6.0 ;08:45 ;14:45 ;30 ;0 ;06:00 ;0 ;6:00;;;1
6179 ;4200 ;TT 4200;De 14:00 a 22:00 ht 8.0 ;14:00 ;22:00 ;19 ;0 ;08:00 ;0 ;8:00;;;0
6180 ;4201 ;TT 4201;De 08:30 a 17:30 ht 9.0 ;08:30 ;17:30 ;15 ;0 ;09:00 ;0 ;9:00;;;0
6181 ;4202 ;TT 4202;De 19:00 a 23:00 ht 4.0 ;19:00 ;23:00 ;15 ;0 ;04:00 ;0 ;4:00;;;1
6182 ;4203 ;TT 4203;De 17:00 a 23:30 ht 6.5 ;17:00 ;23:30 ;15 ;0 ;06:30 ;0 ;6:30;;;0
6183 ;4204 ;TT 4204;De 14:45 a 22:45 ht 8.0 ;14:45 ;22:45 ;30 ;0 ;08:00 ;0 ;8:00;;;1
6184 ;4205 ;TT 4205;De 21:00 a 01:00 ht 4.0 ;21:00 ;01:00 ;15 ;0 ;04:00 ;0 ;4:00;;;1
6185 ;4206 ;TT 4206;De 19:00 a 01:00 ht 6.0 ;19:00 ;01:00 ;15 ;0 ;06:00 ;0 ;6:00;;;0
6186 ;4207 ;TT 4207;De 10:45 a 18:45 ht 8.0 ;10:45 ;18:45 ;30 ;0 ;08:00 ;0 ;8:00;;;1
6187 ;4208 ;TT 4208;De 14:00 a 22:30 ht 8.5 ;14:00 ;22:30 ;30 ;0 ;08:30 ;60 ;7:30;04:30 ;05:30 ;1
6188 ;4209 ;TT 4209;De 10:30 a 19:00 ht 8.5 ;10:30 ;19:00 ;15 ;0 ;08:30 ;30 ;8:00;02:00 ;02:30 ;1
6189 ;4210 ;TT 4210;De 08:00 a 19:00 ht 11.0 ;08:00 ;19:00 ;15 ;0 ;11:00 ;30 ;10:30;12:00 ;12:30 ;0
6190 ;4211 ;TT 4211;De 08:15 a 14:15 ht 6.0 ;08:15 ;14:15 ;0 ;0 ;06:00 ;0 ;6:00;;;0
6191 ;4212 ;TT 4212;De 06:15 a 15:15 ht 9.0 ;06:15 ;15:15 ;30 ;0 ;09:00 ;60 ;8:00;11:00 ;12:00 ;1
6192 ;4213 ;TT 4213;De 07:30 a 16:00 ht 8.5 ;07:30 ;16:00 ;15 ;0 ;08:30 ;30 ;8:00;11:30 ;12:00 ;1
6193 ;4214 ;TT 4214;De 08:00 a 16:00 ht 8.0 ;08:00 ;16:00 ;15 ;0 ;08:00 ;30 ;7:30;12:00 ;12:30 ;1
6194 ;4215 ;TT 4215;De 10:45 a 18:45 ht 8.0 ;10:45 ;18:45 ;0 ;0 ;08:00 ;0 ;8:00;;;0
6195 ;4216 ;TT 4216;De 10:45 a 20:45 ht 10.0 ;10:45 ;20:45 ;15 ;0 ;10:00 ;60 ;9:00;02:00 ;03:00 ;0
6196 ;4217 ;TT 4217;De 09:15 a 16:15 ht 7.0 ;09:15 ;16:15 ;15 ;0 ;07:00 ;0 ;7:00;;;0
6197 ;4218 ;TT 4218;De 14:00 a 00:30 ht 10.5 ;14:00 ;00:30 ;0 ;0 ;10:30 ;0 ;10:30;;;0
6198 ;4219 ;TT 4219;De 06:15 a 14:20 ht 8.1 ;06:15 ;14:20 ;30 ;0 ;08:05 ;0 ;8:05;;;1
6199 ;4220 ;TT 4220;De 08:30 a 17:00 ht 8.5 ;08:30 ;17:00 ;15 ;0 ;08:30 ;30 ;8:00;12:30 ;13:00 ;1
6200 ;4221 ;TT 4221;De 08:00 a 17:30 ht 9.5 ;08:00 ;17:30 ;15 ;0 ;09:30 ;30 ;9:00;12:00 ;12:30 ;1
6201 ;4222 ;TT 4222;De 08:30 a 15:30 ht 7.0 ;08:30 ;15:30 ;0 ;0 ;07:00 ;0 ;7:00;;;0
6202 ;4223 ;TT 4223;De 07:45 a 16:45 ht 9.0 ;07:45 ;16:45 ;0 ;0 ;09:00 ;60 ;8:00;01:00 ;02:00 ;1
6203 ;4224 ;TT 4224;De 09:30 a 18:30 ht 9.0 ;09:30 ;18:30 ;30 ;0 ;09:00 ;0 ;9:00;;;1
6204 ;4225 ;TT 4225;De 10:00 a 19:00 ht 9.0 ;10:00 ;19:00 ;15 ;0 ;09:00 ;30 ;8:30;02:00 ;02:30 ;1
6205 ;4226 ;TT 4226;De 07:15 a 16:15 ht 9.0 ;07:15 ;16:15 ;0 ;0 ;09:00 ;60 ;8:00;12:00 ;13:00 ;1
6206 ;4227 ;TT 4227;De 10:30 a 21:30 ht 11.0 ;10:30 ;21:30 ;0 ;0 ;11:00 ;0 ;11:00;;;0
6207 ;4228 ;TT 4228;De 10:30 a 21:30 ht 11.0 ;10:30 ;21:30 ;10 ;0 ;11:00 ;60 ;10:00;02:00 ;03:00 ;0
6208 ;4229 ;TT 4229;De 08:00 a 13:15 ht 5.3 ;08:00 ;13:15 ;15 ;0 ;05:15 ;0 ;5:15;;;0
6209 ;4230 ;TT 4230;De 08:15 a 16:45 ht 8.5 ;08:15 ;16:45 ;15 ;0 ;08:30 ;60 ;7:30;01:00 ;02:00 ;1
6210 ;4231 ;TT 4231;De 11:15 a 21:15 ht 10.0 ;11:15 ;21:15 ;15 ;0 ;10:00 ;60 ;9:00;03:00 ;04:00 ;0
6211 ;4232 ;TT 4232;De 07:15 a 16:45 ht 9.5 ;07:15 ;16:45 ;0 ;0 ;09:30 ;0 ;9:30;;;0
6212 ;4233 ;TT 4233;De 09:15 a 18:15 ht 9.0 ;09:15 ;18:15 ;30 ;0 ;09:00 ;60 ;8:00;02:00 ;03:00 ;1
6213 ;4234 ;TT 4234;De 13:00 a 20:45 ht 7.8 ;13:00 ;20:45 ;15 ;0 ;07:45 ;0 ;7:45;;;0
6214 ;4235 ;TT 4235;De 11:00 a 22:00 ht 11.0 ;11:00 ;22:00 ;0 ;0 ;11:00 ;60 ;10:00;03:00 ;04:00 ;0
6215 ;4236 ;TT 4236;De 09:15 a 18:15 ht 9.0 ;09:15 ;18:15 ;0 ;0 ;09:00 ;60 ;8:00;02:00 ;03:00 ;1
6216 ;4237 ;TT 4237;De 06:45 a 14:45 ht 8.0 ;06:45 ;14:45 ;30 ;0 ;08:00 ;60 ;7:00;12:00 ;13:00 ;1
6217 ;4238 ;TT 4238;De 12:15 a 21:15 ht 9.0 ;12:15 ;21:15 ;15 ;0 ;09:00 ;0 ;9:00;;;0
6218 ;4239 ;TT 4239;De 11:15 a 16:15 ht 5.0 ;11:15 ;16:15 ;15 ;0 ;05:00 ;0 ;5:00;;;0
6219 ;4240 ;TT 4240;De 10:30 a 19:30 ht 9.0 ;10:30 ;19:30 ;15 ;0 ;09:00 ;0 ;9:00;;;0
6220 ;4241 ;TT 4241;De 10:00 a 20:00 ht 10.0 ;10:00 ;20:00 ;15 ;0 ;10:00 ;0 ;10:00;;;0
6221 ;4242 ;TT 4242;De 05:45 a 14:00 ht 8.3 ;05:45 ;14:00 ;30 ;0 ;08:15 ;0 ;8:15;;;1
6222 ;4243 ;TT 4243;De 16:00 a 22:00 ht 6.0 ;16:00 ;22:00 ;30 ;0 ;06:00 ;60 ;5:00;;;1
6223 ;4244 ;TT 4244;De 09:45 a 18:45 ht 9.0 ;09:45 ;18:45 ;0 ;0 ;09:00 ;0 ;9:00;;;0
6224 ;4245 ;TT 4245;De 09:45 a 20:45 ht 11.0 ;09:45 ;20:45 ;0 ;0 ;11:00 ;0 ;11:00;;;0
6225 ;4246 ;TT 4246;De 13:30 a 00:00 ht 10.5 ;13:30 ;00:00 ;0 ;0 ;10:30 ;0 ;10:30;;;0
6226 ;4247 ;TT 4247;De 11:30 a 20:30 ht 9.0 ;11:30 ;20:30 ;30 ;0 ;09:00 ;0 ;9:00;;;1
6227 ;4248 ;TT 4248;De 05:45 a 13:45 ht 8.0 ;05:45 ;13:45 ;30 ;0 ;08:00 ;60 ;7:00;11:00 ;12:00 ;1
6228 ;4249 ;TT 4249;De 05:45 a 14:45 ht 9.0 ;05:45 ;14:45 ;0 ;0 ;09:00 ;0 ;9:00;;;0
6229 ;4250 ;TT 4250;De 07:45 a 15:45 ht 8.0 ;07:45 ;15:45 ;30 ;0 ;08:00 ;60 ;7:00;01:00 ;02:00 ;1
6230 ;4251 ;TT 4251;De 08:45 a 17:15 ht 8.5 ;08:45 ;17:15 ;15 ;0 ;08:30 ;60 ;7:30;;;1
6231 ;4252 ;TT 4252;De 10:15 a 21:15 ht 11.0 ;10:15 ;21:15 ;15 ;0 ;11:00 ;60 ;10:00;02:00 ;03:00 ;0
6232 ;4253 ;TT 4253;De 08:45 a 17:45 ht 9.0 ;08:45 ;17:45 ;15 ;0 ;09:00 ;0 ;9:00;;;0
6233 ;4254 ;TT 4254;De 12:00 a 22:00 ht 10.0 ;12:00 ;22:00 ;0 ;0 ;10:00 ;60 ;9:00;03:00 ;04:00 ;0
6234 ;4255 ;TT 4255;De 06:30 a 15:30 ht 9.0 ;06:30 ;15:30 ;0 ;0 ;09:00 ;0 ;9:00;;;0
6235 ;4256 ;TT 4256;De 22:00 a 08:30 ht 10.5 ;22:00 ;08:30 ;0 ;0 ;10:30 ;0 ;10:30;;;0
6236 ;4257 ;TT 4257;De 12:45 a 20:45 ht 8.0 ;12:45 ;20:45 ;30 ;0 ;08:00 ;0 ;8:00;;;1
6237 ;4258 ;TT 4258;De 08:45 a 18:45 ht 10.0 ;08:45 ;18:45 ;15 ;0 ;10:00 ;120 ;8:00;;;0
6238 ;4259 ;TT 4259;De 08:45 a 17:45 ht 9.0 ;08:45 ;17:45 ;30 ;0 ;09:00 ;0 ;9:00;;;1
6239 ;4260 ;TT 4260;De 12:15 a 21:15 ht 9.0 ;12:15 ;21:15 ;30 ;0 ;09:00 ;0 ;9:00;;;1
6240 ;4261 ;TT 4261;De 08:00 a 18:00 ht 10.0 ;08:00 ;18:00 ;30 ;0 ;10:00 ;0 ;10:00;;;0
6241 ;4262 ;TT 4262;De 06:45 a 10:45 ht 4.0 ;06:45 ;10:45 ;15 ;0 ;04:00 ;0 ;4:00;;;1
6242 ;4263 ;TT 4263;De 11:30 a 20:30 ht 9.0 ;11:30 ;20:30 ;33 ;0 ;09:00 ;60 ;8:00;03:00 ;04:00 ;1
6243 ;4264 ;TT 4264;De 12:30 a 16:00 ht 3.5 ;12:30 ;16:00 ;15 ;0 ;03:30 ;0 ;3:30;;;1
6244 ;4265 ;TT 4265;De 07:45 a 15:45 ht 8.0 ;07:45 ;15:45 ;15 ;0 ;08:00 ;60 ;7:00;01:00 ;02:00 ;1
6245 ;4266 ;TT 4266;De 11:30 a 21:30 ht 10.0 ;11:30 ;21:30 ;0 ;0 ;10:00 ;0 ;10:00;;;0
6246 ;4267 ;TT 4267;De 11:30 a 21:30 ht 10.0 ;11:30 ;21:30 ;15 ;0 ;10:00 ;0 ;10:00;;;0
6247 ;4268 ;TT 4268;De 11:15 a 21:15 ht 10.0 ;11:15 ;21:15 ;0 ;0 ;10:00 ;0 ;10:00;;;0
6248 ;4269 ;TT 4269;De 10:15 a 18:15 ht 8.0 ;10:15 ;18:15 ;0 ;0 ;08:00 ;0 ;8:00;;;0
6249 ;4270 ;TT 4270;De 10:00 a 19:30 ht 9.5 ;10:00 ;19:30 ;30 ;0 ;09:30 ;0 ;9:30;;;1
6250 ;4271 ;TT 4271;De 06:45 a 15:45 ht 9.0 ;06:45 ;15:45 ;0 ;0 ;09:00 ;0 ;9:00;;;0
6251 ;4272 ;TT 4272;De 10:00 a 20:00 ht 10.0 ;10:00 ;20:00 ;0 ;0 ;10:00 ;0 ;10:00;;;0
6252 ;4273 ;TT 4273;De 09:00 a 18:00 ht 9.0 ;09:00 ;18:00 ;15 ;0 ;09:00 ;30 ;8:30;01:00 ;01:30 ;1
6253 ;4274 ;TT 4274;De 07:00 a 13:00 ht 6.0 ;07:00 ;13:00 ;20 ;0 ;06:00 ;0 ;6:00;;;0
6254 ;4275 ;TT 4275;De 08:30 a 17:30 ht 9.0 ;08:30 ;17:30 ;15 ;0 ;09:00 ;30 ;8:30;12:30 ;13:00 ;1
6255 ;4276 ;TT 4276;De 08:30 a 12:30 ht 4.0 ;08:30 ;12:30 ;30 ;0 ;04:00 ;0 ;4:00;;;1
6256 ;4277 ;TT 4277;De 15:15 a 20:15 ht 5.0 ;15:15 ;20:15 ;15 ;0 ;05:00 ;0 ;5:00;;;0
6257 ;4278 ;TT 4278;De 09:30 a 18:30 ht 9.0 ;09:30 ;18:30 ;15 ;0 ;09:00 ;0 ;9:00;;;0
6258 ;4279 ;TT 4279;De 10:00 a 12:00 ht 2.0 ;10:00 ;12:00 ;0 ;0 ;02:00 ;0 ;2:00;;;0
6259 ;4280 ;TT 4280;De 08:45 a 19:45 ht 11.0 ;08:45 ;19:45 ;30 ;0 ;11:00 ;0 ;11:00;;;0
6260 ;4281 ;TT 4281;De 09:30 a 16:30 ht 7.0 ;09:30 ;16:30 ;0 ;0 ;07:00 ;0 ;7:00;;;0
6261 ;4282 ;TT 4282;De 07:15 a 15:15 ht 8.0 ;07:15 ;15:15 ;30 ;0 ;08:00 ;60 ;7:00;12:00 ;13:00 ;1
6262 ;4283 ;TT 4283;De 10:00 a 16:00 ht 6.0 ;10:00 ;16:00 ;25 ;0 ;06:00 ;0 ;6:00;;;1
6263 ;4284 ;TT 4284;De 08:00 a 18:00 ht 10.0 ;08:00 ;18:00 ;15 ;0 ;10:00 ;30 ;9:30;12:00 ;12:30 ;0
6264 ;4285 ;TT 4285;De 08:30 a 13:30 ht 5.0 ;08:30 ;13:30 ;15 ;0 ;05:00 ;60 ;4:00;12:30 ;13:30 ;1
6265 ;4286 ;TT 4286;De 10:30 a 16:00 ht 5.5 ;10:30 ;16:00 ;15 ;0 ;05:30 ;0 ;5:30;;;0
6266 ;4287 ;TT 4287;De 18:00 a 01:00 ht 7.0 ;18:00 ;01:00 ;30 ;0 ;07:00 ;0 ;7:00;;;1
6267 ;4288 ;TT 4288;De 08:30 a 18:00 ht 9.5 ;08:30 ;18:00 ;15 ;0 ;09:30 ;30 ;9:00;12:30 ;13:00 ;1
6268 ;4289 ;TT 4289;De 08:30 a 17:00 ht 8.5 ;08:30 ;17:00 ;0 ;0 ;08:30 ;0 ;8:30;;;0
6269 ;4290 ;TT 4290;De 12:45 a 23:15 ht 10.5 ;12:45 ;23:15 ;15 ;0 ;10:30 ;60 ;9:30;03:00 ;04:00 ;0
6270 ;4291 ;TT 4291;De 08:30 a 19:00 ht 10.5 ;08:30 ;19:00 ;15 ;0 ;10:30 ;30 ;10:00;12:30 ;13:00 ;0
6271 ;4292 ;TT 4292;De 19:00 a 01:00 ht 6.0 ;19:00 ;01:00 ;0 ;0 ;06:00 ;0 ;6:00;;;0
6272 ;4293 ;TT 4293;De 22:00 a 08:00 ht 10 ;22:00 ;08:00 ;15 ;15 ;10:00 ;0 ;10:00;;;0
6273 ;4294 ;TT 4294;De 06:30 a 15:30 ht 8 ;06:30 ;15:30 ;30 ;0 ;09:00 ;60 ;8:00;10:30 ;11:30 ;1
6274 ;4295 ;TT 4295;De 06:30 a 16:00 ht 9.5 ;06:30 ;16:00 ;0 ;0 ;09:30 ;0 ;9:30;;;0
6275 ;4296 ;TT 4296;De 08:45 a 18:45 ht 10.0 ;08:45 ;18:45 ;0 ;0 ;10:00 ;0 ;10:00;;;0
6276 ;4297 ;TT 4297;De 10:30 a 20:35 ht 10.1 ;10:30 ;20:35 ;15 ;0 ;10:05 ;60 ;9:05;;;0
6277 ;4298 ;TT 4298;De 14:00 a 19:00 ht 5.0 ;14:00 ;19:00 ;15 ;0 ;05:00 ;60 ;4:00;;;1
6278 ;4299 ;TT 4299;De 09:30 a 17:25 ht 7.9 ;09:30 ;17:25 ;15 ;0 ;07:55 ;0 ;7:55;;;0
6279 ;4300 ;TT 4300;De 09:30 a 13:35 ht 4.1 ;09:30 ;13:35 ;15 ;0 ;04:05 ;0 ;4:05;;;1
6280 ;4301 ;TT 4301;De 07:30 a 16:30 ht 9.0 ;07:30 ;16:30 ;15 ;0 ;09:00 ;30 ;8:30;11:30 ;12:00 ;1
6281 ;4302 ;TT 4302;De 17:15 a 01:15 ht 8.0 ;17:15 ;01:15 ;0 ;0 ;08:00 ;0 ;8:00;;;0
6282 ;4303 ;TT 4303;De 15:00 a 21:00 ht 6.0 ;15:00 ;21:00 ;30 ;0 ;06:00 ;60 ;5:00;;;1
6283 ;4304 ;TT 4304;De 07:30 a 17:30 ht 10.0 ;07:30 ;17:30 ;15 ;0 ;10:00 ;0 ;10:00;;;0
6284 ;4305 ;TT 4305;De 06:30 a 15:00 ht 8.5 ;06:30 ;15:00 ;0 ;0 ;08:30 ;0 ;8:30;;;0
6285 ;4306 ;TT 4306;De 08:15 a 17:15 ht 9.0 ;08:15 ;17:15 ;30 ;0 ;09:00 ;0 ;9:00;;;1
6286 ;4307 ;TT 4307;De 12:00 a 14:00 ht 2.0 ;12:00 ;14:00 ;0 ;0 ;02:00 ;0 ;2:00;;;0
6287 ;4308 ;TT 4308;De 11:30 a 16:00 ht 4.5 ;11:30 ;16:00 ;15 ;0 ;04:30 ;0 ;4:30;;;1
6288 ;4309 ;TT 4309;De 07:30 a 16:35 ht 9.1 ;07:30 ;16:35 ;15 ;0 ;09:05 ;60 ;8:05;;;1
6289 ;4310 ;TT 4310;De 08:15 a 17:00 ht 8.8 ;08:15 ;17:00 ;15 ;0 ;08:45 ;0 ;8:45;;;0
6290 ;4311 ;TT 4311;De 05:45 a 14:45 ht 9.0 ;05:45 ;14:45 ;30 ;0 ;09:00 ;60 ;8:00;11:00 ;12:00 ;1
6291 ;4312 ;TT 4312;De 07:45 a 16:45 ht 9.0 ;07:45 ;16:45 ;30 ;0 ;09:00 ;0 ;9:00;;;1
6292 ;4313 ;TT 4313;De 07:00 a 11:05 ht 4.1 ;07:00 ;11:05 ;15 ;0 ;04:05 ;0 ;4:05;;;1
6293 ;4314 ;TT 4314;De 06:00 a 16:30 ht 10.5 ;06:00 ;16:30 ;0 ;0 ;10:30 ;0 ;10:30;;;0
6294 ;4315 ;TT 4315;De 13:00 a 23:30 ht 10.5 ;13:00 ;23:30 ;0 ;0 ;10:30 ;0 ;10:30;;;0
6295 ;4316 ;TT 4316;De 12:00 a 16:30 ht 4.5 ;12:00 ;16:30 ;0 ;0 ;04:30 ;0 ;4:30;;;0
6296 ;4317 ;TT 4317;De 08:45 a 13:00 ht 4.3 ;08:45 ;13:00 ;0 ;0 ;04:15 ;0 ;4:15;;;0
6297 ;4318 ;TT 4318;De 13:00 a 22:15 ht 9.3 ;13:00 ;22:15 ;0 ;0 ;09:15 ;0 ;9:15;;;0
6298 ;4319 ;TT 4319;De 13:00 a 21:35 ht 8.6 ;13:00 ;21:35 ;0 ;0 ;08:35 ;0 ;8:35;;;0
6299 ;4320 ;TT 4320;De 06:00 a 09:00 ht 3.0 ;06:00 ;09:00 ;30 ;0 ;03:00 ;0 ;3:00;;;1
6300 ;4321 ;TT 4321;De 12:30 a 20:30 ht 8.0 ;12:30 ;20:30 ;30 ;0 ;08:00 ;60 ;7:00;03:00 ;04:00 ;1
6301 ;4322 ;TT 4322;De 17:00 a 21:00 ht 4.0 ;17:00 ;21:00 ;15 ;0 ;04:00 ;60 ;3:00;;;1
6302 ;4323 ;TT 4323;De 10:30 a 19:30 ht 9.0 ;10:30 ;19:30 ;30 ;0 ;09:00 ;0 ;9:00;;;1
6303 ;4324 ;TT 4324;De 07:15 a 13:15 ht 6.0 ;07:15 ;13:15 ;0 ;0 ;06:00 ;0 ;6:00;;;0
6304 ;4325 ;TT 4325;De 15:45 a 23:45 ht 8.0 ;15:45 ;23:45 ;0 ;0 ;08:00 ;0 ;8:00;;;0
6305 ;4326 ;TT 4326;De 06:00 a 08:00 ht 2.0 ;06:00 ;08:00 ;30 ;0 ;02:00 ;0 ;2:00;;;0
6306 ;4327 ;TT 4327;De 06:15 a 14:15 ht 8.0 ;06:15 ;14:15 ;30 ;0 ;08:00 ;60 ;7:00;11:00 ;12:00 ;1
6307 ;4328 ;TT 4328;De 07:45 a 18:45 ht 11.0 ;07:45 ;18:45 ;15 ;0 ;11:00 ;0 ;11:00;;;0
6308 ;4329 ;TT 4329;De 08:00 a 13:45 ht 5.8 ;08:00 ;13:45 ;0 ;0 ;05:45 ;0 ;5:45;;;0
6309 ;4330 ;TT 4330;De 07:45 a 17:45 ht 10.0 ;07:45 ;17:45 ;15 ;0 ;10:00 ;0 ;10:00;;;0
6310 ;4331 ;TT 4331;De 16:15 a 22:00 ht 5.8 ;16:15 ;22:00 ;15 ;0 ;05:45 ;0 ;5:45;;;0
6311 ;4332 ;TT 4332;De 10:30 a 21:30 ht 11.0 ;10:30 ;21:30 ;15 ;0 ;11:00 ;0 ;11:00;;;0
6312 ;4333 ;TT 4333;De 09:45 a 19:45 ht 10.0 ;09:45 ;19:45 ;0 ;0 ;10:00 ;0 ;10:00;;;0
6313 ;4334 ;TT 4334;De 11:00 a 14:00 ht 3.0 ;11:00 ;14:00 ;15 ;0 ;03:00 ;0 ;3:00;;;1
6314 ;4335 ;TT 4335;De 18:00 a 21:00 ht 3.0 ;18:00 ;21:00 ;15 ;0 ;03:00 ;0 ;3:00;;;1
6315 ;4336 ;TT 4336;De 09:30 a 12:30 ht 3.0 ;09:30 ;12:30 ;15 ;0 ;03:00 ;0 ;3:00;;;1
6316 ;4337 ;TT 4337;De 06:00 a 10:00 ht 4.0 ;06:00 ;10:00 ;30 ;0 ;04:00 ;0 ;4:00;;;1
6317 ;4338 ;TT 4338;De 07:45 a 14:15 ht 6.5 ;07:45 ;14:15 ;0 ;0 ;06:30 ;0 ;6:30;;;0
6318 ;4339 ;TT 4339;De 09:30 a 13:30 ht 4.0 ;09:30 ;13:30 ;30 ;0 ;04:00 ;0 ;4:00;;;1
6319 ;4340 ;TT 4340;De 07:30 a 11:30 ht 4.0 ;07:30 ;11:30 ;30 ;0 ;04:00 ;0 ;4:00;;;1
6320 ;4341 ;TT 4341;De 15:00 a 19:30 ht 4.5 ;15:00 ;19:30 ;15 ;0 ;04:30 ;0 ;4:30;;;1
6321 ;4342 ;TT 4342;De 07:15 a 17:45 ht 10.5 ;07:15 ;17:45 ;15 ;0 ;10:30 ;60 ;9:30;;;0
6322 ;4343 ;TT 4343;De 10:30 a 21:30 ht 11.0 ;10:30 ;21:30 ;30 ;0 ;11:00 ;0 ;11:00;;;0
6323 ;4344 ;TT 4344;De 11:00 a 20:30 R90 ;11:00 ;20:30 ;0 ;0 ;09:30 ;90 ;8:00;15:00 ;16:30 ;1
6324 ;4345 ;TT 4345;De 07:00 a 17:35 ht 10.6 ;07:00 ;17:35 ;15 ;0 ;10:35 ;60 ;9:35;;;0
6325 ;4346 ;TT 4346;De 10:45 a 15:45 ht 5.0 ;10:45 ;15:45 ;15 ;0 ;05:00 ;0 ;5:00;;;0
6326 ;4347 ;TT 4347;De 06:00 a 14:30 ht 8.5 ;06:00 ;14:30 ;0 ;0 ;08:30 ;0 ;8:30;;;0
6327 ;4348 ;TT 4348;De 09:45 a 15:45 ht 6.0 ;09:45 ;15:45 ;0 ;0 ;06:00 ;0 ;6:00;;;0
6328 ;4349 ;TT 4349;De 09:00 a 20:00 ht 11.0 ;09:00 ;20:00 ;10 ;0 ;11:00 ;60 ;10:00;;;0
6329 ;4350 ;TT 4350;De 07:15 a 16:15 ht 9.0 ;07:15 ;16:15 ;30 ;0 ;09:00 ;0 ;9:00;;;1
6330 ;4351 ;TT 4351;De 16:30 a 21:30 ht 5.0 ;16:30 ;21:30 ;0 ;0 ;05:00 ;0 ;5:00;;;0
6331 ;4352 ;TT 4352;De 09:15 a 19:15 ht 10.0 ;09:15 ;19:15 ;0 ;0 ;10:00 ;0 ;10:00;;;0
6332 ;4353 ;TT 4353;De 08:15 a 18:15 ht 10.0 ;08:15 ;18:15 ;0 ;0 ;10:00 ;0 ;10:00;;;0
6333 ;4354 ;TT 4354;De 06:00 a 08:00 ht 2.0 ;06:00 ;08:00 ;15 ;0 ;02:00 ;0 ;2:00;;;0
6334 ;4355 ;TT 4355;De 06:15 a 15:15 ht 9.0 ;06:15 ;15:15 ;30 ;0 ;09:00 ;0 ;9:00;;;1
6335 ;4356 ;TT 4356;De 06:00 a 12:15 ht 6.3 ;06:00 ;12:15 ;15 ;0 ;06:15 ;0 ;6:15;;;0
6336 ;4357 ;TT 4357;De 18:00 a 01:00 ht 7.0 ;18:00 ;01:00 ;0 ;0 ;07:00 ;0 ;7:00;;;0
6337 ;4358 ;TT 4358;De 08:15 a 16:15 ht 8.0 ;08:15 ;16:15 ;30 ;0 ;08:00 ;60 ;7:00;;;1
6338 ;4359 ;TT 4359;De 08:45 a 16:45 ht 8.0 ;08:45 ;16:45 ;30 ;0 ;08:00 ;60 ;7:00;;;1
6339 ;4360 ;TT 4360;De 18:00 a 22:00 ht 4.0 ;18:00 ;22:00 ;30 ;0 ;04:00 ;0 ;4:00;;;1
6340 ;4361 ;TT 4361;De 11:15 a 20:15 ht 9.0 ;11:15 ;20:15 ;30 ;0 ;09:00 ;60 ;8:00;;;1
6341 ;4362 ;TT 4362;De 23:00 a 07:00 ht 8.0 ;23:00 ;07:00 ;0 ;0 ;08:00 ;0 ;8:00;;;0
6342 ;4363 ;TT 4363;De 22:00 a 06:30 ht 8.5 ;22:00 ;06:30 ;15 ;0 ;08:30 ;0 ;8:30;;;0
6343 ;4364 ;TT 4364;De 08:00 a 16:05 ht 8.1 ;08:00 ;16:05 ;30 ;0 ;08:05 ;0 ;8:05;;;1
6344 ;4365 ;TT 4365;De 07:45 a 18:45 ht 11.0 ;07:45 ;18:45 ;0 ;0 ;11:00 ;0 ;11:00;;;0
6345 ;4366 ;TT 4366;De 11:30 a 20:35 ht 9.1 ;11:30 ;20:35 ;30 ;0 ;09:05 ;60 ;8:05;;;1
6346 ;4367 ;TT 4367;De 16:00 a 01:00 ht 9.0 ;16:00 ;01:00 ;0 ;0 ;09:00 ;0 ;9:00;;;0
6347 ;4368 ;TT 4368;De 12:45 a 18:45 ht 6.0 ;12:45 ;18:45 ;30 ;0 ;06:00 ;0 ;6:00;;;1
6348 ;4369 ;TT 4369;De 11:00 a 20:30 ht 9.5 ;11:00 ;20:30 ;0 ;0 ;09:30 ;0 ;9:30;;;0
6349 ;4370 ;TT 4370;De 10:30 a 19:15 ht 8.8 ;10:30 ;19:15 ;15 ;0 ;08:45 ;60 ;7:45;;;1
6350 ;4371 ;TT 4371;De 08:00 a 16:45 ht 8.8 ;08:00 ;16:45 ;15 ;0 ;08:45 ;0 ;8:45;;;0
6351 ;4372 ;TT 4372;De 08:00 a 21:00 ht 13.0 ;08:00 ;21:00 ;15 ;0 ;13:00 ;60 ;12:00;;;0
6352 ;4373 ;TT 4373;De 08:15 a 17:15 ht 9.0 ;08:15 ;17:15 ;0 ;0 ;09:00 ;60 ;8:00;;;1
6353 ;4374 ;TT 4374;De 18:00 a 02:00 ht 8.0 ;18:00 ;02:00 ;0 ;0 ;08:00 ;0 ;8:00;;;0
6354 ;4375 ;TT 4375;De 14:30 a 22:30 ht 8.0 ;14:30 ;22:30 ;0 ;0 ;08:00 ;0 ;8:00;;;0
6355 ;4376 ;TT 4376;De 01:45 a 12:15 ht 10.5 ;01:45 ;12:15 ;0 ;0 ;10:30 ;0 ;10:30;;;0
6356 ;4377 ;TT 4377;De 02:00 a 08:30 ht 6.5 ;02:00 ;08:30 ;15 ;0 ;06:30 ;0 ;6:30;;;0
6357 ;4378 ;TT 4378;De 10:30 a 18:15 ht 7.8 ;10:30 ;18:15 ;15 ;0 ;07:45 ;0 ;7:45;;;0
6358 ;4379 ;TT 4379;De 09:30 a 14:35 ht 5.1 ;09:30 ;14:35 ;15 ;0 ;05:05 ;0 ;5:05;;;0
6359 ;4380 ;TT 4380;De 11:30 a 18:30 ht 7.0 ;11:30 ;18:30 ;0 ;0 ;07:00 ;0 ;7:00;;;0
6360 ;4381 ;TT 4381;De 07:00 a 10:00 ht 3.0 ;07:00 ;10:00 ;15 ;0 ;03:00 ;0 ;3:00;;;1
6361 ;4382 ;TT 4382;De 08:15 a 15:15 ht 7.0 ;08:15 ;15:15 ;0 ;0 ;07:00 ;0 ;7:00;;;0
6362 ;4383 ;TT 4383;De 11:15 a 18:15 ht 7.0 ;11:15 ;18:15 ;15 ;0 ;07:00 ;0 ;7:00;;;0
6363 ;4384 ;TT 4384;De 11:45 a 18:45 ht 7.0 ;11:45 ;18:45 ;15 ;0 ;07:00 ;0 ;7:00;;;0
6364 ;4385 ;TT 4385;De 08:00 a 21:00 R300 ;08:00 ;21:00 ;0 ;0 ;13:00 ;300 ;8:00;12:00 ;17:00 ;0
6365 ;4386 ;TT 4386;De 08:45 a 18:45 ht 10.0 ;08:45 ;18:45 ;15 ;0 ;10:00 ;0 ;10:00;;;0
6366 ;4387 ;TT 4387;De 15:30 a 22:30 ht 7.0 ;15:30 ;22:30 ;0 ;0 ;07:00 ;0 ;7:00;;;0
6367 ;4388 ;TT 4388;De 11:45 a 16:45 ht 5.0 ;11:45 ;16:45 ;15 ;0 ;05:00 ;0 ;5:00;;;0
6368 ;4389 ;TT 4389;De 15:00 a 01:30 ht 10.5 ;15:00 ;01:30 ;0 ;0 ;10:30 ;0 ;10:30;;;0
6369 ;4390 ;TT 4390;De 12:45 a 17:45 ht 5.0 ;12:45 ;17:45 ;15 ;0 ;05:00 ;0 ;5:00;;;0
6370 ;4391 ;TT 4391;De 07:30 a 19:30 ht 12.0 ;07:30 ;19:30 ;15 ;0 ;12:00 ;60 ;11:00;;;0
6371 ;4392 ;TT 4392;De 11:00 a 19:00 ht 8.0 ;11:00 ;19:00 ;10 ;0 ;08:00 ;0 ;8:00;;;0
6372 ;4393 ;TT 4393;De 08:45 a 19:45 ht 11.0 ;08:45 ;19:45 ;0 ;0 ;11:00 ;0 ;11:00;;;0
6373 ;4394 ;TT 4394;De 16:00 a 02:30 ht 10.5 ;16:00 ;02:30 ;0 ;0 ;10:30 ;0 ;10:30;;;0
6374 ;4395 ;TT 4395;De 09:30 a 17:35 ht 8.1 ;09:30 ;17:35 ;15 ;0 ;08:05 ;0 ;8:05;;;0
6375 ;4396 ;TT 4396;De 13:00 a 18:30 ht 5.5 ;13:00 ;18:30 ;15 ;0 ;05:30 ;0 ;5:30;;;0
6376 ;4397 ;TT 4397;De 13:45 a 18:45 ht 5.0 ;13:45 ;18:45 ;15 ;0 ;05:00 ;0 ;5:00;;;0
6377 ;4398 ;TT 4398;De 04:00 a 13:00 R00 ;04:00 ;13:00 ;15 ;15 ;09:00 ;0 ;9:00;;;1
6378 ;4399 ;TT 4399;De 11:30 a 23:00 ht 11.5 ;11:30 ;23:00 ;15 ;0 ;11:30 ;60 ;10:30;;;0
6379 ;4400 ;TT 4400;De 22:00 a 06:00 ht 8.0 ;22:00 ;06:00 ;5 ;0 ;08:00 ;0 ;8:00;;;0
6380 ;4401 ;TT 4401;De 07:00 a 15:45 ht 8.8 ;07:00 ;15:45 ;15 ;0 ;08:45 ;0 ;8:45;;;0
6381 ;4402 ;TT 4402;De 08:00 a 16:35 ht 8.6 ;08:00 ;16:35 ;15 ;0 ;08:35 ;0 ;8:35;;;0
6382 ;4403 ;TT 4403;De 00:00 a 06:00 ht 6.0 ;00:00 ;06:00 ;15 ;0 ;06:00 ;0 ;6:00;;;0
6383 ;4404 ;TT 4404;De 16:30 a 00:30 R0 ;16:30 ;00:30 ;15 ;0 ;08:00 ;0 ;8:00;;;0
6384 ;4405 ;TT 4405;De 05:00 a 15:00 R120 ;05:00 ;15:00 ;30 ;0 ;10:00 ;120 ;8:00;11:00 ;13:00 ;0
6385 ;4408 ;TT 4408;De 07:15 a 17:15 ht 10.0 ;07:15 ;17:15 ;15 ;0 ;10:00 ;0 ;10:00;;;0
6386 ;4414 ;TT 4414;De 07:45 a 15:45 ht 8.0 ;07:45 ;15:45 ;10 ;0 ;08:00 ;0 ;8:00;;;0
6387 ;4415 ;TT 4415;De 05:30 a 14:30 R0 ;05:30 ;14:30 ;30 ;0 ;09:00 ;0 ;9:00;;;1
6388 ;4416 ;TT 4416;De 05:00 a 15:00 R0 ;05:00 ;15:00 ;30 ;0 ;10:00 ;0 ;10:00;;;0
6389 ;4417 ;TT 4417;De 12:00 a 22:00 ht 10.0 ;12:00 ;22:00 ;15 ;0 ;10:00 ;120 ;8:00;;;0
6390 ;4418 ;TT 4418;De 11:00 a 21:00 ht 10.0 ;11:00 ;21:00 ;15 ;0 ;10:00 ;120 ;8:00;;;0
6391 ;4419 ;TT 4419;De 13:30 a 22:30 R0 ;13:30 ;22:30 ;15 ;15 ;09:00 ;0 ;9:00;;;1
6392 ;4420 ;TT 4420;De 07:15 a 15:15 ht 8.0 ;07:15 ;15:15 ;15 ;0 ;08:00 ;60 ;7:00;;;1
6393 ;4421 ;TT 4421;De 09:30 a 11:30 ht 2.0 ;09:30 ;11:30 ;0 ;0 ;02:00 ;0 ;2:00;;;0
6394 ;4422 ;TT 4422;De 05:00 a 07:00 ht 2.0 ;05:00 ;07:00 ;0 ;0 ;02:00 ;0 ;2:00;;;0
6395 ;4423 ;TT 4423;De 07:00 a 09:00 ht 2.0 ;07:00 ;09:00 ;15 ;0 ;02:00 ;0 ;2:00;;;0
6396 ;4424 ;TT 4424;De 07:00 a 09:00 ht 2.0 ;07:00 ;09:00 ;0 ;0 ;02:00 ;0 ;2:00;;;0
6397 ;4425 ;TT 4425;De 08:30 a 13:30 ht 5.0 ;08:30 ;13:30 ;0 ;0 ;05:00 ;0 ;5:00;;;0
6398 ;4426 ;TT 4426;De 14:30 a 23:30 R0 ;14:30 ;23:30 ;30 ;0 ;09:00 ;0 ;9:00;;;1
6399 ;4427 ;TT 4427;De 10:15 a 15:15 ht 5.0 ;10:15 ;15:15 ;15 ;0 ;05:00 ;0 ;5:00;;;0
6400 ;4428 ;TT 4428;De 06:45 a 11:45 ht 5.0 ;06:45 ;11:45 ;15 ;0 ;05:00 ;0 ;5:00;;;0
6401 ;4429 ;TT 4429;De 12:30 a 22:30 R120 ;12:30 ;22:30 ;15 ;0 ;10:00 ;120 ;8:00;17:00 ;19:00 ;0
6402 ;4430 ;TT 4430;De 06:15 a 11:15 ht 5.0 ;06:15 ;11:15 ;15 ;0 ;05:00 ;0 ;5:00;;;0
6403 ;4431 ;TT 4431;De 09:00 a 17:00 ht 8.0 ;09:00 ;17:00 ;5 ;0 ;08:00 ;0 ;8:00;;;0
6404 ;4432 ;TT 4432;De 17:00 a 22:00 ht 5.0 ;17:00 ;22:00 ;0 ;0 ;05:00 ;0 ;5:00;;;0
6405 ;4433 ;TT 4433;De 01:00 a 09:00 R0 ;01:00 ;09:00 ;30 ;0 ;08:00 ;0 ;8:00;;;1
6406 ;4434 ;TT 4434;De 07:00 a 14:55 ht 7.9 ;07:00 ;14:55 ;15 ;0 ;07:55 ;0 ;7:55;;;0
6407 ;4435 ;TT 4435;De 05:00 a 14:00 R0 ;05:00 ;14:00 ;30 ;0 ;09:00 ;0 ;9:00;;;1
6408 ;4436 ;TT 4436;De 16:30 a 23:30 R0 ;16:30 ;23:30 ;30 ;0 ;07:00 ;0 ;7:00;;;1
6409 ;4437 ;TT 4437;De 07:00 a 15:35 ht 8.6 ;07:00 ;15:35 ;15 ;0 ;08:35 ;0 ;8:35;;;0
6410 ;4438 ;TT 4438;De 09:15 a 17:15 ht 8.0 ;09:15 ;17:15 ;30 ;0 ;08:00 ;0 ;8:00;;;1
6411 ;4439 ;TT 4438;De 11:30 a 21:30 R120 ;11:30 ;21:30 ;15 ;15 ;10:00 ;120 ;8:00;15:00 ;17:00 ;0
6412 ;4440 ;TT 4440;De 09:00 a 11:00 ht 2.0 ;09:00 ;11:00 ;15 ;0 ;02:00 ;0 ;2:00;;;0
6413 ;4441 ;TT 4441;De 10:15 a 18:15 ht 8.0 ;10:15 ;18:15 ;30 ;0 ;08:00 ;0 ;8:00;;;1
6414 ;4442 ;TT 4442;De 18:00 a 04:30 ht 10.5 ;18:00 ;04:30 ;0 ;0 ;10:30 ;0 ;10:30;;;0
6415 ;4443 ;TT 4443;De 05:00 a 09:00 R0 ;05:00 ;09:00 ;0 ;0 ;04:00 ;0 ;4:00;;;0
6416 ;4444 ;TT 4444;De 18:30 a 22:30 R0 ;18:30 ;22:30 ;0 ;0 ;04:00 ;0 ;4:00;;;0
6417 ;4445 ;TT 4445;De 06:00 a 13:45 ht 7.8 ;06:00 ;13:45 ;15 ;0 ;07:45 ;0 ;7:45;;;0
6418 ;4446 ;TT 4446;De 06:00 a 13:45 ht 7.8 ;06:00 ;13:45 ;0 ;0 ;07:45 ;0 ;7:45;;;0
6419 ;4447 ;TT 4447;De 09:00 a 17:45 ht 8.8 ;09:00 ;17:45 ;15 ;0 ;08:45 ;0 ;8:45;;;0
6420 ;4448 ;TT 4448;De 13:15 a 22:00 ht 8.8 ;13:15 ;22:00 ;15 ;0 ;08:45 ;0 ;8:45;;;0
6421 ;4449 ;TT 4449;De 09:30 a 16:00 ht 6.5 ;09:30 ;16:00 ;15 ;0 ;06:30 ;60 ;5:30;;;1
6422 ;4450 ;TT 4450;De 16:00 a 22:00 ht 6.0 ;16:00 ;22:00 ;15 ;0 ;06:00 ;60 ;5:00;;;1
6423 ;4451 ;TT 4451;De 06:00 a 16:15 ht 10.3 ;06:00 ;16:15 ;0 ;0 ;10:15 ;0 ;10:15;;;0
6424 ;4452 ;TT 4452;De 06:00 a 16:15 ht 10.3 ;06:00 ;16:15 ;15 ;0 ;10:15 ;60 ;9:15;;;0
6425 ;4453 ;TT 4453;De 07:00 a 17:15 ht 10.3 ;07:00 ;17:15 ;0 ;0 ;10:15 ;0 ;10:15;;;0
6426 ;4454 ;TT 4454;De 07:30 a 17:45 ht 10.3 ;07:30 ;17:45 ;0 ;0 ;10:15 ;0 ;10:15;;;0
6427 ;4455 ;TT 4455;De 08:00 a 18:15 ht 10.3 ;08:00 ;18:15 ;0 ;0 ;10:15 ;0 ;10:15;;;0
6428 ;4456 ;TT 4456;De 12:00 a 21:45 ht 9.8 ;12:00 ;21:45 ;15 ;0 ;09:45 ;60 ;8:45;;;0
6429 ;4457 ;TT 4457;De 19:00 a 04:00 R60 ;19:00 ;04:00 ;0 ;0 ;09:00 ;60 ;8:00;23:00 ;00:00 ;1
6430 ;4458 ;TT 4458;De 20:00 a 05:00 R60 ;20:00 ;05:00 ;0 ;0 ;09:00 ;60 ;8:00;23:00 ;00:00 ;1
6431 ;4459 ;TT 4459;De 22:00 a 07:00 R60 ;22:00 ;07:00 ;0 ;0 ;09:00 ;60 ;8:00;02:00 ;03:00 ;1
6432 ;4460 ;TT 4460;De 23:00 a 08:00 R60 ;23:00 ;08:00 ;0 ;0 ;09:00 ;60 ;8:00;03:00 ;04:00 ;1
6433 ;4461 ;TT 4461;De 00:00 a 09:00 R60 ;00:00 ;09:00 ;0 ;0 ;09:00 ;60 ;8:00;05:00 ;06:00 ;1
6434 ;4462 ;TT 4462;De 01:00 a 10:00 R60 ;01:00 ;10:00 ;0 ;0 ;09:00 ;60 ;8:00;05:00 ;06:00 ;1
6435 ;4463 ;TT 4463;De 02:00 a 11:00 R60 ;02:00 ;11:00 ;0 ;0 ;09:00 ;60 ;8:00;06:00 ;07:00 ;1
6436 ;4464 ;TT 4464;De 03:00 a 12:00 R60 ;03:00 ;12:00 ;0 ;0 ;09:00 ;60 ;8:00;06:00 ;07:00 ;1
6437 ;4465 ;TT 4465;De 04:00 a 13:00 R60 ;04:00 ;13:00 ;0 ;0 ;09:00 ;60 ;8:00;08:00 ;09:00 ;1
6438 ;4466 ;TT 4466;De 05:00 a 14:00 R60 ;05:00 ;14:00 ;0 ;0 ;09:00 ;60 ;8:00;11:00 ;12:00 ;1
6439 ;4467 ;TT 4467;De 20:30 a 04:30 R0 ;20:30 ;04:30 ;30 ;0 ;08:00 ;0 ;8:00;;;1
6440 ;4468 ;TT 4468;De 01:00 a 06:00 R0 ;01:00 ;06:00 ;0 ;15 ;05:00 ;0 ;5:00;;;0
6441 ;4469 ;TT 4469;De 09:00 a 11:00 ht 2.0 ;09:00 ;11:00 ;0 ;0 ;02:00 ;0 ;2:00;;;0
6442 ;4470 ;TT 4470;De 01:00 a 10:00 R0 ;01:00 ;10:00 ;15 ;0 ;09:00 ;0 ;9:00;;;0
6443 ;4471 ;TT 4471;De 01:00 a 11:00 R0 ;01:00 ;11:00 ;15 ;0 ;10:00 ;0 ;10:00;;;0
6444 ;4472 ;TT 4472;De 20:00 a 04:00 R0 ;20:00 ;04:00 ;15 ;0 ;08:00 ;0 ;8:00;;;0
6445 ;4473 ;TT 4473;De 20:00 a 04:00 R0 ;20:00 ;04:00 ;15 ;0 ;08:00 ;0 ;8:00;;;0
6446 ;4474 ;TT 4474;De 03:00 a 13:00 R0 ;03:00 ;13:00 ;0 ;0 ;10:00 ;0 ;10:00;;;0
6447 ;4475 ;TT 4475;De 05:45 a 14:15 R30 ;05:45 ;14:15 ;0 ;0 ;08:30 ;30 ;8:00;11:00 ;11:30 ;1
6448 ;4476 ;TT 4476;De 06:45 a 15:15 R30 ;06:45 ;15:15 ;0 ;0 ;08:30 ;30 ;8:00;13:00 ;13:30 ;1
6449 ;4477 ;TT 4477;De 07:00 a 15:30 R30 ;07:00 ;15:30 ;0 ;0 ;08:30 ;30 ;8:00;12:00 ;12:30 ;1
6450 ;4478 ;TT 4478;De 07:30 a 16:00 R30 ;07:30 ;16:00 ;0 ;0 ;08:30 ;30 ;8:00;14:00 ;14:30 ;1
6451 ;4479 ;TT 4479;De 07:45 a 16:15 R0 ;07:45 ;16:15 ;0 ;0 ;08:30 ;0 ;8:30;;;0
6452 ;4480 ;TT 4480;De 08:00 a 16:30 R0 ;08:00 ;16:30 ;0 ;0 ;08:30 ;0 ;8:30;;;0
6453 ;4481 ;TT 4481;De 08:30 a 17:00 R30 ;08:30 ;17:00 ;0 ;0 ;08:30 ;30 ;8:00;13:00 ;13:30 ;1
6454 ;4482 ;TT 4482;De 09:00 a 17:30 R30 ;09:00 ;17:30 ;0 ;0 ;08:30 ;30 ;8:00;13:30 ;14:00 ;1
6455 ;4483 ;TT 4483;De 10:00 a 18:30 R30 ;10:00 ;18:30 ;0 ;0 ;08:30 ;30 ;8:00;14:00 ;14:30 ;1
6456 ;4484 ;TT 4485;De 11:00 a 19:30 R30 ;11:00 ;19:30 ;0 ;0 ;08:30 ;30 ;8:00;15:00 ;15:30 ;1
6457 ;4485 ;TT 4486;De 11:30 a 20:00 R30 ;11:30 ;20:00 ;0 ;0 ;08:30 ;30 ;8:00;15:00 ;15:30 ;1
6458 ;4486 ;TT 4487;De 12:30 a 21:00 R30 ;12:30 ;21:00 ;0 ;0 ;08:30 ;30 ;8:00;16:00 ;16:30 ;1
6459 ;4487 ;TT 4488;De 13:30 a 22:00 R30 ;13:30 ;22:00 ;0 ;0 ;08:30 ;30 ;8:00;16:00 ;16:30 ;1
6460 ;4488 ;TT 4488;De 05:30 a 09:30 ht 4.0 ;05:30 ;09:30 ;0 ;0 ;04:00 ;0 ;4:00;;;0
6461 ;4489 ;TT 4489;De 10:00 a 14:00 ht 4.0 ;10:00 ;14:00 ;15 ;0 ;04:00 ;60 ;3:00;;;1
6462 ;4490 ;TT 4490;De 10:30 a 15:30 ht 5.0 ;10:30 ;15:30 ;0 ;0 ;05:00 ;0 ;5:00;;;0
6463 ;4491 ;TT 4491;De 10:15 a 18:30 ht 8.3 ;10:15 ;18:30 ;30 ;0 ;08:15 ;0 ;8:15;;;1
6464 ;4492 ;TT 4492;De 17:00 a 02:30 ht 9.5 ;17:00 ;02:30 ;0 ;0 ;09:30 ;0 ;9:30;;;0
6465 ;4493 ;TT 4493;De 10:30 a 21:00 ht 10.5 ;10:30 ;21:00 ;0 ;0 ;10:30 ;0 ;10:30;;;0
6466 ;4494 ;TT 4494;De 16:00 a 00:15 ht 8.3 ;16:00 ;00:15 ;15 ;0 ;08:15 ;0 ;8:15;;;0
6467 ;4495 ;TT 4495;De 10:30 a 18:35 ht 8.1 ;10:30 ;18:35 ;30 ;0 ;08:05 ;0 ;8:05;;;1
6468 ;4496 ;TT 4496;De 09:30 a 18:45 ht 9.3 ;09:30 ;18:45 ;15 ;0 ;09:15 ;60 ;8:15;;;1
6469 ;4497 ;TT 4497;De 09:00 a 19:00 ht 10.0 ;09:00 ;19:00 ;0 ;0 ;10:00 ;60 ;9:00;;;0
6470 ;4498 ;TT 4498;De 02:00 a 04:00 ht 2.0 ;02:00 ;04:00 ;0 ;0 ;02:00 ;0 ;2:00;;;0
6471 ;4499 ;TT 4499;De 09:30 a 15:00 ht 5.5 ;09:30 ;15:00 ;15 ;0 ;05:30 ;0 ;5:30;;;0
6472 ;4500 ;TT 4500;De 09:30 a 17:35 ht 8.1 ;09:30 ;17:35 ;30 ;0 ;08:05 ;0 ;8:05;;;1
6473 ;4501 ;TT 4501;De 09:30 a 21:30 R60 ;09:30 ;21:30 ;30 ;0 ;12:00 ;60 ;11:00;14:00 ;15:00 ;0
6474 ;4502 ;TT 4502;De 06:00 a 15:30 R210 ;06:00 ;15:30 ;0 ;0 ;09:30 ;210 ;6:00;10:00 ;13:30 ;1
6475 ;4503 ;TT 4503;De 07:00 a 17:30 ht 10.5 ;07:00 ;17:30 ;0 ;0 ;10:30 ;60 ;9:30;;;0
6476 ;4504 ;TT 4504;De 08:30 a 14:30 ht 6.0 ;08:30 ;14:30 ;15 ;0 ;06:00 ;60 ;5:00;;;1
6477 ;4505 ;TT 4505;De 13:00 a 16:00 R0 ;13:00 ;16:00 ;0 ;0 ;03:00 ;0 ;3:00;;;0
6478 ;4506 ;TT 4506;De 18:00 a 04:00 R0 ;18:00 ;04:00 ;15 ;15 ;10:00 ;0 ;10:00;;;0
6479 ;4507 ;TT 4507;De 07:00 a 21:30 R390 ;07:00 ;21:30 ;30 ;30 ;14:30 ;390 ;8:00;11:00 ;17:30 ;0
6480 ;4508 ;TT 4508;De 06:00 a 20:30 R390 ;06:00 ;20:30 ;15 ;15 ;14:30 ;390 ;8:00;10:00 ;16:30 ;0
6481 ;4509 ;TT 4510;De 06:00 a 20:30 R510 ;06:00 ;20:30 ;15 ;15 ;14:30 ;510 ;6:00;09:00 ;17:30 ;0
6482 ;4510 ;TT 4511;De 07:00 a 21:30 R510 ;07:00 ;21:30 ;15 ;15 ;14:30 ;510 ;6:00;10:00 ;18:30 ;0
6483 ;4511 ;TT 4512;De 21:00 a 04:00 R60 ;21:00 ;04:00 ;15 ;15 ;07:00 ;60 ;6:00;01:00 ;02:00 ;1
6484 ;4512 ;TT 4513;De 20:00 a 03:00 R60 ;20:00 ;03:00 ;15 ;15 ;07:00 ;60 ;6:00;23:00 ;00:00 ;1
6485 ;4513 ;TT 4514;De 23:00 a 05:00 R0 ;23:00 ;05:00 ;15 ;15 ;06:00 ;0 ;6:00;;;1
6486 ;4514 ;TT 4515;De 03:00 a 09:00 R0 ;03:00 ;09:00 ;15 ;15 ;06:00 ;0 ;6:00;;;1
6487 ;4515 ;TT 4516;De 06:00 a 13:00 R60 ;06:00 ;13:00 ;15 ;15 ;07:00 ;60 ;6:00;10:00 ;11:00 ;1
6488 ;4516 ;TT 4517;De 05:00 a 12:00 R60 ;05:00 ;12:00 ;15 ;0 ;07:00 ;60 ;6:00;09:00 ;10:00 ;1
6489 ;4517 ;TT 4518;De 17:00 a 00:00 R60 ;17:00 ;00:00 ;15 ;0 ;07:00 ;60 ;6:00;19:00 ;20:00 ;1
6490 ;4518 ;TT 4519;De 04:00 a 11:00 R0 ;04:00 ;11:00 ;0 ;0 ;07:00 ;0 ;7:00;;;0
6491 ;4519 ;TT 4520;De 18:00 a 01:00 R60 ;18:00 ;01:00 ;15 ;0 ;07:00 ;60 ;6:00;22:00 ;23:00 ;1
6492 ;4520 ;TT 4521;De 01:00 a 08:00 R60 ;01:00 ;08:00 ;15 ;0 ;07:00 ;60 ;6:00;05:00 ;06:00 ;1
6493 ;4521 ;TT 4522;De 19:00 a 02:00 R0 ;19:00 ;02:00 ;15 ;0 ;07:00 ;0 ;7:00;;;0
6494 ;4522 ;TT 4523;De 20:00 a 04:00 R60 ;20:00 ;04:00 ;15 ;0 ;08:00 ;60 ;7:00;23:00 ;00:00 ;1
6495 ;4523 ;TT 4524;De 03:00 a 10:00 R0 ;03:00 ;10:00 ;15 ;15 ;07:00 ;0 ;7:00;;;1
6496 ;4524 ;TT 4525;De 02:00 a 09:00 R0 ;02:00 ;09:00 ;15 ;0 ;07:00 ;0 ;7:00;;;0
6497 ;4525 ;TT 4526;De 20:00 a 03:00 R0 ;20:00 ;03:00 ;15 ;0 ;07:00 ;0 ;7:00;;;0
6498 ;4526 ;TT 4527;De 21:00 a 04:00 R0 ;21:00 ;04:00 ;15 ;0 ;07:00 ;0 ;7:00;;;0
6499 ;4527 ;TT 4528;De 04:00 a 11:00 R0 ;04:00 ;11:00 ;15 ;0 ;07:00 ;0 ;7:00;;;0
6500 ;4528 ;TT 4529;De 04:00 a 12:00 R0 ;04:00 ;12:00 ;15 ;0 ;08:00 ;0 ;8:00;;;0
6501 ;4529 ;TT 4530;De 03:00 a 11:00 R60 ;03:00 ;11:00 ;15 ;0 ;08:00 ;60 ;7:00;06:00 ;07:00 ;1
6502 ;4530 ;TT 4531;De 23:00 a 06:00 R0 ;23:00 ;06:00 ;15 ;15 ;07:00 ;0 ;7:00;;;1
6503 ;4531 ;TT 4532;De 17:00 a 01:00 R60 ;17:00 ;01:00 ;0 ;15 ;08:00 ;60 ;7:00;21:00 ;22:00 ;1
6504 ;4532 ;TT 4533;De 00:00 a 08:00 R60 ;00:00 ;08:00 ;15 ;0 ;08:00 ;60 ;7:00;04:00 ;05:00 ;1
6505 ;4533 ;TT 4534;De 19:00 a 03:00 R60 ;19:00 ;03:00 ;15 ;0 ;08:00 ;60 ;7:00;22:00 ;23:00 ;1
6506 ;4534 ;TT 4535;De 00:00 a 09:00 R0 ;00:00 ;09:00 ;0 ;15 ;09:00 ;0 ;9:00;;;0
6507 ;4535 ;TT 4536;De 17:00 a 02:00 R0 ;17:00 ;02:00 ;0 ;15 ;09:00 ;0 ;9:00;;;0
6508 ;4536 ;TT 4537;De 17:00 a 03:00 R60 ;17:00 ;03:00 ;0 ;15 ;10:00 ;60 ;9:00;23:00 ;00:00 ;0
6509 ;4537 ;TT 4538;De 17:00 a 03:00 R0 ;17:00 ;03:00 ;0 ;15 ;10:00 ;0 ;10:00;;;0
6510 ;4538 ;TT 4539;De 18:00 a 03:00 R60 ;18:00 ;03:00 ;0 ;15 ;09:00 ;60 ;8:00;23:00 ;00:00 ;1
6511 ;4539 ;TT 4540;De 18:00 a 03:00 R0 ;18:00 ;03:00 ;0 ;15 ;09:00 ;0 ;9:00;;;0
6512 ;5324 ;TT 4541;De 08:30 a 12:00 R0 ;08:30 ;12:00 ;0 ;0 ;03:30 ;0 ;3:30;;;0
6513 ;4824 ;TT 4542;De 19:00 a 04:00 R0 ;19:00 ;04:00 ;15 ;15 ;09:00 ;0 ;9:00;;;1
6514 ;4825 ;TT 4542;De 23:00 a 08:00 R0 ;23:00 ;08:00 ;15 ;15 ;09:00 ;0 ;9:00;;;1
6515 ;2493 ;TT_PRUEBA;De 02:00 a 10:00 ht 8 ;02:00 ;10:00 ;15 ;15 ;08:00 ;60 ;7:00;;;1
6516 ;4406 ;TT4406;De 10:30 a 20:30 R120 ;10:30 ;20:30 ;30 ;0 ;10:00 ;120 ;8:00;14:00 ;16:00 ;0
6517 ;4407 ;TT4407;De 11:00 a 21:00 R120 ;11:00 ;21:00 ;30 ;0 ;10:00 ;120 ;8:00;16:00 ;18:00 ;0
6518 ;4409 ;TT4409;De 09:00 a 20:00 R120 ;09:00 ;20:00 ;30 ;0 ;11:00 ;120 ;9:00;13:00 ;15:00 ;0
6519 ;4410 ;TT4410;De 08:30 a 19:30 R120 ;08:30 ;19:30 ;30 ;0 ;11:00 ;120 ;9:00;14:00 ;16:00 ;0
6520 ;4411 ;TT4411;De 08:00 a 19:00 R120 ;08:00 ;19:00 ;30 ;0 ;11:00 ;120 ;9:00;12:00 ;14:00 ;0
6521 ;4412 ;TT4412;De 09:00 a 13:30 ht 4.5 ;09:00 ;13:30 ;15 ;0 ;04:30 ;0 ;4:30;;;1
6522 ;4413 ;TT4413;De 05:00 a 15:00 R60 ;05:00 ;15:00 ;0 ;0 ;10:00 ;60 ;9:00;12:00 ;13:00 ;0
OFF;OFF;Descanso;De 00:00 a 00:00;00:00;00:00;0;0;00:00;0;00:00;00:00;00:00;1
